county_name,timestamp,url,inmate_id,inmate_lastname,inmate_firstname,inmate_middlename,inmate_sex,inmate_race,inmate_age,inmate_dob,inmate_address,booking_timestamp,release_timestamp,processing_numbers,agency,facility,charges,severity,bond_amount,current_status,court_dates,days_jailed,other,notes
bibb,2017-11-01 15:50:32 EST,http://www.co.bibb.ga.us/BSOInmatesOnline/BSODetail.asp?JacketID=9838&BookingID=352414,9838,KELLEY,DALE,LEE,m,black,50,1967,"3644 DAWN ST MACON, GA 31204",2017-11-01 13:10:00 EST,,,Bibb,,FAILURE TO APPEAR FOR FINGERPRINTABLE CHARGE- FELONY 17-6-12 {5014} | PROBATION VIOLATION (WHEN PROBATION TERMS ARE ALTERED) FOR FINGERPRINTABLE CHARGE - FELONY 42-8-38 {5005} | CRIMINAL TRESPASS 16-7-21 {5710},felony | felony | ,$650, |  | ,,,In Jail,
bibb,2017-11-01 15:50:32 EST,http://www.co.bibb.ga.us/BSOInmatesOnline/BSODetail.asp?JacketID=62885&BookingID=352407,62885,HUGHES,JAMES,NICHOLASJR,m,black,34,1983,"3279 O'HARA DR N MACON, GA 31206",2017-11-01 11:18:00 EST,,,Bibb,,09090 HOLD-GENERAL (SEE CMTS){09090} | THEFT BY RECEIVING STOLEN PROPERTY- FELONY 16-8-7 {2355}, | felony,$4050, | ,,,In Jail,
bibb,2017-11-01 15:50:32 EST,http://www.co.bibb.ga.us/BSOInmatesOnline/BSODetail.asp?JacketID=204370&BookingID=352416,204370,JOHNSON,LATRELL,KA'VON,m,black,17,2000,"2275 GRAY HIGHWAY (HIGHLAND HILLS APARTMENTS) APT # C-1 MACON, GA 31211",2017-11-01 14:30:00 EST,,,BOE,,CRIMINAL TRESPASS 16-7-21 {5710},,$650,,,,In Jail,
bibb,2017-11-01 15:50:32 EST,http://www.co.bibb.ga.us/BSOInmatesOnline/BSODetail.asp?JacketID=201448&BookingID=352413,201448,ETHERIDGE,JOSHUA,MICHAEL,m,white,27,1990,"475 NATHAN ROBERTS ROAD GRAY, GA 31032",2017-11-01 13:30:00 EST,,,Bibb,,05075 BENCH WAR-STATE CT{05075},,$650,,,,In Jail,
bibb,2017-11-01 15:50:32 EST,http://www.co.bibb.ga.us/BSOInmatesOnline/BSODetail.asp?JacketID=112460&BookingID=352403,112460,DAVIS,MARCUS,ANTONIO,m,black,29,1988,"2149 KNIGHTSBRIDGE ROAD MACON, GA 31211",2017-11-01,2017-11-01 13:53:00 EST,,Bibb,,THEFT BY SHOPLIFTING - MISDEMEANOR 16-8-14 {2374},misdemeanor,$650,Bond Posted,,,Released,
bibb,2017-11-01 15:50:32 EST,http://www.co.bibb.ga.us/BSOInmatesOnline/BSODetail.asp?JacketID=157408&BookingID=352408,157408,DAVIS,JAMES,ANTHONY,m,black,23,1994,"3401 HOUSTON AVE APT # J-1 MACON, GA 31206",2017-11-01 11:19:00 EST,,,Bibb,,PROBATION VIOLATION (WHEN PROBATION TERMS ARE ALTERED) FOR FINGERPRINTABLE CHARGE - FELONY 42-8-38 {5005} | BATTERY - FAMILY VIOLENCE (1ST OFFENSE) MISD 16-5-23.1(f)(1) {1319} | TRAFFIC/OFFENSE {5400} | MARIJUANA-POSSESS LESS THAN 1 OZ. 16-13-2(B) {3514},felony |  |  | ,$1560, |  |  | ,,,In Jail,
bibb,2017-11-01 15:50:32 EST,http://www.co.bibb.ga.us/BSOInmatesOnline/BSODetail.asp?JacketID=204359&BookingID=352409,204359,BOOTHE,MICHELE,NICOLE,f,white,33,1984,"2394 VINEVILLE AVE APT # 1310 MACON, GA 31204",2017-11-01,2017-11-01 15:14:00 EST,,Bibb,,09090 HOLD-GENERAL (SEE CMTS){09090},,,Charge Dropped,,,Released,
bibb,2017-11-01 15:50:32 EST,http://www.co.bibb.ga.us/BSOInmatesOnline/BSODetail.asp?JacketID=48783&BookingID=352406,48783,USSERY,RICHARD,CARLTON,m,white,37,1980,"152 W MAIN ST FORSYTH, GA 31029",2017-11-01 11:15:00 EST,,,Bibb,,THEFT BY SHOPLIFTING - MISDEMEANOR 16-8-14 {2374},misdemeanor,$650,,,,In Jail,
bibb,2017-11-01 15:50:32 EST,http://www.co.bibb.ga.us/BSOInmatesOnline/BSODetail.asp?JacketID=172124&BookingID=352401,172124,BLEDSOE,BRETT,JAMES,m,white,29,1988,"4789 HOPEWELL RD EAST MUSELLA, GA 31066",2017-11-01 01:17:00 EST,2017-11-01 04:26:00 EST,,Bibb,,05075 BENCH WAR-STATE CT{05075} | 05075 BENCH WAR-STATE CT{05075}, | ,$1950,Bond Posted | Bond Posted,,,Released,
bibb,2017-11-01 15:50:33 EST,http://www.co.bibb.ga.us/BSOInmatesOnline/BSODetail.asp?JacketID=62290&BookingID=352404,62290,SMITH,DAVID,LEONARD,m,white,35,1982,"1086 CLINTON RD APT # 1 MACON, GA 31211",2017-11-01 10:30:00 EST,,,Other,,PROBATION VIOLATION (WHEN PROBATION TERMS ARE ALTERED) FOR FINGERPRINTABLE CHARGE - FELONY 42-8-38 {5005},felony,,,,,In Jail,
bibb,2017-11-01 15:50:33 EST,http://www.co.bibb.ga.us/BSOInmatesOnline/BSODetail.asp?JacketID=171242&BookingID=352405,171242,SEWELL,JOSEPH,PHILLIP,m,white,37,1980,"440 ORANGE ST MACON, GA 31201",2017-11-01,,,Other,,PROBATION VIOLATION (WHEN PROBATION TERMS ARE ALTERED) FOR FINGERPRINTABLE CHARGE - FELONY 42-8-38 {5005},felony,,,,,In Jail,
bibb,2017-11-01 15:50:33 EST,http://www.co.bibb.ga.us/BSOInmatesOnline/BSODetail.asp?JacketID=58308&BookingID=352415,58308,MATHEWS,TAVORIS,SHERRILL,m,black,35,1982,"212 BURNS DR WARNER ROBINS, GA 31008",2017-11-01,,,Bibb,,PROBATION VIOLATION (WHEN PROBATION TERMS ARE ALTERED) FOR FINGERPRINTABLE CHARGE - FELONY 42-8-38 {5005},felony,,,,,In Jail,
bibb,2017-11-01 15:50:33 EST,http://www.co.bibb.ga.us/BSOInmatesOnline/BSODetail.asp?JacketID=76229&BookingID=352412,76229,BURKE,DEONTA,LASHAUN,m,black,36,1981,"2483 BEECH AVE MACON, GA 31204",2017-11-01 12:22:00 EST,,,Bibb,,PROBATION VIOLATION (WHEN PROBATION TERMS ARE ALTERED) FOR FINGERPRINTABLE CHARGE - FELONY 42-8-38 {5005} | CHILD MOLESTATION 16-6-4(a) {1134},felony | ,$0, | ,,,In Jail,
bibb,2017-11-01 15:50:33 EST,http://www.co.bibb.ga.us/BSOInmatesOnline/BSODetail.asp?JacketID=30841&BookingID=352410,30841,THOMPSON,GREGORY,DAVID,m,black,57,1960,"2673 CUMBERLAND DR MACON, GA 31211",2017-11-01 11:21:00 EST,,,Bibb,,CRIMINAL TRESPASS 16-7-21 {5710},,$650,,,,In Jail,
bibb,2017-11-01 15:50:33 EST,http://www.co.bibb.ga.us/BSOInmatesOnline/BSODetail.asp?JacketID=69118&BookingID=352411,69118,MOORE,QUINTIN,TERRENCE,m,black,37,1980,"2140 ADAMS AVE MACON, GA 31204",2017-11-01 13:13:00 EST,,,Bibb,,09090 HOLD-GENERAL (SEE CMTS){09090} | 05077 BENCH WAR-CHILD SUPP ENFOR{05077} | 05075 BENCH WAR-STATE CT{05075}, |  | ,, |  | ,,,In Jail,
