county_name,timestamp,url,inmate_id,inmate_lastname,inmate_firstname,inmate_middlename,inmate_sex,inmate_race,inmate_age,inmate_dob,inmate_address,booking_timestamp,release_timestamp,processing_numbers,agency,facility,charges,severity,bond_amount,current_status,court_dates,days_jailed,other,notes
dekalb,2017-11-01 15:50:22 EST,https://ody.dekalbcountyga.gov/app/ViewJailing/#/jailing/1344503,17006575,WOODS,DIAUJA,,f,Black,21,1996-07-03,"6558 ROSWELL RD , APT 1353, SANDY SPRINGS, GA 30328",2017-10-31 00:00:00 EST,1900-01-01 16:38:00 EST,SO# X1703852 | Booking Number 17006575 | Jail ID1344503 | Arrest ID 3914086,Dunwoody Police Depatment,DKSO,Headlight Violation | DRIVING WITHOUT A VALID LICENSE (MISDEMEANOR),  | misdemeanor,Cash or Surety | Cash or Surety,Bonded Out | Bonded Out,,1,,
dekalb,2017-11-01 15:50:23 EST,https://ody.dekalbcountyga.gov/app/ViewJailing/#/jailing/1344505,17006577,MCIVER,CHARON,,m,Black,35,1981-08-13,"420 COURTLAND ST, ATLANTA GA",2017-10-31 00:48:00 EST,0001-01-01 00:00:00 EST,SO# X0469153 | Booking Number 17006577 | Jail ID1344505 | Arrest ID 3914088,Chamblee Police Department,DKSO,Open Container | CONTEMPT OF STATE COURT FOR FINGERPRINTABLE CHARGE- MISDEMEANOR,  | misdemeanor,  |  ,  |  ,,1,,
dekalb,2017-11-01 15:50:23 EST,https://ody.dekalbcountyga.gov/app/ViewJailing/#/jailing/1344506,17006578,HARVEY,KEVIN,MAURICE,m,Black,35,1981-10-13,"94 OLD GLENWOOD RD, ALAMO,GA",2017-10-31 00:20:00 EST,0001-01-01 00:00:00 EST,SO# X0516637 | Booking Number 17006578 | Jail ID1344506 | Arrest ID 3914089,Chamblee Police Department,DKSO,THEFT BY SHOPLIFTING - MISDEMEANOR,misdemeanor, , ,,1,,
dekalb,2017-11-01 15:50:24 EST,https://ody.dekalbcountyga.gov/app/ViewJailing/#/jailing/1344507,17006579,WILLIAMS,AMEN-KHEM,NERI,m,Black,24,1992-06-30,"2451 OVERLOOK AVE, LITHONIA,GA",2017-10-31 00:38:00 EST,1900-01-01 21:03:00 EST,SO# X1703854 | Booking Number 17006579 | Jail ID1344507 | Arrest ID 3914090,DeKalb Police Department,DKSO,FRAUDULENT DRIVERS LICENSE OR IDENTIFICATION CARD; FALSE STATEMENTS IN APPLICATIONS, ,Cash or Surety,Released Time Served,,1,,
dekalb,2017-11-01 15:50:24 EST,https://ody.dekalbcountyga.gov/app/ViewJailing/#/jailing/1344508,17006580,BELLINGER,WILLIAM,JAMES,m,Black,26,1991-08-06,"2451 OVERLOOK AVE , LITHONIA, GA 30058",2017-10-31 00:44:00 EST,1900-01-01 17:45:00 EST,SO# X1703855 | Booking Number 17006580 | Jail ID1344508 | Arrest ID 3914091,DeKalb Police Department,DKSO,DRIVING WHILE LICENSE SUSPENDED OR REVOKED (MISDEMEANOR) | FRAUDULENT DRIVERS LICENSE OR IDENTIFICATION CARD; FALSE STATEMENTS IN APPLICATIONS | OBEDIENCE TO TRAF-CONTROL DEV,misdemeanor |   |  ,Cash or Surety | Cash or Surety | Cash or Surety,Sign Own Recognizance | Sign Own Recognizance | Sign Own Recognizance,,1,,
dekalb,2017-11-01 15:50:25 EST,https://ody.dekalbcountyga.gov/app/ViewJailing/#/jailing/1344509,17006581,WILLIAMS,GERARD,BERNARD,m,Black,44,1972-02-21,"3262 WINDSCAPE WILLIAGE LN APT A, NORCROSS, GA 30093",2017-10-31 00:41:00 EST,1900-01-01 10:29:00 EST,SO# X0063629 | Booking Number 17006581 | Jail ID1344509 | Arrest ID 3914092,DeKalb Police Department,DKSO,PROBATION VIOLATION (WHEN PROBATION TERMS ARE ALTERED) FOR FINGERPRINTABLE CHARGE - FELONY,felony, ,Released to Another Agency,,1,,
dekalb,2017-11-01 15:50:25 EST,https://ody.dekalbcountyga.gov/app/ViewJailing/#/jailing/1344510,17006582,MARQUEZ,TWANA,,f,Black,34,1982-04-27,"31 E PLEASANT ST , LONG BEACH, CA 00000",2017-10-31 01:31:00 EST,0001-01-01 00:00:00 EST,SO# X1703856 | Booking Number 17006582 | Jail ID1344510 | Arrest ID 3914093,MARTA,DKSO,PUBLIC DRUNK (LIST ON DISPOSITION WHEN SERIOUS OFFENSE IS DOWNGRADED) | SIMPLE BATTERY | WILLFUL INTERFERENCE WITH EMERGENCY MEDICAL PROFESSIONAL BY USE OF THREATS OR VIOLENCE - FELONY,  |   | felony,Cash or Surety | Cash or Surety |  ,  |   |  ,,1,,
dekalb,2017-11-01 15:50:26 EST,https://ody.dekalbcountyga.gov/app/ViewJailing/#/jailing/1344511,17006583,JERNIGAN,WALTER,K,m,Black,42,1975-08-04,"800 BARRETTO ST, BRONX,NY",2017-10-31 00:45:00 EST,0001-01-01 00:00:00 EST,SO# X1703857 | Booking Number 17006583 | Jail ID1344511 | Arrest ID 3914094,DeKalb Police Department,DKSO,Public Intoxication | Open Container,  |  ,Cash or Surety | Cash or Surety,Released Time Served | Released Time Served,,1,,
dekalb,2017-11-01 15:50:26 EST,https://ody.dekalbcountyga.gov/app/ViewJailing/#/jailing/1344512,17006584,MALDONADO,BYRON,ARISTIDES,m,White,20,1996-03-16,"2374 WIND WAY CT, NORCROSS GA",2017-10-31 00:22:00 EST,0001-01-01 00:00:00 EST,SO# X0507517 | Booking Number 17006584 | Jail ID1344512 | Arrest ID 3914095,Dunwoody Police Depatment,DKSO,"POSSESSION OF MARIJUANA, MORE THAN AN OUNCE", , , ,,1,,
dekalb,2017-11-01 15:50:26 EST,https://ody.dekalbcountyga.gov/app/ViewJailing/#/jailing/1344513,17006585,PARK,JAMIE,JIWON,f,Asian,21,1995-02-20,"3031 STONE COLUMN WAY , BUFORD, GA 30519",2017-10-31 01:46:00 EST,1900-01-01 12:07:00 EST,SO# X1703858 | Booking Number 17006585 | Jail ID1344513 | Arrest ID 3914096,Dunwoody Police Depatment,DKSO,MARIJUANA-POSSESS LESS THAN 1 OZ., ,Cash or Surety,Bonded Out,,1,,
dekalb,2017-11-01 15:50:27 EST,https://ody.dekalbcountyga.gov/app/ViewJailing/#/jailing/1344514,17006586,PIMPLETON,TIFFANY,J,f,Black,34,1983-12-02,3515 KINGSWOOD RUN DECATUR GA,2017-10-31 01:53:00 EST,1900-01-01 10:02:00 EST,SO# X1703859 | Booking Number 17006586 | Jail ID1344514 | Arrest ID 3914097,Dunwoody Police Depatment,DKSO,FAILURE TO APPEAR FOR FINGERPRINTABLE CHARGE- MISDEMEANOR,misdemeanor, ,Released to Another Agency,,1,,
dekalb,2017-11-01 15:50:28 EST,https://ody.dekalbcountyga.gov/app/ViewJailing/#/jailing/1344515,17006587,THOMAS,VERDELL,,m,Black,40,1976-09-14,"204 NEAL BLVD , LAWRENCEVILLE, GA 30046",2017-10-31 00:37:00 EST,1900-01-01 04:58:00 EST,SO# X1703860 | Booking Number 17006587 | Jail ID1344515 | Arrest ID 3914098,DeKalb Police Department,DKSO,OUT OF COUNTY (FOREIGN WARRANT), , ,Released to Another Agency,,1,,
dekalb,2017-11-01 15:50:28 EST,https://ody.dekalbcountyga.gov/app/ViewJailing/#/jailing/1344516,17006588,KANG,RANG,,f,Asian,22,1994-03-23,"1204 LAKE RIDGE LN , DUNWOODY, GA 30338",2017-10-31 02:00:00 EST,1900-01-01 12:00:00 EST,SO# X1703861 | Booking Number 17006588 | Jail ID1344516 | Arrest ID 3914099,Dunwoody Police Depatment,DKSO,MARIJUANA-POSSESS LESS THAN 1 OZ., ,Cash or Surety,Bonded Out,,1,,
dekalb,2017-11-01 15:50:28 EST,https://ody.dekalbcountyga.gov/app/ViewJailing/#/jailing/1344517,17006589,SIMPSON,KENJI,LAMONT,m,Black,24,1992-02-11,"248 ROCKYFORD RD, ATLANTA GA",2017-10-31 02:06:00 EST,1900-01-01 01:15:00 EST,SO# X0467904-1 | Booking Number 17006589 | Jail ID1344517 | Arrest ID 3914100,DeKalb County Sheriff Office,DKSO,FAILURE TO APPEAR FOR FINGERPRINTABLE CHARGE- MISDEMEANOR | FAILURE TO APPEAR FOR FINGERPRINTABLE CHARGE- MISDEMEANOR | FAILURE TO APPEAR FOR FINGERPRINTABLE CHARGE- MISDEMEANOR,misdemeanor | misdemeanor | misdemeanor,  |   |  ,Released Time Served | Released Time Served | Released Time Served,,1,,
dekalb,2017-11-01 15:50:29 EST,https://ody.dekalbcountyga.gov/app/ViewJailing/#/jailing/1344518,17006590,BOUDREAUX,TERESA,,f,Black,24,1992-11-24,194 SCENIC VIEW LN  STONE MOUNTAIN GA,2017-10-31 03:31:00 EST,1900-01-01 11:58:00 EST,SO# X1703862 | Booking Number 17006590 | Jail ID1344518 | Arrest ID 3914101,DeKalb Police Department,DKSO,FAILURE TO APPEAR FOR FINGERPRINTABLE CHARGE- MISDEMEANOR,misdemeanor, ,Released to Another Agency,,1,,
dekalb,2017-11-01 15:50:29 EST,https://ody.dekalbcountyga.gov/app/ViewJailing/#/jailing/1344519,17006591,SMITH,HARRIS,KENNETH,m,Black,34,1983-03-03,"72 BROWNS AVE, SE, ATLANTA GA 30315",2017-10-31 03:37:00 EST,1900-01-01 11:12:00 EST,SO# X0266264 | Booking Number 17006591 | Jail ID1344519 | Arrest ID 3914102,DeKalb Police Department,DKSO,FAILURE TO APPEAR FOR FINGERPRINTABLE CHARGE- FELONY,felony, ,Released to Another Agency,,1,,
dekalb,2017-11-01 15:50:31 EST,https://ody.dekalbcountyga.gov/app/ViewJailing/#/jailing/1344520,17006592,BUCKNER,KATELYN,MARIE,f,White,24,1992-05-18,"381 KELLY FARM RD, NEWNAN,GA",2017-10-31 04:03:00 EST,1900-01-01 16:57:00 EST,SO# X1703863 | Booking Number 17006592 | Jail ID1344520 | Arrest ID 3914103,Brookhaven Police Department,DKSO,DISORDERLY CONDUCT, ,Cash or Surety,Bonded Out,,1,,
dekalb,2017-11-01 15:50:31 EST,https://ody.dekalbcountyga.gov/app/ViewJailing/#/jailing/1344521,17006593,WALKER,JABBAR,JABRI,m,Black,23,1994-07-10,"4289 DANIEL DR , WINSTON, GA 30187",2017-10-31 04:09:00 EST,1900-01-01 10:19:00 EST,SO# X1703864 | Booking Number 17006593 | Jail ID1344521 | Arrest ID 3914104,Dunwoody Police Depatment,DKSO,PROBATION VIOLATION  FOR FINGERPRINTABLE CHARGE- MISDEMEANOR,misdemeanor, ,Released to Another Agency,,1,,
dekalb,2017-11-01 15:50:31 EST,https://ody.dekalbcountyga.gov/app/ViewJailing/#/jailing/1344522,17006594,SARAVIA-BENITEZ,WILFREDO,,m,Other,35,1982-12-08,UNKNOWN,2017-10-31 04:16:00 EST,0001-01-01 00:00:00 EST,SO# X1703865 | Booking Number 17006594 | Jail ID1344522 | Arrest ID 3914105,DeKalb Police Department,DKSO,PUBLIC DRUNK (LIST ON DISPOSITION WHEN SERIOUS OFFENSE IS DOWNGRADED), ,Cash or Surety,Sign Own Recognizance,,1,,
dekalb,2017-11-01 15:50:32 EST,https://ody.dekalbcountyga.gov/app/ViewJailing/#/jailing/1344523,17006595,WASHINGTON,ROCQUELLA,J,f,Black,21,1996-04-05,"1436 WATSON BLVD , APT 16, WARNER ROBINS, GA 31093",2017-10-31 04:52:00 EST,1900-01-01 21:19:00 EST,SO# X1703866 | Booking Number 17006595 | Jail ID1344523 | Arrest ID 3914106,Dunwoody Police Depatment,DKSO,DRIVING WHILE LICENSE SUSPENDED OR REVOKED (MISDEMEANOR),misdemeanor,Cash or Surety,Bonded Out,,1,,
dekalb,2017-11-01 15:50:32 EST,https://ody.dekalbcountyga.gov/app/ViewJailing/#/jailing/1344524,17006596,SMITH,ALLEN,D,m,Black,35,1982-11-10,"145 MERCER ST 3RD FLOOR, TRENTON, NJ 08611",2017-10-31 05:04:00 EST,0001-01-01 00:00:00 EST,SO# X1703867 | Booking Number 17006596 | Jail ID1344524 | Arrest ID 3914107,Dunwoody Police Depatment,DKSO,"MARIJUANA-POSSESS LESS THAN 1 OZ. | DRIVING WITHOUT A VALID LICENSE (MISDEMEANOR) | UNR VEH;NO TAG,RV DECL,OR CNTY | NO PROOF OF INSURANCE",  | misdemeanor |   |  ,Cash or Surety | Cash or Surety | Cash or Surety | Cash or Surety,  |   |   |  ,,1,,
dekalb,2017-11-01 15:50:33 EST,https://ody.dekalbcountyga.gov/app/ViewJailing/#/jailing/1344525,17006597,SATTERFIELD,CHRISTOPHER,LEE,m,Black,32,1984-07-19,471 WALDWICK T LAWRENCEVILLE GA,2017-10-31 06:49:00 EST,0001-01-01 00:00:00 EST,SO# X1703868 | Booking Number 17006597 | Jail ID1344525 | Arrest ID 3914108,Doraville Police Department,DKSO,TURN MOVEMENTS; SIGNALS REQ | TAILLIGHT VIOLATION | POSSESSION OF METHAMPHETAMINE | POSSESSION OF FIREARM OR KNIFE DURING COMMISSION OF OR ATTEMPT TO COMMIT CERTAIN FELONIES | POSSESSION AND USE OF DRUG RELATED OBJECTS,  |   |   | felony |  ,Cash or Surety | Cash or Surety |   |   | Cash or Surety,  |   |   |   |  ,,1,,
dekalb,2017-11-01 15:50:33 EST,https://ody.dekalbcountyga.gov/app/ViewJailing/#/jailing/1344526,17006598,DAVIS,ANTHONY,EDWARD,m,Black,30,1986-12-22,HOMELESS,2017-10-31 06:53:00 EST,0001-01-01 00:00:00 EST,SO# X1703869 | Booking Number 17006598 | Jail ID1344526 | Arrest ID 3914109,Doraville Police Department,DKSO,FUGITIVE FROM JUSTICE, , , ,,1,,
dekalb,2017-11-01 15:50:34 EST,https://ody.dekalbcountyga.gov/app/ViewJailing/#/jailing/1344527,17006599,WILLIS,ERIC,BERNARD,m,Black,51,1965-09-30,"3202 Treehills PKWY , Stone Mountain, GA 30088",2017-10-31 07:47:00 EST,0001-01-01 00:00:00 EST,SO# X0018018 | Booking Number 17006599 | Jail ID1344527 | Arrest ID 3914110,DeKalb County Sheriff Office,DKSO,BATTERY - FAMILY VIOLENCE (1ST OFFENSE), ,Cash or Surety, ,,1,,
dekalb,2017-11-01 15:50:34 EST,https://ody.dekalbcountyga.gov/app/ViewJailing/#/jailing/1344529,17006601,WARNER,TAVARES,DARON,m,Black,32,1984-08-18,"38 SPENCE AVENUE, NEWNAM, GA 30263",2017-10-31 09:13:00 EST,0001-01-01 00:00:00 EST,SO# X0480927 | Booking Number 17006601 | Jail ID1344529 | Arrest ID 3914112,Atlanta Police Department,DKSO,CRIMINAL TRESPASS, , , ,,1,,
dekalb,2017-11-01 15:50:35 EST,https://ody.dekalbcountyga.gov/app/ViewJailing/#/jailing/1344530,17006602,MORALES,JATASIA,,f,Black,18,1998-10-31,"2052 MARBUT FOREST DR , LITHONIA, GA 30058",2017-10-31 09:58:00 EST,0001-01-01 00:00:00 EST,SO# X1703313 | Booking Number 17006602 | Jail ID1344530 | Arrest ID 3914113,DeKalb County Schools,DKSO,"CARRYING WEAPONS WITHIN SCHOOL SAFETY ZONES, AT SCHOOL FUNCTIONS | MARIJUANA-POSSESS LESS THAN 1 OZ.",  |  ,  |  ,  |  ,,1,,
dekalb,2017-11-01 15:50:35 EST,https://ody.dekalbcountyga.gov/app/ViewJailing/#/jailing/1344531,17006603,MURRAY,TRYSTA,TEO,m,Black,21,1995-11-24,"5910 TRENT WALK DRIVE, LITHONIA, GA 30058",2017-10-31 10:09:00 EST,0001-01-01 00:00:00 EST,SO# X0509571 | Booking Number 17006603 | Jail ID1344531 | Arrest ID 3914114,DeKalb Police Department,DKSO,DRIVING WHILE LICENSE SUSPENDED OR REVOKED (MISDEMEANOR) | OBEDIENCE TO TRAF-CONTROL DEV | PROBATION VIOLATION/ LITHONIA PD/ STOP SIGN VIOLATION | PROBATION VIOLATION/ LITHONIA PD/ UNSAFE,misdemeanor |   |   |  ,Cash or Surety | Cash or Surety |   |  ,  |   |   |  ,,1,,
dekalb,2017-11-01 15:50:35 EST,https://ody.dekalbcountyga.gov/app/ViewJailing/#/jailing/1344532,17006604,MADDOX,JAROME,A,m,Black,31,1986-04-08,"524 FORK ST , STONE MOUNTAIN, GA 00000",2017-10-31 10:22:00 EST,1900-01-01 17:37:00 EST,SO# X1703871 | Booking Number 17006604 | Jail ID1344532 | Arrest ID 3914115,Pine Lake Police Department,DKSO,SUSPENDED LICENSE-PINE LAKE PD | EXPIRED TAG -PINE LAKE PD | RED LIGHT VIOLATION-PINE LAKE PD,  |   |  ,Cash or Surety | Cash or Surety | Cash or Surety,Bonded Out | Bonded Out | Bonded Out,,1,,
dekalb,2017-11-01 15:50:36 EST,https://ody.dekalbcountyga.gov/app/ViewJailing/#/jailing/1344533,17006605,OCHOA,RICHARD,EDGARDO,m,Other,27,1990-09-02,"5048 OLD DIXIE HWY, JOHNSON, GA 00000",2017-10-31 10:35:00 EST,0001-01-01 00:00:00 EST,SO# X1703872 | Booking Number 17006605 | Jail ID1344533 | Arrest ID 3914116,Decatur Police Department,DKSO,DRIVING WITHOUT A VALID LICENSE/CITY PRISONER/DECATUR PD (MISDEMEANOR) | NO PROOF OF INSURANCE/CITY PRISONER/DECATUR PD | RE OR AFFIX LIC TO CONC OR MIS/CITY PRISONER/DECATUR PD,misdemeanor |   |  ,Cash or Surety | Cash or Surety | Cash or Surety,  |   |  ,,1,,
dekalb,2017-11-01 15:50:36 EST,https://ody.dekalbcountyga.gov/app/ViewJailing/#/jailing/1344534,17006606,COLEMAN,TERRANCE,,m,Black,25,1991-12-15,"3175 TOBIE CIRCLE, APT 11, SCITTDALE, GA 30079",2017-10-31 11:05:00 EST,1900-01-01 11:45:00 EST,SO# X1703873 | Booking Number 17006606 | Jail ID1344534 | Arrest ID 3914117,DeKalb Police Department,DKSO,THEFT BY TAKING - MISDEMEANOR,misdemeanor,Cash or Surety,Charges Dropped,,1,,
dekalb,2017-11-01 15:50:37 EST,https://ody.dekalbcountyga.gov/app/ViewJailing/#/jailing/1344535,17006607,BONEY,JUSTIN,NATHANIEL,m,Black,17,1999-12-11,"3903 SNAPFINGER RD, LITHONIA GA",2017-10-31 11:13:00 EST,0001-01-01 00:00:00 EST,SO# X0517234 | Booking Number 17006607 | Jail ID1344535 | Arrest ID 3914118,DeKalb County Schools,DKSO,TERRORISTIC THREATS AND ACTS, , , ,,1,,
dekalb,2017-11-01 15:50:37 EST,https://ody.dekalbcountyga.gov/app/ViewJailing/#/jailing/1344536,17006608,Calloway,Timisha,,f,Black,23,1993-09-22,"4381 Langdon Drive, Decatur Ga",2017-10-31 11:51:00 EST,1900-01-01 21:06:00 EST,SO# X1703874 | Booking Number 17006608 | Jail ID1344536 | Arrest ID 3914120,DeKalb Police Department,DKSO,DRIVING WHILE LICENSE SUSPENDED OR REVOKED (MISDEMEANOR),misdemeanor,Cash or Surety,Bonded Out,,1,,
dekalb,2017-11-01 15:50:38 EST,https://ody.dekalbcountyga.gov/app/ViewJailing/#/jailing/1344537,17006609,GREENE,RUBI,NMN,f,Black,50,1966-04-28,"807 S CANDLER ST , DECATUR, GA 30032",2017-10-31 12:04:00 EST,1900-01-01 20:56:00 EST,SO# X1703875 | Booking Number 17006609 | Jail ID1344537 | Arrest ID 3914123,Decatur Police Department,DKSO,City Prisoner: AGG ASSAULT: DECATUR PD | City Prisoner: BATTERY FV: DECATUR PD,  |  ,  |  ,Bonded Out | Bonded Out,,1,,
dekalb,2017-11-01 15:50:38 EST,https://ody.dekalbcountyga.gov/app/ViewJailing/#/jailing/1344538,17006610,Brown,Lee,Ellen,f,White,38,1978-12-15,"1519 Brookhaven Trace, Brookhaven Ga",2017-10-31 12:13:00 EST,0001-01-01 00:00:00 EST,SO# X1703876 | Booking Number 17006610 | Jail ID1344538 | Arrest ID 3914124,Brookhaven Police Department,DKSO,BATTERY - FAMILY VIOLENCE, , ,Bonded Out,,1,,
dekalb,2017-11-01 15:50:39 EST,https://ody.dekalbcountyga.gov/app/ViewJailing/#/jailing/1344539,17006611,TILLER,JEFFERY,KEITH,m,Black,38,1979-12-09,"15 A-1 VINE ST , MONROE, GA 30655",2017-10-31 13:44:00 EST,0001-01-01 00:00:00 EST,SO# X1703877 | Booking Number 17006611 | Jail ID1344539 | Arrest ID 3914125,DeKalb County Sheriff Office,DKSO,UNAUTHORIZED USE OF FINANCIAL TRANSACTION CARD, , , ,,1,,
dekalb,2017-11-01 15:50:39 EST,https://ody.dekalbcountyga.gov/app/ViewJailing/#/jailing/1344540,17006612,WHEELER,BRADLEY,KENNETH,m,White,45,1971-12-19,"4554 Apt B Ashford Dunwoody RD, ATLANTA, GA 30319",2017-10-31 13:26:00 EST,0001-01-01 00:00:00 EST,SO# X0484814-1 | Booking Number 17006612 | Jail ID1344540 | Arrest ID 3914126,DeKalb County Sheriff Office,DKSO,FAILURE TO APPEAR FOR FINGERPRINTABLE CHARGE- MISDEMEANOR | FAILURE TO APPEAR FOR FINGERPRINTABLE CHARGE- MISDEMEANOR,misdemeanor | misdemeanor,  |  ,  |  ,,1,,
dekalb,2017-11-01 15:50:39 EST,https://ody.dekalbcountyga.gov/app/ViewJailing/#/jailing/1344541,17006613,SMITH,SHAWN,DARIN,m,Black,26,1991-07-03,"257 PINE TREE CIR , DECATUR, GA 30032",2017-10-31 12:29:00 EST,0001-01-01 00:00:00 EST,SO# X1703878 | Booking Number 17006613 | Jail ID1344541 | Arrest ID 3914127,DeKalb County Sheriff Office,DKSO,CRUELTY TO CHILDREN-DEPRIVATION OF NECESSARY SUSTENANCE - 1ST DEGREE, , , ,,1,,
dekalb,2017-11-01 15:50:40 EST,https://ody.dekalbcountyga.gov/app/ViewJailing/#/jailing/1344542,17006614,COVINGTON,MICHAEL,,m,Black,52,1965-11-10,"3906 Harvest Grove Lane, Conyers, GA 30012",2017-10-31 12:35:00 EST,1900-01-01 17:52:00 EST,SO# 6_X0055239 | Booking Number 17006614 | Jail ID1344542 | Arrest ID 3914128,DeKalb Police Department,DKSO,OUT OF COUNTY (FOREIGN WARRANT)/ Henry Co, , ,Released to Another Agency,,1,,
dekalb,2017-11-01 15:50:40 EST,https://ody.dekalbcountyga.gov/app/ViewJailing/#/jailing/1344543,17006615,OATES,TANZIA,DENISE,f,Black,25,1991-08-16,"2051 Flat Shoals RD Apt Q14, ATLANTA, GA 30313",2017-10-31 12:41:00 EST,0001-01-01 00:00:00 EST,SO# X0389150 | Booking Number 17006615 | Jail ID1344543 | Arrest ID 3914129,DeKalb Police Department,DKSO,SIMPLE ASSAULT, , , ,,1,,
dekalb,2017-11-01 15:50:40 EST,https://ody.dekalbcountyga.gov/app/ViewJailing/#/jailing/1344544,17006616,STERLING,MALIK,TERRELL,m,Black,19,1997-07-17,"846 SUSANNAH CT, LITHONIA, GA 30058",2017-10-31 13:15:00 EST,0001-01-01 00:00:00 EST,SO# X0493556-1 | Booking Number 17006616 | Jail ID1344544 | Arrest ID 3914130,DeKalb Police Department,DKSO,"ENTERING AUTOMOBILE OR OTHER MOTOR VEHICLE WITH INTENT TO COMMIT THEFT OR FELONY | ENTERING AUTOMOBILE OR OTHER MOTOR VEHICLE WITH INTENT TO COMMIT THEFT OR FELONY | CRIMINAL ATTEMPT TO COMMIT A FELONY- 16-4-1 | CRIMINAL ATTEMPT TO COMMIT A FELONY- 16-4-1 | AGGRAVATED ASSAULT | Exceeding Maximum Speed Limits | FLEEING OR ATTEMPTING TO ELUDE | POSSESSION OF MARIJUANA, MORE THAN AN OUNCE | POSSESSION OF A  FIREARM BY A CONVICTED FELON | POSS FIREARM D/ CMSN OF FEL | WILLFUL OBSTRUCTION OF LAW ENFORCEMENT OFFICERS - MISDEMEANOR | THEFT BY RECEIVING STOLEN PROPERTY- FELONY",felony | felony | felony | felony |   |   |   |   | felony | felony | misdemeanor | felony,  |   |   |   |   | Cash or Surety | Cash or Surety |   |   |   | Cash or Surety |  ,  |   |   |   |   |   |   |   |   |   |   |  ,,1,,
dekalb,2017-11-01 15:50:41 EST,https://ody.dekalbcountyga.gov/app/ViewJailing/#/jailing/1344545,17006617,bradford,huntley,,m,Black,21,1995-09-22,"6588 Bralorne Ct , Stone Mountain, GA 30087",2017-10-31 13:50:00 EST,0001-01-01 00:00:00 EST,SO# X1703879 | Booking Number 17006617 | Jail ID1344545 | Arrest ID 3914131,DeKalb County Sheriff Office,DKSO,PROBATION VIOLATION  FOR FINGERPRINTABLE CHARGE- MISDEMEANOR,misdemeanor, , ,,1,,
dekalb,2017-11-01 15:50:41 EST,https://ody.dekalbcountyga.gov/app/ViewJailing/#/jailing/1344546,17006618,TURNER,EBONEE,N,f,Black,27,1989-09-11,"6848 TIMBERCLAIR CT, LITHONIA GA",2017-10-31 13:44:00 EST,1900-01-01 15:54:00 EST,SO# X0456235 | Booking Number 17006618 | Jail ID1344546 | Arrest ID 3914132,DeKalb County Sheriff Office,DKSO,DRIVING WHILE LICENSE SUSPENDED OR REVOKED (MISDEMEANOR),misdemeanor, ,Misdemeanor Sentence,,1,,
dekalb,2017-11-01 15:50:42 EST,https://ody.dekalbcountyga.gov/app/ViewJailing/#/jailing/1344547,17006619,OROZCO-YELASQUEZ,RODELBI,,m,Other,21,1996-02-02,"2515 SHALLOWFORD RD , ATLANTA, GA 30332",2017-10-31 13:45:00 EST,1900-01-01 16:58:00 EST,SO# X1703880 | Booking Number 17006619 | Jail ID1344547 | Arrest ID 3914133,DeKalb County Sheriff Office,DKSO,DRIVING WITHOUT A VALID LICENSE (MISDEMEANOR),misdemeanor, ,Released Time Served,,1,,
dekalb,2017-11-01 15:50:42 EST,https://ody.dekalbcountyga.gov/app/ViewJailing/#/jailing/1344548,17006620,Cagle,Melanie,,f,White,37,1979-08-23,"2145 CANDLER ROAD, DECATUR, GA 00000",2017-10-31 14:19:00 EST,0001-01-01 00:00:00 EST,SO# X1703881 | Booking Number 17006620 | Jail ID1344548 | Arrest ID 3914136,DeKalb Police Department,DKSO,SIMPLE BATTERY - FAMILY VIOLENCE, , , ,,1,,
dekalb,2017-11-01 15:50:43 EST,https://ody.dekalbcountyga.gov/app/ViewJailing/#/jailing/1344549,17006621,ARTIS,DEVANTE,RASHEEM,m,Black,32,1984-05-24,"1224 DEFOOR VLG COURT, #110, ATLANTA GA",2017-10-31 14:09:00 EST,1900-01-01 10:37:00 EST,SO# X0519340 | Booking Number 17006621 | Jail ID1344549 | Arrest ID 3914137,Brookhaven Police Department,DKSO,OUT OF COUNTY : SHOPLIFTING: ATLANTA PD, , ,Released to Another Agency,,1,,
dekalb,2017-11-01 15:50:43 EST,https://ody.dekalbcountyga.gov/app/ViewJailing/#/jailing/1344550,17006622,NWOSU,IKE,ALEX,m,Black,29,1988-02-01,"6478 MARBUT RD , LIHTONIA, GA 00000",2017-10-31 14:21:00 EST,0001-01-01 00:00:00 EST,SO# X1703882 | Booking Number 17006622 | Jail ID1344550 | Arrest ID 3914138,DeKalb Police Department,DKSO,PROBATION VIOLATION -LITHONIA PD, , , ,,1,,
dekalb,2017-11-01 15:50:43 EST,https://ody.dekalbcountyga.gov/app/ViewJailing/#/jailing/1344551,17006623,BRADLEY,MATTHEW,,m,Black,39,1977-02-20,"561 West Whitehall Street SW, Atlanta, GA 00000",2017-10-31 16:49:00 EST,0001-01-01 00:00:00 EST,SO# X0507843-1 | Booking Number 17006623 | Jail ID1344551 | Arrest ID 3914139,DeKalb County Sheriff Office,DKSO,FAILURE TO APPEAL FOR TRIAL OR COURT APPEARANCE, , , ,,0,,
dekalb,2017-11-01 15:50:44 EST,https://ody.dekalbcountyga.gov/app/ViewJailing/#/jailing/1344552,17006624,FOWLER,DILLON,,m,Black,36,1981-10-02,"510 Lilburn School Rd. Unit G3, Lilburn, Ga 30047",2017-10-31 16:48:00 EST,0001-01-01 00:00:00 EST,SO# X0493999 | Booking Number 17006624 | Jail ID1344552 | Arrest ID 3914140,DeKalb County Sheriff Office,DKSO,FAILURE TO APPEAL FOR TRIAL OR COURT APPEARANCE, , , ,,0,,
dekalb,2017-11-01 15:50:44 EST,https://ody.dekalbcountyga.gov/app/ViewJailing/#/jailing/1344553,17006625,Pradel,Joshua,Patrick,m,Black,25,1992-06-05,"4047 Windy Rush DR , East Point, GA 30344",2017-10-31 14:34:00 EST,1900-01-01 11:48:00 EST,SO# X1703883 | Booking Number 17006625 | Jail ID1344553 | Arrest ID 3914141,DeKalb Police Department,DKSO,FTA/ Atlanta PD, , ,Released to Another Agency,,1,,
dekalb,2017-11-01 15:50:44 EST,https://ody.dekalbcountyga.gov/app/ViewJailing/#/jailing/1344554,17006626,Hill,Alexander,,m,Black,27,1989-09-19,"8946 Redskin TRL , Jonesboro, GA 30236",2017-10-31 14:38:00 EST,1900-01-01 19:30:00 EST,SO# X1703884 | Booking Number 17006626 | Jail ID1344554 | Arrest ID 3914142,DeKalb Police Department,DKSO,Probation Violation/ Morrow PD, , ,Other,,1,,
dekalb,2017-11-01 15:50:45 EST,https://ody.dekalbcountyga.gov/app/ViewJailing/#/jailing/1344555,17006627,LOVE,K'NADIA,DOMINIQUE,f,Black,23,1994-12-04,"6164 SAINT CHRISTOPHERS CT , LITHONIA, GA 30058",2017-10-31 15:02:00 EST,0001-01-01 00:00:00 EST,SO# X1703885 | Booking Number 17006627 | Jail ID1344555 | Arrest ID 3914143,Decatur Police Department,DKSO,THEFT BY TAKING- DECATUR PD | THEFT BY TAKING - MISDEMEANOR,  | misdemeanor,  | Cash or Surety,Charges Dropped | Sign Own Recognizance,,1,,
dekalb,2017-11-01 15:50:45 EST,https://ody.dekalbcountyga.gov/app/ViewJailing/#/jailing/1344556,17006628,WESTON-ROSE,MICHAEL,D-MAR,m,Black,27,1990-08-05,"4384 EAST DURHAM CIR, STN MTN GA",2017-10-31 15:59:00 EST,0001-01-01 00:00:00 EST,SO# X0425795 | Booking Number 17006628 | Jail ID1344556 | Arrest ID 3914144,Georgia State University,DKSO,THEFT BY TAKING - MISDEMEANOR | CRIMINAL TRESPASS,misdemeanor |  ,Surety Bond | Surety Bond,  |  ,,0,,
dekalb,2017-11-01 15:50:45 EST,https://ody.dekalbcountyga.gov/app/ViewJailing/#/jailing/1344557,17006629,FORRESTER,JAMAINE,DOMESO,m,Black,35,1982-07-08,"1557 PINE  GLEN CIR , DECATUR, GA 30035",2017-10-31 16:08:00 EST,1900-01-01 02:04:00 EST,SO# X1703886 | Booking Number 17006629 | Jail ID1344557 | Arrest ID 3914145,DeKalb Police Department,DKSO,DRIVING WHILE LICENSE SUSPENDED OR REVOKED (MISDEMEANOR),misdemeanor,Cash or Surety,Bonded Out,,0,,
dekalb,2017-11-01 15:50:46 EST,https://ody.dekalbcountyga.gov/app/ViewJailing/#/jailing/1344558,17006630,IHENACHO,CHIMAOBI,N,m,Black,29,1987-06-19,"1925 WAYCREST DR , ATLANTA, GA 00000",2017-10-31 16:15:00 EST,1900-01-01 04:22:00 EST,SO# X1703887 | Booking Number 17006630 | Jail ID1344558 | Arrest ID 3914146,Dunwoody Police Depatment,DKSO,DRIVING WHILE LICENSE SUSPENDED OR REVOKED/ CP, ,Cash or Surety,Bonded Out,,0,,
dekalb,2017-11-01 15:50:46 EST,https://ody.dekalbcountyga.gov/app/ViewJailing/#/jailing/1344559,17006631,THURMAN,MAURICE,,m,Black,30,1987-01-08,"3507 ROBINS LANDING WAY, DECATUR GA",2017-10-31 16:20:00 EST,1900-01-01 17:50:00 EST,SO# X0354736 | Booking Number 17006631 | Jail ID1344559 | Arrest ID 3914147,DeKalb Police Department,DKSO,FOREIGN WARRANT// PROBATION VIOLATION, , ,Released to Another Agency,,0,,
dekalb,2017-11-01 15:50:46 EST,https://ody.dekalbcountyga.gov/app/ViewJailing/#/jailing/1344560,17006632,SMITH,BRIAN,EVRET,m,Black,26,1990-09-20,"4015 COVINGTON  HWY, DECATUR, GA 00000",2017-10-31 16:39:00 EST,0001-01-01 00:00:00 EST,SO# X0393553 | Booking Number 17006632 | Jail ID1344560 | Arrest ID 3914148,DeKalb Police Department,DKSO,WILLFUL OBSTRUCTION OF LAW ENFORCEMENT OFFICERS - MISDEMEANOR | POSSESSION AND USE OF DRUG RELATED OBJECTS,misdemeanor |  ,Surety Bond | Surety Bond,  |  ,,0,,
dekalb,2017-11-01 15:50:47 EST,https://ody.dekalbcountyga.gov/app/ViewJailing/#/jailing/1344561,17006633,PUGH,DEMETRIUS,GREGORY,m,Black,33,1984-05-09,"1060 THORWOODE LN , STONE MOUNTAIN, GA 30083",2017-10-31 16:46:00 EST,0001-01-01 00:00:00 EST,SO# X0376561 | Booking Number 17006633 | Jail ID1344561 | Arrest ID 3914149,DeKalb Police Department,DKSO,THEFT BY SHOPLIFTING - MISDEMEANOR | CRIMINAL TRESPASS,misdemeanor |  ,Surety Bond | Surety Bond,  |  ,,0,,
dekalb,2017-11-01 15:50:48 EST,https://ody.dekalbcountyga.gov/app/ViewJailing/#/jailing/1344562,17006634,davis,romel,,m,Black,25,1991-10-11,"2192 fall creek , loganville, GA 30052",2017-10-31 17:54:00 EST,0001-01-01 00:00:00 EST,SO# X1703888 | Booking Number 17006634 | Jail ID1344562 | Arrest ID 3914150,DeKalb County Sheriff Office,DKSO,Exceeding Maximum Speed Limits, , , ,,0,,
dekalb,2017-11-01 15:50:48 EST,https://ody.dekalbcountyga.gov/app/ViewJailing/#/jailing/1344563,17006635,LOWE,YVONNE,NICOLE,f,Black,37,1980-01-08,"1602 TREE HOUSE PKWY, NORCROSS  GA",2017-10-31 17:24:00 EST,0001-01-01 00:00:00 EST,SO# X0508163 | Booking Number 17006635 | Jail ID1344563 | Arrest ID 3914151,Georgia State Patrol,DKSO,THEFT BY CONVERSION - FELONY,felony, , ,,0,,
dekalb,2017-11-01 15:50:49 EST,https://ody.dekalbcountyga.gov/app/ViewJailing/#/jailing/1344564,17006636,CARLOS,TALEAH,,f,Black,19,1997-11-22,"153 INDIAN LAKE DR , MORROW, GA 30260",2017-10-31 18:46:00 EST,0001-01-01 00:00:00 EST,SO# X0496976-1 | Booking Number 17006636 | Jail ID1344564 | Arrest ID 3914152,DeKalb County Sheriff Office,DKSO,FAILURE TO APPEAR FOR- FELONY,felony, , ,,0,,
dekalb,2017-11-01 15:50:50 EST,https://ody.dekalbcountyga.gov/app/ViewJailing/#/jailing/1344565,17006637,castan,refugio,,m,Other,46,1970-02-26,"3214 E Valley Bluff Drive , Doraville, GA 30341",2017-10-31 17:57:00 EST,1900-01-01 18:49:00 EST,SO# X1703889 | Booking Number 17006637 | Jail ID1344565 | Arrest ID 3914153,DeKalb County Sheriff Office,DKSO,DRIVING WITHOUT A VALID LICENSE (MISDEMEANOR),misdemeanor, ,Released Time Served,,0,,
dekalb,2017-11-01 15:50:51 EST,https://ody.dekalbcountyga.gov/app/ViewJailing/#/jailing/1344566,17006638,Lawrence,Otis,Dearon,m,Black,63,1953-03-20,"3310 Casa Linda Dr, Decatur, Ga  30032",2017-10-31 17:41:00 EST,0001-01-01 00:00:00 EST,SO# X1703890 | Booking Number 17006638 | Jail ID1344566 | Arrest ID 3914154,DeKalb Police Department,DKSO,THEFT BY SHOPLIFTING - MISDEMEANOR,misdemeanor,Cash or Surety,Bonded Out,,0,,
dekalb,2017-11-01 15:50:51 EST,https://ody.dekalbcountyga.gov/app/ViewJailing/#/jailing/1344567,17006639,Vasquez,Cesar,Hernandez,m,Other,24,1993-12-02,"111 E Lake Drive , Doraville, GA 30341",2017-10-31 17:56:00 EST,1900-01-01 18:56:00 EST,SO# X1703891 | Booking Number 17006639 | Jail ID1344567 | Arrest ID 3914155,DeKalb County Sheriff Office,DKSO,DRIVING WITHOUT A VALID LICENSE (MISDEMEANOR),misdemeanor, ,Released Time Served,,0,,
dekalb,2017-11-01 15:50:52 EST,https://ody.dekalbcountyga.gov/app/ViewJailing/#/jailing/1344568,17006640,Henry,Betty,Joe,f,Black,40,1976-05-13,"3314 Covington Dr, Apt B, Decatur, Ga 30032",2017-10-31 17:51:00 EST,0001-01-01 00:00:00 EST,SO# X1703892 | Booking Number 17006640 | Jail ID1344568 | Arrest ID 3914156,DeKalb Police Department,DKSO,POSSESSION OF COCAINE, , , ,,0,,
dekalb,2017-11-01 15:50:52 EST,https://ody.dekalbcountyga.gov/app/ViewJailing/#/jailing/1344569,17006641,Williams,Diamond,Tashay,f,Black,22,1995-04-04,1948 Long Dr,2017-10-31 17:59:00 EST,0001-01-01 00:00:00 EST,SO# X1703893 | Booking Number 17006641 | Jail ID1344569 | Arrest ID 3914157,DeKalb Police Department,DKSO,"GIVING FALSE NAME, ADDRESS, OR BIRTHDATE TO LAW ENFORCEMENT OFFICER", ,Cash or Surety, ,,0,,
dekalb,2017-11-01 15:50:53 EST,https://ody.dekalbcountyga.gov/app/ViewJailing/#/jailing/1344570,17006642,Gaspar-Alvarado,Marisol,,f,White,35,1982-06-05,"1399 N Cliff Valley Way    #C, Brookhaven, GA",2017-10-31 18:08:00 EST,0001-01-01 00:00:00 EST,SO# X1703894 | Booking Number 17006642 | Jail ID1344570 | Arrest ID 3914159,Brookhaven Police Department,DKSO,City Prisoner/Brookhaven Pd/ DUI, , , ,,0,,
dekalb,2017-11-01 15:50:53 EST,https://ody.dekalbcountyga.gov/app/ViewJailing/#/jailing/1344571,17006643,Adams,Jessica,d,f,White,34,1983-11-07,"1124 DEKALB AVE NE, UNIT 25, ATLANTA, GA 30307",2017-10-31 18:50:00 EST,0001-01-01 00:00:00 EST,SO# X1700153 | Booking Number 17006643 | Jail ID1344571 | Arrest ID 3914160,DeKalb County Sheriff Office,DKSO,ENTERING AUTOMOBILE OR OTHER MOTOR VEHICLE WITH INTENT TO COMMIT THEFT OR FELONY | THEFT BY TAKING - FELONY,felony | felony,  |  ,  |  ,,0,,
dekalb,2017-11-01 15:50:53 EST,https://ody.dekalbcountyga.gov/app/ViewJailing/#/jailing/1344572,17006644,Lewis,Eric,,m,Black,16,2000-09-25,"4100 Glenwood Rd, Decatur, Ga",2017-10-31 18:27:00 EST,0001-01-01 00:00:00 EST,SO# X1703895 | Booking Number 17006644 | Jail ID1344572 | Arrest ID 3914163,DeKalb Police Department,DKSO,ARMED ROBBERY, , , ,,0,,
dekalb,2017-11-01 15:50:54 EST,https://ody.dekalbcountyga.gov/app/ViewJailing/#/jailing/1344573,17006645,Hill,Johanna,Denise,f,Black,57,1959-02-18,"6119 Citico River Lane, Union City, Ga 30291",2017-10-31 18:41:00 EST,1900-01-01 08:14:00 EST,SO# X1703896 | Booking Number 17006645 | Jail ID1344573 | Arrest ID 3914164,DeKalb Police Department,DKSO,POSSESSION OF COCAINE, , ,Sign Own Recognizance,,0,,
dekalb,2017-11-01 15:50:54 EST,https://ody.dekalbcountyga.gov/app/ViewJailing/#/jailing/1344574,17006646,krause,Robert,,m,White,59,1957-07-25,"888 WHITE PINE RD APT# A, DECATUR, GA 30032",2017-10-31 19:19:00 EST,1900-01-01 10:24:00 EST,SO# X1703897 | Booking Number 17006646 | Jail ID1344574 | Arrest ID 3914165,DeKalb County Sheriff Office,DKSO,FOREIGN WARRANT/GWINNETT CO SO/FORGERY, , ,Released to Another Agency,,0,,
dekalb,2017-11-01 15:50:55 EST,https://ody.dekalbcountyga.gov/app/ViewJailing/#/jailing/1344575,17006647,WHYTE,TEVIN,,m,Black,22,1994-06-11,"1818 SPRING HILL CIRCLE, LITHONIA GA",2017-10-31 19:57:00 EST,0001-01-01 00:00:00 EST,SO# X0508856 | Booking Number 17006647 | Jail ID1344575 | Arrest ID 3914166,Georgia State University,DKSO,THEFT BY TAKING - MISDEMEANOR | FINANCIAL TRANSACTION CARD FRAUD | CRIMINAL TRESPASS | THEFT BY TAKING - MISDEMEANOR | FINANCIAL TRANSACTION CARD FRAUD | CRIMINAL TRESPASS | FINANCIAL TRANSACTION CARD FRAUD,misdemeanor |   |   | misdemeanor |   |   |  ,Surety Bond |   | Surety Bond | Surety Bond |   | Surety Bond |  ,  |   | Charges Dropped |   |   | Charges Dropped |  ,,0,,
dekalb,2017-11-01 15:50:55 EST,https://ody.dekalbcountyga.gov/app/ViewJailing/#/jailing/1344576,17006648,Hunt,Christian,Kwan,m,Black,16,2000-05-12,unknown,2017-10-31 20:19:00 EST,0001-01-01 00:00:00 EST,SO# X1703898 | Booking Number 17006648 | Jail ID1344576 | Arrest ID 3914167,DeKalb Police Department,DKSO,"GIVING FALSE NAME, ADDRESS, OR BIRTHDATE TO LAW ENFORCEMENT OFFICER", ,Cash or Surety,Bonded Out,,0,,
dekalb,2017-11-01 15:50:56 EST,https://ody.dekalbcountyga.gov/app/ViewJailing/#/jailing/1344577,17006649,ADAMS,STEPHEN,,m,Black,48,1968-04-19,"6035 WINTERGREEN RD., NORCROSS, GA 30021",2017-10-31 20:28:00 EST,0001-01-01 00:00:00 EST,SO# X0114251 | Booking Number 17006649 | Jail ID1344577 | Arrest ID 3914168,DeKalb Police Department,DKSO,DRIVING WHILE LICENSE SUSPENDED OR REVOKED (MISDEMEANOR),misdemeanor,Cash or Surety, ,,0,,
dekalb,2017-11-01 15:50:56 EST,https://ody.dekalbcountyga.gov/app/ViewJailing/#/jailing/1344578,17006650,ROBERTSON,KENNETH,,m,White,47,1969-02-21,"02045 SKYLAND GLEN DR, SNELLVILLE GA",2017-10-31 20:37:00 EST,0001-01-01 00:00:00 EST,SO# X0186824 | Booking Number 17006650 | Jail ID1344578 | Arrest ID 3914169,Dunwoody Police Depatment,DKSO,Gwinnett Co So/ Probation Violation | THEFT BY SHOPLIFTING - MISDEMEANOR,  | misdemeanor,  | Cash or Surety,Charges Dropped |  ,,0,,
dekalb,2017-11-01 15:50:57 EST,https://ody.dekalbcountyga.gov/app/ViewJailing/#/jailing/1344579,17006651,WILCOXSON,DANNY,LAMAR,m,Black,29,1988-11-10,"3545 BROOKSTONE WAY, UNION CITY GA",2017-10-31 20:40:00 EST,1900-01-01 11:00:00 EST,SO# X0482639 | Booking Number 17006651 | Jail ID1344579 | Arrest ID 3914170,Department of Corrections,DKSO,Fulton Co So/ Contempt of Court, , ,Released to Another Agency,,0,,
dekalb,2017-11-01 15:50:58 EST,https://ody.dekalbcountyga.gov/app/ViewJailing/#/jailing/1344580,17006652,SHABAZZ,HANIF,ZAKARIYA,m,Black,24,1992-10-27,"2484 FIELD SPRING DRIVE, LITHONIA GA",2017-10-31 21:02:00 EST,1900-01-01 09:30:00 EST,SO# X0462391 | Booking Number 17006652 | Jail ID1344580 | Arrest ID 3914171,DeKalb Police Department,DKSO,FOREIGN WARRANT/DOUGLASVILLE PD/MARIJUANA POSS, , ,Released to Another Agency,,0,,
dekalb,2017-11-01 15:50:58 EST,https://ody.dekalbcountyga.gov/app/ViewJailing/#/jailing/1344581,17006653,WISE,BRANDON,MICHAEL,m,Black,31,1985-06-22,"3324 EASTMONT LANE, LITHONIA, GA 30038",2017-10-31 21:08:00 EST,0001-01-01 00:00:00 EST,SO# X0503598 | Booking Number 17006653 | Jail ID1344581 | Arrest ID 3914172,DeKalb Police Department,DKSO,DRIVING WHILE LICENSE SUSPENDED OR REVOKED (MISDEMEANOR),misdemeanor,Cash or Surety,Bonded Out,,0,,
dekalb,2017-11-01 15:50:59 EST,https://ody.dekalbcountyga.gov/app/ViewJailing/#/jailing/1344582,17006654,BULLOCK,DEVIN,,m,Black,54,1962-06-26,"1916 N 5th Street, HARRISBURG PA",2017-10-31 22:01:00 EST,0001-01-01 00:00:00 EST,SO# X0305190 | Booking Number 17006654 | Jail ID1344582 | Arrest ID 3914173,DeKalb County Sheriff Office,DKSO,MURDER, , , ,,0,,
dekalb,2017-11-01 15:50:59 EST,https://ody.dekalbcountyga.gov/app/ViewJailing/#/jailing/1344583,17006655,Brown,Hidiyah,,f,Black,21,1995-09-16,"4099 Sautee Trl, Conley, Ga",2017-10-31 21:21:00 EST,0001-01-01 00:00:00 EST,SO# X1703899 | Booking Number 17006655 | Jail ID1344583 | Arrest ID 3914174,DeKalb Police Department,DKSO,THEFT BY SHOPLIFTING - MISDEMEANOR,misdemeanor,Cash or Surety, ,,0,,
dekalb,2017-11-01 15:51:00 EST,https://ody.dekalbcountyga.gov/app/ViewJailing/#/jailing/1344584,17006656,Hillmon,Brandon,Devon,m,Black,23,1993-09-24,"6327 Klondike River Rd, Lithonia, Ga",2017-10-31 21:29:00 EST,1900-01-01 10:52:00 EST,SO# X1703900 | Booking Number 17006656 | Jail ID1344584 | Arrest ID 3914176,DeKalb Police Department,DKSO,FOREIGN WARRANT/Clayton Co PD/Probation Violation, , ,Released to Another Agency,,0,,
dekalb,2017-11-01 15:51:00 EST,https://ody.dekalbcountyga.gov/app/ViewJailing/#/jailing/1344585,17006657,Gray,Sarah,Marie,f,Black,24,1993-02-05,"1286 Silver Hill Rd, Stn Mtn, Ga 30087",2017-10-31 21:37:00 EST,0001-01-01 00:00:00 EST,SO# X1703901 | Booking Number 17006657 | Jail ID1344585 | Arrest ID 3914177,Brookhaven Police Department,DKSO,BATTERY - FAMILY VIOLENCE (1ST OFFENSE) | BATTERY,  |  ,  |  ,  |  ,,0,,
dekalb,2017-11-01 15:51:00 EST,https://ody.dekalbcountyga.gov/app/ViewJailing/#/jailing/1344586,17006658,Habersham,Tajana,,f,Black,21,1996-01-07,"265 Plantation Rd, Fayetteville, Ga 30214",2017-10-31 21:43:00 EST,1900-01-01 14:17:00 EST,SO# X1703902 | Booking Number 17006658 | Jail ID1344586 | Arrest ID 3914178,Brookhaven Police Department,DKSO,BATTERY - FAMILY VIOLENCE (1ST OFFENSE), , ,Bonded Out,,0,,
dekalb,2017-11-01 15:51:01 EST,https://ody.dekalbcountyga.gov/app/ViewJailing/#/jailing/1344587,17006659,Cloud,Noni,Adanna,f,Black,20,1996-03-15,"848  Corinth Dr, Jonesboro, Ga",2017-10-31 21:46:00 EST,0001-01-01 00:00:00 EST,SO# X1703903 | Booking Number 17006659 | Jail ID1344587 | Arrest ID 3914179,Brookhaven Police Department,DKSO,BATTERY, ,Cash or Surety,Bonded Out,,0,,
dekalb,2017-11-01 15:51:01 EST,https://ody.dekalbcountyga.gov/app/ViewJailing/#/jailing/1344588,17006660,Price,Kevin,R.,m,Black,37,1979-12-27,"1075 N. Harrison Rd, Stone Mountain, GA 30083",2017-10-31 22:06:00 EST,0001-01-01 00:00:00 EST,SO# X1703904 | Booking Number 17006660 | Jail ID1344588 | Arrest ID 3914180,DeKalb Police Department,DKSO,DRIVING WITHOUT A VALID LICENSE (MISDEMEANOR),misdemeanor,Cash or Surety,Released to Probation or Reinstated,,0,,
dekalb,2017-11-01 15:51:02 EST,https://ody.dekalbcountyga.gov/app/ViewJailing/#/jailing/1344589,17006661,Hill,Desmond,Kawan,m,Black,18,1998-09-17,"3266 Mystic Drive, Decatur",2017-10-31 22:15:00 EST,0001-01-01 00:00:00 EST,SO# X1703905 | Booking Number 17006661 | Jail ID1344589 | Arrest ID 3914181,MARTA,DKSO,CERTAIN ACTS ON PUBLIC TRANSIT | WILLFUL OBSTRUCTION OF LAW ENFORCEMENT OFFICERS - MISDEMEANOR,  | misdemeanor,Cash or Surety | Cash or Surety,Bonded Out | Bonded Out,,0,,
dekalb,2017-11-01 15:51:02 EST,https://ody.dekalbcountyga.gov/app/ViewJailing/#/jailing/1344591,17006663,BENNETT,SHAQUAN,LIONEL,m,Black,37,1979-10-26,"106 BREMER ST , FAYETTEVILLE, NC 00000",2017-10-31 22:32:00 EST,0001-01-01 00:00:00 EST,SO# X1703906 | Booking Number 17006663 | Jail ID1344591 | Arrest ID 3914184,DeKalb Police Department,DKSO,"DRIVING WHILE LICENSE SUSPENDED OR REVOKED (MISDEMEANOR) | MARIJUANA-POSSESS LESS THAN 1 OZ. | UNR VEH;NO TAG,RV DECL,OR CNTY",misdemeanor |   |  ,Surety Bond | Surety Bond | Surety Bond,  |   |  ,,0,,
dekalb,2017-11-01 15:51:02 EST,https://ody.dekalbcountyga.gov/app/ViewJailing/#/jailing/1344592,17006664,SMITH,CORTEZ,,m,Black,28,1988-12-18,"UNKNOWN, STONE MTN, GA 30083",2017-10-31 22:48:00 EST,0001-01-01 00:00:00 EST,SO# X1703907 | Booking Number 17006664 | Jail ID1344592 | Arrest ID 3914185,DeKalb Police Department,DKSO,DISORDERLY CONDUCT, ,Surety Bond, ,,0,,
dekalb,2017-11-01 15:51:03 EST,https://ody.dekalbcountyga.gov/app/ViewJailing/#/jailing/1344593,17006665,WILLIAMSON,ROY,VESHON,m,Black,37,1979-02-22,"3973 HILLARY GLEN, ELLENWOOD, GA 30294",2017-10-31 22:51:00 EST,1900-01-01 14:42:00 EST,SO# X0271431 | Booking Number 17006665 | Jail ID1344593 | Arrest ID 3914186,DeKalb Police Department,DKSO,Public Intoxication, ,Surety Bond,Released Time Served,,0,,
dekalb,2017-11-01 15:51:03 EST,https://ody.dekalbcountyga.gov/app/ViewJailing/#/jailing/1344594,17006666,PITTS,SHAQUITA,,f,Black,30,1986-08-15,"3839 NORTHSTRAND DR, DECATUR, GA 30035",2017-10-31 23:23:00 EST,0001-01-01 00:00:00 EST,SO# X1703908 | Booking Number 17006666 | Jail ID1344594 | Arrest ID 3914188,DeKalb County Sheriff Office,DKSO,BATTERY | SIMPLE ASSAULT,  |  ,Cash or Surety |  ,  |  ,,0,,
dekalb,2017-11-01 15:51:04 EST,https://ody.dekalbcountyga.gov/app/ViewJailing/#/jailing/1344595,17006667,Edwards,Keith,,m,Black,21,1995-06-28,2800 FIELD SPRING DR LITHONIA GA,2017-10-31 23:06:00 EST,0001-01-01 00:00:00 EST,SO# X1703909 | Booking Number 17006667 | Jail ID1344595 | Arrest ID 3914189,DeKalb Police Department,DKSO,CRIMINAL TRESPASS, , , ,,0,,
dekalb,2017-11-01 15:51:04 EST,https://ody.dekalbcountyga.gov/app/ViewJailing/#/jailing/1344596,17006668,Poston,Jennifer,,m,Black,24,1992-06-22,UNKNOWN,2017-10-31 23:58:00 EST,0001-01-01 00:00:00 EST,SO# X1703910 | Booking Number 17006668 | Jail ID1344596 | Arrest ID 3914190,DeKalb Police Department,DKSO,DISORDERLY CONDUCT, ,Cash or Surety,Released Time Served,,0,,
dekalb,2017-11-01 15:51:05 EST,https://ody.dekalbcountyga.gov/app/ViewJailing/#/jailing/1344597,17006669,Powell,Brandon,S,m,Black,34,1982-03-23,671 GARDEN WALK DR STONE MTN GA,2017-10-31 23:46:00 EST,0001-01-01 00:00:00 EST,SO# X1703911 | Booking Number 17006669 | Jail ID1344597 | Arrest ID 3914191,DeKalb Police Department,DKSO,DRIVING WHILE LICENSE SUSPENDED OR REVOKED (MISDEMEANOR) | NO PROOF OF INSURANCE,misdemeanor |  ,Cash or Surety | Cash or Surety,Sign Own Recognizance | Sign Own Recognizance,,0,,
dekalb,2017-11-01 15:51:06 EST,https://ody.dekalbcountyga.gov/app/ViewJailing/#/jailing/1344598,17006670,Robinson,Michael,,m,Black,41,1976-01-06,"5504 Downs Way, Lithonia, Ga",2017-10-31 23:54:00 EST,0001-01-01 00:00:00 EST,SO# X1703912 | Booking Number 17006670 | Jail ID1344598 | Arrest ID 3914192,DeKalb Police Department,DKSO,THEFT BY RECEIVING STOLEN PROPERTY- FELONY | RE OR AFFIX LIC TO CONC OR MIS | DRIVING WITHOUT A VALID LICENSE (MISDEMEANOR) | FLEEING OR ATTEMPTING TO ELUDE | DRIVING WHILE LICENSE SUSPENDED OR REVOKED (MISDEMEANOR) | MARIJUANA-POSSESS LESS THAN 1 OZ.,felony |   | misdemeanor |   | misdemeanor |  ,  | Cash or Surety | Cash or Surety | Cash or Surety |   |  ,  |   | Charges Dropped |   |   |  ,,0,,
