county_name,timestamp,url,inmate_id,inmate_lastname,inmate_firstname,inmate_middlename,inmate_sex,inmate_race,inmate_age,inmate_dob,inmate_address,booking_timestamp,release_timestamp,processing_numbers,agency,facility,charges,severity,bond_amount,current_status,court_dates,days_jailed,other,notes
bibb,2017-11-12 19:50:36 EST,http://www.co.bibb.ga.us/BSOInmatesOnline/BSODetail.asp?JacketID=66322&BookingID=352615,66322,WALTON,TERESA,QUANTAE,f,black,31,1986,"1121 HARTLEY STREET MACON, GA 31206",2017-11-12 06:20:00 EST,,,Bibb,,"GIVING FALSE NAME, ADDRESS, OR BIRTHDATE TO LAW ENFORCEMENT OFFICER 16-10-25 {4864} | PROBATION VIOLATION (WHEN PROBATION TERMS ARE ALTERED) FOR FINGERPRINTABLE CHARGE - MISDEMEANOR 42-8-38 {5002} | DUI - DRIVING UNDER THE INFLUENCE OF ALCOHOL 40-6-391(A)(1) {5404}", | misdemeanor | ,$2500, |  | ,,,In Jail,
bibb,2017-11-12 19:50:36 EST,http://www.co.bibb.ga.us/BSOInmatesOnline/BSODetail.asp?JacketID=204547&BookingID=352616,204547,GISIN,WILL,,m,white,24,1993,"1955 BROADWAY MACON, GA 31201",2017-11-12 10:28:00 EST,,,Bibb,,THEFT BY SHOPLIFTING - MISDEMEANOR 16-8-14 {2374},misdemeanor,$650,,,,In Jail,
bibb,2017-11-12 19:50:36 EST,http://www.co.bibb.ga.us/BSOInmatesOnline/BSODetail.asp?JacketID=204548&BookingID=352619,204548,CARTER,RONNIE,BENJR,m,black,21,1996,"2574 DELANO DR MACON, GA 31204",2017-11-12 16:05:00 EST,,,Bibb,,THEFT BY SHOPLIFTING - MISDEMEANOR 16-8-14 {2374},misdemeanor,$650,,,,In Jail,
bibb,2017-11-12 19:50:36 EST,http://www.co.bibb.ga.us/BSOInmatesOnline/BSODetail.asp?JacketID=204549&BookingID=352620,204549,BAGGETT,ALBERT,,m,black,46,1971,"105 GOVERNOR COURT APT 26 ELIZABETH TOWN, KY 42701",2017-11-12,,,Other,,09090 HOLD-GENERAL (SEE CMTS){09090},,,,,,In Jail,
bibb,2017-11-12 19:50:36 EST,http://www.co.bibb.ga.us/BSOInmatesOnline/BSODetail.asp?JacketID=204546&BookingID=352614,204546,MIDDLEBROOK,RIANN,TENNILL,f,black,32,1985,"1121 HARTLEY STREET MACON, GA 31206",2017-11-12 06:20:00 EST,2017-11-12 09:34:00 EST,,Bibb,,DUI - DRIVING UNDER THE INFLUENCE OF ALCOHOL 40-6-391(A)(1) {5404},,$0,Other/See Comments,,,Released,
bibb,2017-11-12 19:50:36 EST,http://www.co.bibb.ga.us/BSOInmatesOnline/BSODetail.asp?JacketID=190182&BookingID=352617,190182,POSEY,CRISTINA,MARIE,f,white,33,1984,"712 NORTH CONFEDERATE DR MACON, GA 31220",2017-11-12 12:40:00 EST,,,Bibb,,05085 BOND SURRENDER-STATE CT{05085} | THEFT BY SHOPLIFTING - FELONY 16-8-14 {2375} | 05075 BENCH WAR-STATE CT{05075}, | felony | ,$3800, |  | ,,,In Jail,
bibb,2017-11-12 19:50:36 EST,http://www.co.bibb.ga.us/BSOInmatesOnline/BSODetail.asp?JacketID=204550&BookingID=352621,204550,TAYLOR,JARVIS,TERENCE,m,black,48,1969,"47 FAIR HAVEN WAY SMYRNA, GA 30080",2017-11-12,,,Other,,09090 HOLD-GENERAL (SEE CMTS){09090},,,,,,In Jail,
bibb,2017-11-12 19:50:36 EST,http://www.co.bibb.ga.us/BSOInmatesOnline/BSODetail.asp?JacketID=204544&BookingID=352612,204544,BERRY,QUINTAVIOUS,DARNELL,m,black,23,1994,"1501 MERCER UNIVERSITY DRIVE MACON, GA 31207",2017-11-12 00:50:00 EST,2017-11-12 07:28:00 EST,,Bibb,,DUI - DRIVING UNDER THE INFLUENCE OF DRUGS 40-6-391(A)(2) {5405},,$1850,Bond Posted,,,Released,
bibb,2017-11-12 19:50:36 EST,http://www.co.bibb.ga.us/BSOInmatesOnline/BSODetail.asp?JacketID=204545&BookingID=352613,204545,BROWN,TUPACH,SHAKOREY,m,black,21,1996,"734 FOREST LAKE DR MACON, GA 31210",2017-11-12 03:07:00 EST,2017-11-12 17:27:00 EST,,GSP,,TRAFFIC/MOTOR VEHICLE OFFENSE {5499} | DUI - DRIVING UNDER THE INFLUENCE OF ALCOHOL 40-6-391(A)(1) {5404}, | ,$2110,Bond Posted | Bond Posted,,,Released,
bibb,2017-11-12 19:50:37 EST,http://www.co.bibb.ga.us/BSOInmatesOnline/BSODetail.asp?JacketID=83841&BookingID=352618,83841,AVERY,MICHAEL,FRANKII,m,white,28,1989,"204 CLAYSTONE CT MACON, GA 31216",2017-11-12 12:46:00 EST,,,Bibb,,THEFT BY SHOPLIFTING - FELONY 16-8-14 {2375},felony,$1850,,,,In Jail,
