county_name,timestamp,url,inmate_id,inmate_lastname,inmate_firstname,inmate_middlename,inmate_sex,inmate_race,inmate_age,inmate_dob,inmate_address,booking_timestamp,release_timestamp,processing_numbers,agency,facility,charges,severity,bond_amount,current_status,court_dates,days_jailed,other,notes
bibb,2017-11-11 19:50:28 EST,http://www.co.bibb.ga.us/BSOInmatesOnline/BSODetail.asp?JacketID=65283&BookingID=352604,65283,WILLIAMS,DEANDRE,DESHAE,m,black,37,1980,"1282 ROCKY CREEK RD MACON, GA 31206",2017-11-11 15:20:00 EST,,,Bibb,,HARASSING PHONE CALLS 16-11-39.1 {5309} | AGGRAVATED ASSAULT 16-5-21 {1318}, | ,$650, | ,,,In Jail,
bibb,2017-11-11 19:50:28 EST,http://www.co.bibb.ga.us/BSOInmatesOnline/BSODetail.asp?JacketID=187010&BookingID=352605,187010,HOWARD,DEQUAVIOUS,JAMAL,m,black,17,2000,"3866 MYRTLE COURT MACON, GA 31206",2017-11-11 12:10:00 EST,,,Bibb,,AGGRAVATED ASSAULT 16-5-21 {1318},,$27700,,,,In Jail,
bibb,2017-11-11 19:50:28 EST,http://www.co.bibb.ga.us/BSOInmatesOnline/BSODetail.asp?JacketID=68634&BookingID=352606,68634,DOUGLAS,ANTHONY,,m,black,31,1986,"210 ELM DUBLIN, GA",2017-11-11 12:18:00 EST,,,Bibb,,PROBATION VIOLATION (WHEN PROBATION TERMS ARE ALTERED) FOR FINGERPRINTABLE CHARGE - FELONY 42-8-38 {5005},felony,,,,,In Jail,
bibb,2017-11-11 19:50:28 EST,http://www.co.bibb.ga.us/BSOInmatesOnline/BSODetail.asp?JacketID=204542&BookingID=352602,204542,WALKER,MARQUAVIAS,MALIK,m,black,25,1992,"552 OLD LUNDY ROAD MACON, GA 31210",2017-11-11 04:45:00 EST,2017-11-11 12:33:00 EST,,Bibb,,05075 BENCH WAR-STATE CT{05075},,$1300,Charge Dropped,,,Released,
bibb,2017-11-11 19:50:28 EST,http://www.co.bibb.ga.us/BSOInmatesOnline/BSODetail.asp?JacketID=4579&BookingID=352607,4579,HICKS,KENNETH,RAY,m,black,55,1962,"371 EDWARDS AVE MACON, GA 31204",2017-11-11 13:21:00 EST,,,Bibb,,05086 BOND SURRENDER-SUP CT{05086} | THEFT BY SHOPLIFTING - MISDEMEANOR 16-8-14 {2374}, | misdemeanor,$2500, | ,,,In Jail,
bibb,2017-11-11 19:50:28 EST,http://www.co.bibb.ga.us/BSOInmatesOnline/BSODetail.asp?JacketID=32365&BookingID=352598,32365,NIXON,ROBERT,WILLAM,m,white,49,1968,"30 WHISPERING CIRCLE BYRON, GA 31008",2017-11-11 23:41:00 EST,2017-11-11 05:24:00 EST,,Bibb,,DUI - DRIVING UNDER THE INFLUENCE OF ALCOHOL 40-6-391(A)(1) {5404},,$1850,Bond Posted,,,Released,
bibb,2017-11-11 19:50:28 EST,http://www.co.bibb.ga.us/BSOInmatesOnline/BSODetail.asp?JacketID=151275&BookingID=352608,151275,FORDHAM,KENNETH,CORDALEIII,m,black,29,1988,"2452 ADGER ROAD MACON, GA 31206",2017-11-11 15:20:00 EST,,,GSP,,DUI - DRIVING UNDER THE INFLUENCE OF ALCOHOL 40-6-391(A)(1) {5404} | TRAFFIC/MOTOR VEHICLE OFFENSE {5499} | TRAFFIC/MOTOR VEHICLE OFFENSE {5499}, |  | ,$2370, |  | ,,,In Jail,
bibb,2017-11-11 19:50:28 EST,http://www.co.bibb.ga.us/BSOInmatesOnline/BSODetail.asp?JacketID=73823&BookingID=352603,73823,NOWELL,ALLEN,MICHAEL,m,white,35,1982,"5600 HAWKINSVILLE ROAD LOT 44 MACON, GA 31216",2017-11-11 06:00:00 EST,,,Bibb,,PAROLE VIOLATION 42-9-44 {5011} | BATTERY 16-5-23.1 {1376}, | ,$5150, | ,,,In Jail,
bibb,2017-11-11 19:50:28 EST,http://www.co.bibb.ga.us/BSOInmatesOnline/BSODetail.asp?JacketID=19606&BookingID=352601,19606,MOORE,JAMES,MELTONJR,m,white,49,1968,"753 CHAMBERS RD MACON, GA 31217",2017-11-11 03:06:00 EST,2017-11-11 09:20:00 EST,,GSP,,TRAFFIC/OFFENSE {5400} | TRAFFIC/OFFENSE {5400} | DUI - DRIVING UNDER THE INFLUENCE OF ALCOHOL 40-6-391(A)(1) {5404}, |  | ,$2370,Bond Posted | Bond Posted | Other/See Comments,,,Released,
