county_name,timestamp,url,inmate_id,inmate_lastname,inmate_firstname,inmate_middlename,inmate_sex,inmate_race,inmate_age,inmate_dob,inmate_address,booking_timestamp,release_timestamp,processing_numbers,agency,facility,charges,severity,bond_amount,current_status,court_dates,days_jailed,other,notes
bibb,2017-11-13 11:50:38 EST,http://www.co.bibb.ga.us/BSOInmatesOnline/BSODetail.asp?JacketID=58181&BookingID=352632,58181,GRIER,VERTISHA,LEASHELL,f,black,37,1980,"241 RILEY AVE APT D3 MACON, GA 31204",2017-11-13,,,SUPPROB,,PROBATION VIOLATION (WHEN PROBATION TERMS ARE ALTERED) FOR FINGERPRINTABLE CHARGE - FELONY 42-8-38 {5005},felony,,,,,In Jail,
bibb,2017-11-13 11:50:38 EST,http://www.co.bibb.ga.us/BSOInmatesOnline/BSODetail.asp?JacketID=7096&BookingID=352630,7096,BREWSTER,JIMMY,LEE,m,black,54,1963,"2009 VINEVILLE AVE APT C-301 MACON, GA 31204",2017-11-13 10:03:00 EST,,,Bibb,,FAILURE TO APPEAR FOR FINGERPRINTABLE CHARGE- FELONY 17-6-12 {5014} | THEFT BY SHOPLIFTING - FELONY 16-8-14 {2375},felony | felony,$1850, | ,,,In Jail,
bibb,2017-11-13 11:50:39 EST,http://www.co.bibb.ga.us/BSOInmatesOnline/BSODetail.asp?JacketID=72665&BookingID=352629,72665,JACKSON,ANTONIO,TOMRAIL,m,black,30,1987,"1085 TRIPLE HILL DRIVE MACON, GA 31206",2017-11-13 09:55:00 EST,,,Bibb,,PROBATION VIOLATION (WHEN PROBATION TERMS ARE ALTERED) FOR FINGERPRINTABLE CHARGE - FELONY 42-8-38 {5005} | WILLFUL OBSTRUCTION OF LAW ENFORCEMENT OFFICERS - MISDEMEANOR 16-10-24(A) {4805},felony | misdemeanor,$1300, | ,,,In Jail,
bibb,2017-11-13 11:50:39 EST,http://www.co.bibb.ga.us/BSOInmatesOnline/BSODetail.asp?JacketID=200829&BookingID=352634,200829,RIVERS,AVERY,DEANGELIS,m,black,26,1991,"3900 RIVERSIDE DRIVE APT# F11 MACON, GA 31211",2017-11-13 10:01:00 EST,,,STPROB,,PROBATION VIOLATION (WHEN PROBATION TERMS ARE ALTERED) FOR FINGERPRINTABLE CHARGE - MISDEMEANOR 42-8-38 {5002},misdemeanor,,,,,In Jail,
bibb,2017-11-13 11:50:39 EST,http://www.co.bibb.ga.us/BSOInmatesOnline/BSODetail.asp?JacketID=185615&BookingID=352627,185615,RATLIFF,PAUL,ANTHONY,m,white,55,1962,"750 WILLOW CREEK DRIVE MACON, GA 31204",2017-11-13 02:55:00 EST,,,Bibb,,09090 HOLD-GENERAL (SEE CMTS){09090} | POSSESSION OF A SCHEDULE I CONTROLLED SUBSTANCE 16-13-30(A) {3521} | POSSESSION OF A SCHEDULE IV CONTROLLED SUBSTANCE 16-13-30(A) {3516}, |  | ,$16900, |  | ,,,In Jail,
bibb,2017-11-13 11:50:39 EST,http://www.co.bibb.ga.us/BSOInmatesOnline/BSODetail.asp?JacketID=59466&BookingID=352631,59466,HILL,CANZATA,CALVINA,f,black,34,1983,"2373 NANCY DRIVE MACON, GA 31204",2017-11-13 08:58:00 EST,,,Bibb,,05075 BENCH WAR-STATE CT{05075},,$1300,,,,In Jail,
bibb,2017-11-13 11:50:39 EST,http://www.co.bibb.ga.us/BSOInmatesOnline/BSODetail.asp?JacketID=198736&BookingID=352633,198736,HALSTED,HAILEY,ALEXIS,f,white,21,1996,"104 LICHELLE COURT MACON, GA 31210",2017-11-13,,,Other,,05075 BENCH WAR-STATE CT{05075},,,,,,In Jail,
bibb,2017-11-13 11:50:39 EST,http://www.co.bibb.ga.us/BSOInmatesOnline/BSODetail.asp?JacketID=2513&BookingID=352628,2513,JACKSON,TOMMY,WILLE,m,black,54,1963,"1085 TRIPLE HILL DR MACON, GA 31206",2017-11-13 09:43:00 EST,,,Bibb,,WILLFUL OBSTRUCTION OF LAW ENFORCEMENT OFFICERS - MISDEMEANOR 16-10-24(A) {4805} | SIMPLE ASSAULT 16-5-20 {1313},misdemeanor | ,$3250, | ,,,In Jail,
