county_name,timestamp,url,inmate_id,inmate_lastname,inmate_firstname,inmate_middlename,inmate_sex,inmate_race,inmate_age,inmate_dob,inmate_address,booking_timestamp,release_timestamp,processing_numbers,agency,facility,charges,severity,bond_amount,current_status,court_dates,days_jailed,other,notes
dekalb,2017-11-13 11:50:34 EST,https://ody.dekalbcountyga.gov/app/ViewJailing/#/jailing/1345457,17007527,WILLIAMS,DARIUS,TRAYVON,m,Black,25,1991-12-27,"2799 CLAIRMONT RD , ATLANTA, GA 30048",2017-11-12 00:22:00 EST,2017-11-12 12:28:00 EST,SO# X1703335 | Booking Number 17007527 | Jail ID 1345457 | Arrest ID 3915167,DeKalb Police Department,DKSO,DRIVING WHILE LICENSE SUSPENDED OR REVOKED (MISDEMEANOR),misdemeanor,Cash or Surety,Bonded Out,,,,
dekalb,2017-11-13 11:50:35 EST,https://ody.dekalbcountyga.gov/app/ViewJailing/#/jailing/1345458,17007528,WALKER,GABRIELLE,,f,Black,30,1987-09-09,"705 WESLEY CLUB DRIVE, DECATUR, GA 30034",2017-11-12 01:09:00 EST,,SO# X1703761 | Booking Number 17007528 | Jail ID 1345458 | Arrest ID 3915168,DeKalb County Sheriff Office,DKSO,PROBATION VIOLATION  FOR FINGERPRINTABLE CHARGE- MISDEMEANOR,misdemeanor, , ,,,,
dekalb,2017-11-13 11:50:37 EST,https://ody.dekalbcountyga.gov/app/ViewJailing/#/jailing/1345459,17007529,Curry,Cheryl,,f,Black,56,1960-11-27,"5420 Dunwoody Mill Ct, Atlanta, GA 30360",2017-11-12 01:03:00 EST,2017-11-12 10:54:00 EST,SO# X1704376 | Booking Number 17007529 | Jail ID 1345459 | Arrest ID 3915169,DeKalb Police Department,DKSO,DUI - DRIVING UNDER THE INFLUENCE OF ALCOHOL, ,Cash or Surety,Bonded Out,,,,
dekalb,2017-11-13 11:50:49 EST,https://ody.dekalbcountyga.gov/app/ViewJailing/#/jailing/1345460,17007530,MALIET,JAMES,BOL,m,Black,37,1980-01-01,"741 NORTHERN AVE , APT D-6, CLARKSTON, GA 30021",2017-11-12 01:28:00 EST,,SO# X1704377 | Booking Number 17007530 | Jail ID 1345460 | Arrest ID 3915170,DeKalb Police Department,DKSO,BATTERY - FAMILY VIOLENCE (1ST OFFENSE) | CRUELTY TO CHILDREN IN THE 3RD DEGREE 3RD OR SUBSEQUENT OFFENSE,  |  ,  |  ,Sign Own Recognizance | Sign Own Recognizance,,,,
dekalb,2017-11-13 11:51:01 EST,https://ody.dekalbcountyga.gov/app/ViewJailing/#/jailing/1345461,17007531,TURNER,NILE,,m,Black,27,1990-03-01,N/A,2017-11-12 01:52:00 EST,2017-11-13 04:55:00 EST,SO# X1704378 | Booking Number 17007531 | Jail ID 1345461 | Arrest ID 3915171,Transcor,DKSO,Housing US Prisoner Transport, , ,Released to Another Agency,,,,
dekalb,2017-11-13 11:51:02 EST,https://ody.dekalbcountyga.gov/app/ViewJailing/#/jailing/1345462,17007532,Jarmoszko,Tomas,,m,White,26,1990-02-17,unknown,2017-11-12 01:40:00 EST,2017-11-13 04:54:00 EST,SO# X1704379 | Booking Number 17007532 | Jail ID 1345462 | Arrest ID 3915172,Transcor,DKSO,Housing US Prisoner Transport, , ,Released to Another Agency,,,,
dekalb,2017-11-13 11:51:03 EST,https://ody.dekalbcountyga.gov/app/ViewJailing/#/jailing/1345463,17007533,PEACOCK,GARY,,m,Black,27,1990-04-01,N/A,2017-11-12 01:50:00 EST,2017-11-13 04:56:00 EST,SO# X1704380 | Booking Number 17007533 | Jail ID 1345463 | Arrest ID 3915173,Transcor,DKSO,Housing US Prisoner Transport, , ,Released to Another Agency,,,,
dekalb,2017-11-13 11:51:05 EST,https://ody.dekalbcountyga.gov/app/ViewJailing/#/jailing/1345464,17007534,Crotts,Phillip,,m,White,43,1973-09-14,unknown,2017-11-12 01:45:00 EST,2017-11-13 04:55:00 EST,SO# X1704381 | Booking Number 17007534 | Jail ID 1345464 | Arrest ID 3915174,Transcor,DKSO,Housing US Prisoner Transport, , ,Released to Another Agency,,,,
dekalb,2017-11-13 11:51:17 EST,https://ody.dekalbcountyga.gov/app/ViewJailing/#/jailing/1345465,17007535,BROWN,JORDAN,WILLIAM,m,Black,26,1991-08-07,"598 N. SHORE RD., LITHONIA GA",2017-11-12 02:10:00 EST,,SO# X0483579 | Booking Number 17007535 | Jail ID 1345465 | Arrest ID 3915175,DeKalb Police Department,DKSO,"POSSESSION OF MARIJUANA, MORE THAN AN OUNCE | POSSESSION OF FIREARM OR KNIFE DURING COMMISSION OF OR ATTEMPT TO COMMIT CERTAIN FELONIES | DRVR EXER CARE USNG RADIOS/PHN | Entering/Crossing Rdway Viol",  | felony |   |  ,  |   |   | Cash or Surety,  |   | Charges Dropped |  ,,,,
dekalb,2017-11-13 11:51:29 EST,https://ody.dekalbcountyga.gov/app/ViewJailing/#/jailing/1345466,17007536,DISASHI,BIMAR,K,m,Black,43,1973-08-31,"2401 WINDY HILL RD , MARIETTA, GA 30032",2017-11-12 03:29:00 EST,2017-11-12 18:20:00 EST,SO# X1704382 | Booking Number 17007536 | Jail ID 1345466 | Arrest ID 3915176,DeKalb Police Department,DKSO,Exceeding Maximum Speed Limits | DUI - DRIVING UNDER THE INFLUENCE OF ALCOHOL,  |  ,Cash or Surety | Cash or Surety,Bonded Out | Bonded Out,,,,
dekalb,2017-11-13 11:51:41 EST,https://ody.dekalbcountyga.gov/app/ViewJailing/#/jailing/1345467,17007537,FEASTER,PHILLIP,JASON,m,White,32,1984-04-22,"714 B SEARCY AVE, 3994 EMMA LANE, ATLANTA, GA 30342",2017-11-12 03:35:00 EST,,SO# X0520700 | Booking Number 17007537 | Jail ID 1345467 | Arrest ID 3915177,Brookhaven Police Department,DKSO,City Prisoner: BROOKHAVEN PD: PROB VIOL, , , ,,,,
dekalb,2017-11-13 11:51:53 EST,https://ody.dekalbcountyga.gov/app/ViewJailing/#/jailing/1345468,17007538,NELSON,NOAH,I,m,Black,22,1995-05-09,"4730 SPRING GATE DR , POWDER SPRINGS, GA 30127",2017-11-12 03:59:00 EST,2017-11-12 11:52:00 EST,SO# X1704383 | Booking Number 17007538 | Jail ID 1345468 | Arrest ID 3915178,DeKalb Police Department,DKSO,DUI - DRIVING UNDER THE INFLUENCE OF ALCOHOL | Exceeding Maximum Speed Limits,  |  ,Cash or Surety | Cash or Surety,Bonded Out | Bonded Out,,,,
dekalb,2017-11-13 11:51:55 EST,https://ody.dekalbcountyga.gov/app/ViewJailing/#/jailing/1345469,17007539,Johnson,Carla,Nakeisha,f,Black,38,1978-11-29,"942 Hank Aaron DR, Atlanta",2017-11-12 04:22:00 EST,,SO# X1704384 | Booking Number 17007539 | Jail ID 1345469 | Arrest ID 3915179,Lithonia Police Department,DKSO,"DUI - DRIVING UNDER THE INFLUENCE OF ALCOHOL | VIOL OF GA CONTRLD SUB ACT | POSSESSION OF MARIJUANA, LESS THAN AN OUNCE",  |   |  ,Cash or Surety |   | Cash or Surety,  |   |  ,,,,
dekalb,2017-11-13 11:52:07 EST,https://ody.dekalbcountyga.gov/app/ViewJailing/#/jailing/1345470,17007540,Long,Danielle,Denice,f,Black,30,1986-11-22,"5243 Selena Dr, Stone Mountain",2017-11-12 04:31:00 EST,,SO# X1704385 | Booking Number 17007540 | Jail ID 1345470 | Arrest ID 3915180,DeKalb Police Department,DKSO,OUT OF COUNTY (FOREIGN WARRANT), , ,Released to Another Agency,,,,
dekalb,2017-11-13 11:52:08 EST,https://ody.dekalbcountyga.gov/app/ViewJailing/#/jailing/1345471,17007541,Seballe,Bentio,,m,Black,48,1969-05-08,"3160 Buford Hwy, Brookhaven, GA 30329",2017-11-12 04:40:00 EST,2017-11-12 10:16:00 EST,SO# X1704386 | Booking Number 17007541 | Jail ID 1345471 | Arrest ID 3915181,Brookhaven Police Department,DKSO,TURN MOVEMENTS; SIGNALS REQ | DRIVING WITHOUT A VALID LICENSE (MISDEMEANOR),  | misdemeanor,Cash or Surety | Cash or Surety,Bonded Out | Bonded Out,,,,
dekalb,2017-11-13 11:52:09 EST,https://ody.dekalbcountyga.gov/app/ViewJailing/#/jailing/1345472,17007542,Bradford,Jalon,,m,Black,26,1990-01-25,"11 Treeview Dr Apt C, Lithonia, GA 30038",2017-11-12 04:51:00 EST,2017-11-12 18:43:00 EST,SO# X1704387 | Booking Number 17007542 | Jail ID 1345472 | Arrest ID 3915182,DeKalb Police Department,DKSO,Public Intoxication, ,Cash or Surety,Bonded Out,,,,
dekalb,2017-11-13 11:52:10 EST,https://ody.dekalbcountyga.gov/app/ViewJailing/#/jailing/1345473,17007543,CAMBRON-GARCIA,SAMUEL,,m,Other,22,1994-05-31,4920 WINTER CHAPEL RD ATLANTA GA,2017-11-12 05:38:00 EST,2017-11-12 16:05:00 EST,SO# X1704388 | Booking Number 17007543 | Jail ID 1345473 | Arrest ID 3915183,DeKalb Police Department,DKSO,DUI - DRIVING UNDER THE INFLUENCE OF ALCOHOL | DRIVING ON ROADWAYS LANED FOR TRAFFIC | DRIVING WITHOUT A VALID LICENSE (MISDEMEANOR),  |   | misdemeanor,Cash or Surety | Cash or Surety | Cash or Surety,Bonded Out | Bonded Out | Bonded Out,,,,
dekalb,2017-11-13 11:52:23 EST,https://ody.dekalbcountyga.gov/app/ViewJailing/#/jailing/1345474,17007544,JONES,MONIQUE,,f,Black,39,1978-08-02,"3173 BLUEBIRD LN , DECATUR, GA 30032",2017-11-12 05:57:00 EST,,SO# X1704389 | Booking Number 17007544 | Jail ID 1345474 | Arrest ID 3915184,DeKalb Police Department,DKSO,BATTERY - FAMILY VIOLENCE (1ST OFFENSE), , , ,,,,
dekalb,2017-11-13 11:52:35 EST,https://ody.dekalbcountyga.gov/app/ViewJailing/#/jailing/1345475,17007545,MCDOWELL,TITUS,LE'MONSHE,m,Black,41,1976-07-07,"1901 BROCKETT WAY, 4 CHATFIELD DR APT D, CLARKSTON, GA 30027",2017-11-12 07:38:00 EST,,SO# X0242968 | Booking Number 17007545 | Jail ID 1345475 | Arrest ID 3915185,DeKalb Police Department,DKSO,BATTERY - FAMILY VIOLENCE (1ST OFFENSE), , , ,,,,
dekalb,2017-11-13 11:52:36 EST,https://ody.dekalbcountyga.gov/app/ViewJailing/#/jailing/1345476,17007546,JETT,JOHN,R,m,Black,51,1966-08-05,"2911 MEADOWVIEW DRIVE, ATLANTA, GA 30316",2017-11-12 09:32:00 EST,,SO# 00175392 | Booking Number 17007546 | Jail ID 1345476 | Arrest ID 3915186,DeKalb Police Department,DKSO,DUI - DRIVING UNDER THE INFLUENCE OF ALCOHOL | RECKLESS DRIVING | DRIVING ON ROADWAYS LANED FOR TRAFFIC | OVERTAKING & PASSING VIOLATION,  |   |   |  ,Cash or Surety | Cash or Surety | Cash or Surety | Cash or Surety,  |   |   |  ,,,,
dekalb,2017-11-13 11:52:48 EST,https://ody.dekalbcountyga.gov/app/ViewJailing/#/jailing/1345477,17007547,WHITLOCK,TUWONDA,M,f,Black,37,1979-11-23,"118 FRIENDLY HILLS, DECATUR, GA 30035",2017-11-12 09:40:00 EST,,SO# X0291923 | Booking Number 17007547 | Jail ID 1345477 | Arrest ID 3915187,DeKalb Police Department,DKSO,DISORDERLY CONDUCT | WILLFUL OBSTRUCTION OF LAW ENFORCEMENT OFFICERS - MISDEMEANOR,  | misdemeanor,Cash or Surety | Cash or Surety,  |  ,,,,
dekalb,2017-11-13 11:53:01 EST,https://ody.dekalbcountyga.gov/app/ViewJailing/#/jailing/1345478,17007548,Frazier,"Jackie, Jr.",Reno,m,Black,30,1986-10-12,"419 Hurricane Shoals RD , Lawrenceville, GA 30046",2017-11-12 09:55:00 EST,2017-11-12 20:42:00 EST,SO# X1704390 | Booking Number 17007548 | Jail ID 1345478 | Arrest ID 3915188,DeKalb Police Department,DKSO,DUI - DRIVING UNDER THE INFLUENCE OF ALCOHOL | TURN MOVEMENTS; SIGNALS REQ,  |  ,  |  ,Bonded Out | Bonded Out,,,,
dekalb,2017-11-13 11:53:13 EST,https://ody.dekalbcountyga.gov/app/ViewJailing/#/jailing/1345479,17007549,LUMPKIN-THOMPSON,QUACHINA,,f,Black,25,1991-08-19,"324 HATTON DR , APT G, SCOTTDALE, GA 30079",2017-11-12 10:13:00 EST,,SO# X1704391 | Booking Number 17007549 | Jail ID 1345479 | Arrest ID 3915189,DeKalb County Sheriff Office,DKSO,CRIMINAL TRESPASS, , , ,,,,
dekalb,2017-11-13 11:53:25 EST,https://ody.dekalbcountyga.gov/app/ViewJailing/#/jailing/1345480,17007550,HAYES,SANDRICA,MICHELLE,f,Black,26,1991-08-09,"50 WIND CREST DRIVE, 125 BROOKSTONE CT, COVINGTON, GA 30016",2017-11-12 10:11:00 EST,,SO# X1704392 | Booking Number 17007550 | Jail ID 1345480 | Arrest ID 3915190,DeKalb Police Department,DKSO,BATTERY | CRIMINAL TRESPASS,  |  ,  |  ,  |  ,,,,
dekalb,2017-11-13 11:53:37 EST,https://ody.dekalbcountyga.gov/app/ViewJailing/#/jailing/1345481,17007551,CARSON,AMOS,,m,Black,54,1962-11-13,"995 CLUBHOUSE CIR, W#B, DECATUR, GA 30032",2017-11-12 12:03:00 EST,,SO# X0312845-1 | Booking Number 17007551 | Jail ID 1345481 | Arrest ID 3915191,DeKalb County Sheriff Office,DKSO,D.U.I. - ALCOHOL | TURN MOVEMENTS;SIGNALS REQ,  |  ,  |  ,  |  ,,,,
dekalb,2017-11-13 11:53:50 EST,https://ody.dekalbcountyga.gov/app/ViewJailing/#/jailing/1345482,17007552,MCMILLAN,KEITH,L,m,Black,47,1969-03-15,"3499 ROBINS LANDING WAY , DECATUR, GA 30032",2017-11-12 10:24:00 EST,,SO# X1704393 | Booking Number 17007552 | Jail ID 1345482 | Arrest ID 3915192,DeKalb Police Department,DKSO,SIMPLE BATTERY, , , ,,,,
dekalb,2017-11-13 11:54:02 EST,https://ody.dekalbcountyga.gov/app/ViewJailing/#/jailing/1345483,17007553,GRANT,CORDELIA,,f,Black,54,1962-08-17,"3499 ROBINS LANDING WAY , DECATUR, GA 30032",2017-11-12 10:44:00 EST,2017-11-12 17:45:00 EST,SO# X1704394 | Booking Number 17007553 | Jail ID 1345483 | Arrest ID 3915193,DeKalb Police Department,DKSO,Disorderly Conduct, ,Cash or Surety,Bonded Out,,,,
dekalb,2017-11-13 11:54:14 EST,https://ody.dekalbcountyga.gov/app/ViewJailing/#/jailing/1345484,17007554,BERRY,MARKEITH,D,m,Black,34,1983-06-01,"5308 DOWNLEAF ARC WAY , NORCROSS, GA 30032",2017-11-12 10:51:00 EST,2017-11-12 18:10:00 EST,SO# X1704395 | Booking Number 17007554 | Jail ID 1345484 | Arrest ID 3915194,Stone Mountain Police Department,DKSO,City Prisoner:SUSP LIC: STONE MOUNTAIN PD, ,Cash or Surety,Bonded Out,,,,
dekalb,2017-11-13 11:54:27 EST,https://ody.dekalbcountyga.gov/app/ViewJailing/#/jailing/1345485,17007555,Ucrainciun,Vladislav,,m,White,17,1999-05-12,"970 Oak Valley RD , Dacula, GA 30019",2017-11-12 11:32:00 EST,2017-11-12 15:37:00 EST,SO# X1704396 | Booking Number 17007555 | Jail ID 1345485 | Arrest ID 3915195,Dunwoody Police Depatment,DKSO,Dunwoody Pd/Speeding (JMS/Pros) | Dunwoody PD/RECKLESS DRIVING,  |  ,Cash or Surety | Cash or Surety,Bonded Out | Bonded Out,,,,
dekalb,2017-11-13 11:54:39 EST,https://ody.dekalbcountyga.gov/app/ViewJailing/#/jailing/1345486,17007556,Kim,Julia,Sue,f,Asian,26,1990-06-29,"4000 Dunwoody PARK , APT 1008, Dunwoody, GA 30338",2017-11-12 11:38:00 EST,2017-11-12 19:50:00 EST,SO# X1704397 | Booking Number 17007556 | Jail ID 1345486 | Arrest ID 3915196,Dunwoody Police Depatment,DKSO,DUNWOODY PD/PASSING STOPPED AUTHORIZD EMERGENCY VEHICLE | DUNWOODY PD/DRIVING WHILE LICENSE SUSPENDED OR REVOKED (MISDEMEANOR),  | misdemeanor,Cash or Surety | Cash or Surety,Bonded Out | Bonded Out,,,,
dekalb,2017-11-13 11:54:52 EST,https://ody.dekalbcountyga.gov/app/ViewJailing/#/jailing/1345487,17007557,FIELDS,ADRIAN,,m,Black,23,1993-09-14,"2305 TREE SUMMIT PARKWAY , DULUTH, GA 30096",2017-11-12 11:57:00 EST,,SO# X1704398 | Booking Number 17007557 | Jail ID 1345487 | Arrest ID 3915197,DeKalb County Sheriff Office,DKSO,AGGRAVATED ASSAULT | CRIMINAL TRESPASS,  |  ,  |  ,  |  ,,,,
dekalb,2017-11-13 11:54:53 EST,https://ody.dekalbcountyga.gov/app/ViewJailing/#/jailing/1345488,17007558,GRANT,VERLYN,M,m,Black,19,1997-03-24,"4501 CURRILUCK CT, AUGUSTA, GA 30906",2017-11-12 12:47:00 EST,,SO# X0510399-1 | Booking Number 17007558 | Jail ID 1345488 | Arrest ID 3915198,DeKalb County Sheriff Office,DKSO,PRODUCTION ORDER/LOCAL INMATE, , , ,,,,
dekalb,2017-11-13 11:55:05 EST,https://ody.dekalbcountyga.gov/app/ViewJailing/#/jailing/1345489,17007559,WILLINGHAM,DEREMY,DENARD,m,Black,30,1986-02-15,"321 CANTERBURY DRIVE, AUGUSTA, GA 30809",2017-11-12 12:46:00 EST,,SO# X0427274-1 | Booking Number 17007559 | Jail ID 1345489 | Arrest ID 3915199,DeKalb County Sheriff Office,DKSO,AGGRAVATED ASSAULT-/FEL/- | BATTERY-MISD | THEFT BY TAKING | FINANCIAL TRANS CARD THEFT,felony | misdemeanor |   |  ,  |   |   |  ,  |   |   |  ,,,,
dekalb,2017-11-13 11:55:18 EST,https://ody.dekalbcountyga.gov/app/ViewJailing/#/jailing/1345490,17007560,YOUNG,DAMARIO,ANQUAL,m,Black,38,1978-06-22,"1572 HARDD ST #9B, ATLANTA, GA 30307",2017-11-12 13:23:00 EST,,SO# X0188541 | Booking Number 17007560 | Jail ID 1345490 | Arrest ID 3915200,DeKalb Police Department,DKSO,BURGLARY - 1ST DEGREE (FELONY),felony, , ,,,,
dekalb,2017-11-13 11:55:19 EST,https://ody.dekalbcountyga.gov/app/ViewJailing/#/jailing/1345491,17007561,Corte-Alvarez,Cesar,,m,Other,27,1989-06-28,"6800 Peachtree industrial BLVD , APT G3, Atlanta, GA 30360",2017-11-12 13:35:00 EST,2017-11-13 01:23:00 EST,SO# X1702915 | Booking Number 17007561 | Jail ID 1345491 | Arrest ID 3915201,Dunwoody Police Depatment,DKSO,"DUNWOODY PD/DRIVING WITHOUT A VALID LICENSE (MISDEMEANOR) | DUNWOODY PD/Wdshlds, Frnt Dr; Tntd",misdemeanor |  ,Cash or Surety | Cash or Surety,Bonded Out | Bonded Out,,,,
dekalb,2017-11-13 11:55:20 EST,https://ody.dekalbcountyga.gov/app/ViewJailing/#/jailing/1345492,17007562,MCCULLOUGH,KENYON,J,m,Black,28,1989-04-06,"1006 BROCKETT WAY , CLARKSTON, GA 30032",2017-11-12 14:53:00 EST,,SO# X1704399 | Booking Number 17007562 | Jail ID 1345492 | Arrest ID 3915202,Clarkston Police Department,DKSO,City Prisoner: CLARKSTON PD: DRIVING W/LIS SUSP, ,Cash or Surety, ,,,,
dekalb,2017-11-13 11:55:21 EST,https://ody.dekalbcountyga.gov/app/ViewJailing/#/jailing/1345493,17007563,MCCLINTON,TIMOTHY,J,m,Black,28,1989-11-03,"3300 COVINGTON DR , APT A, DECATUR, GA 30032",2017-11-12 15:27:00 EST,,SO# X1704400 | Booking Number 17007563 | Jail ID 1345493 | Arrest ID 3915203,DeKalb County Sheriff Office,DKSO,BATTERY - FAMILY VIOLENCE (1ST OFFENSE), ,Cash or Surety,Sign Own Recognizance,,,,
dekalb,2017-11-13 11:55:33 EST,https://ody.dekalbcountyga.gov/app/ViewJailing/#/jailing/1345494,17007564,HUNTER,JEVON,L,m,Black,29,1987-03-17,"6442 RECCA LN LITHONIA GA, 980 WALTER BLVD APT 1522 LAWRENCEVILLE GA",2017-11-12 17:02:00 EST,,SO# X0404495 | Booking Number 17007564 | Jail ID 1345494 | Arrest ID 3915204,DeKalb Police Department,DKSO,CRIMINAL TRESPASS, ,Surety Bond, ,,,,
dekalb,2017-11-13 11:55:34 EST,https://ody.dekalbcountyga.gov/app/ViewJailing/#/jailing/1345495,17007565,STAPLES,DAVID,AARON,m,Black,58,1958-10-21,"903 WATSON ST PITTSBURG PA, 6232 PHILLIPS LAKE CT LITHONIA GA",2017-11-12 17:03:00 EST,,SO# X0524179 | Booking Number 17007565 | Jail ID 1345495 | Arrest ID 3915205,DeKalb Police Department,DKSO,CRIMINAL TRESPASS, ,Surety Bond, ,,,,
dekalb,2017-11-13 11:55:46 EST,https://ody.dekalbcountyga.gov/app/ViewJailing/#/jailing/1345496,17007566,KAVAZOVIC,HALID,,m,White,30,1986-02-14,"3529 Indian Creek Way  Apt 9, Clarkston, Ga",2017-11-12 17:13:00 EST,,SO# X0316204 | Booking Number 17007566 | Jail ID 1345496 | Arrest ID 3915206,Clarkston Police Department,DKSO,City Prisoner/Clarkston PD/DWLS, ,Cash or Surety,Bonded Out,,,,
dekalb,2017-11-13 11:55:58 EST,https://ody.dekalbcountyga.gov/app/ViewJailing/#/jailing/1345497,17007567,WALTERS,DARIUS,HERMAN,m,Black,24,1993-02-04,"1620 LAMAR HWY , DARLINGTON, GA 29532",2017-11-12 17:16:00 EST,,SO# X1704401 | Booking Number 17007567 | Jail ID 1345497 | Arrest ID 3915207,DeKalb Police Department,DKSO,FOREIGN WARRANT/ PROBATION VIOL/ RIVERDALE PD, , , ,,,,
dekalb,2017-11-13 11:56:10 EST,https://ody.dekalbcountyga.gov/app/ViewJailing/#/jailing/1345498,17007568,VENTURA,JOHN,ANDREW,m,White,57,1959-05-31,"HOMELESS, HANK AARON DR SW, ATLANTA, GA 30315",2017-11-12 17:53:00 EST,2017-11-13 05:10:00 EST,SO# X0254531 | Booking Number 17007568 | Jail ID 1345498 | Arrest ID 3915208,DeKalb Police Department,DKSO,FOREIGN WARRANT/ CHAMBLEE PD/PUBLIC ORDER CRIMES, , ,Released to Another Agency,,,,
dekalb,2017-11-13 11:56:23 EST,https://ody.dekalbcountyga.gov/app/ViewJailing/#/jailing/1345499,17007569,TUCKER,ILIEEIA,,f,Black,27,1989-05-27,"3774 Quince Tree Ln, Decatur, Ga",2017-11-12 17:56:00 EST,,SO# X0482463 | Booking Number 17007569 | Jail ID 1345499 | Arrest ID 3915209,DeKalb Police Department,DKSO,"VIOL OF GA CONTRLD SUB ACT | UNR VEH;NO TAG,RV DECL,OR CNTY",  |  ,  | Cash or Surety,  |  ,,,,
dekalb,2017-11-13 11:56:35 EST,https://ody.dekalbcountyga.gov/app/ViewJailing/#/jailing/1345500,17007570,GUZMAN-LOEZA,ANACLETO,,m,White,37,1979-04-26,"3699 BUFORD HWY NE, APT T-4, ATLANTA, GA 30329",2017-11-12 18:17:00 EST,2017-11-12 20:56:00 EST,SO# X1704402 | Booking Number 17007570 | Jail ID 1345500 | Arrest ID 3915210,DeKalb Police Department,DKSO,TURN MOVEMENTS; SIGNALS REQ | DRIVING WITHOUT A VALID LICENSE (MISDEMEANOR),  | misdemeanor,Cash or Surety | Cash or Surety,Bonded Out | Bonded Out,,,,
dekalb,2017-11-13 11:56:47 EST,https://ody.dekalbcountyga.gov/app/ViewJailing/#/jailing/1345501,17007571,CRAWFORD,DORA,,f,Black,51,1965-12-16,"273 HABITAT CIR , DECATUR, GA 30034",2017-11-12 19:02:00 EST,,SO# X1704403 | Booking Number 17007571 | Jail ID 1345501 | Arrest ID 3915211,DeKalb County Sheriff Office,DKSO,BATTERY VISIABLE HARM, ,Cash or Surety,Bonded Out,,,,
dekalb,2017-11-13 11:56:59 EST,https://ody.dekalbcountyga.gov/app/ViewJailing/#/jailing/1345502,17007572,BROWN,CASEY,RONALD,m,White,39,1978-10-06,"2151 CHAMBLEE TUCKER RD, TUCKER",2017-11-12 20:29:00 EST,,SO# X0255260 | Booking Number 17007572 | Jail ID 1345502 | Arrest ID 3915213,DeKalb Police Department,DKSO,FOREIGN WARRANT/ TOWN CO SO / NEGLECT CHILD, , , ,,,,
dekalb,2017-11-13 11:57:12 EST,https://ody.dekalbcountyga.gov/app/ViewJailing/#/jailing/1345503,17007573,CALLANDS,TERESA,,f,Black,50,1966-10-23,608 LANE OAK DR LITHONIA GA,2017-11-12 21:15:00 EST,,SO# X1704404 | Booking Number 17007573 | Jail ID 1345503 | Arrest ID 3915214,DeKalb Police Department,DKSO,BATTERY - FAMILY VIOLENCE (1ST OFFENSE) | CRUELTY TO CHILDREN IN THE 3RD DEGREE 3RD OR SUBSEQUENT OFFENSE,  |  ,  |  ,  |  ,,,,
dekalb,2017-11-13 11:57:24 EST,https://ody.dekalbcountyga.gov/app/ViewJailing/#/jailing/1345505,17007575,LANDERS,DEONTAVIOUS,JURRUIUS,m,Black,27,1989-12-14,"6026  CREEKFORD DRIVE, LITHONIA, GA 30058",2017-11-12 21:45:00 EST,,SO# X0453078-1 | Booking Number 17007575 | Jail ID 1345505 | Arrest ID 3915216,DeKalb County Sheriff Office,DKSO,ACQUIRING LICENSE PLATE FOR PURPOSE OF CONCEALING IDENTIFICATION OF MOTOR VEHICLE | OBSTRUCTION OF JUSTICE,  |  ,  |  ,  |  ,,,,
dekalb,2017-11-13 11:57:36 EST,https://ody.dekalbcountyga.gov/app/ViewJailing/#/jailing/1345506,17007576,Usher,Quintavious,,m,Black,33,1984-06-03,"2058 Smithfield Ave, Ellenwood, Ga",2017-11-12 22:06:00 EST,2017-11-13 10:10:00 EST,SO# X1704405 | Booking Number 17007576 | Jail ID 1345506 | Arrest ID 3915217,DeKalb Police Department,DKSO,FOREIGN WARRANT/Atlanta PD/FTA, , ,Released to Another Agency,,,,
dekalb,2017-11-13 11:57:48 EST,https://ody.dekalbcountyga.gov/app/ViewJailing/#/jailing/1345507,17007577,ACEVEDO,STEPHANIE,L,f,Black,31,1985-11-17,"1514 INDIAN CREEK DR , STONE MOUNTAIN, GA 30083",2017-11-12 22:17:00 EST,,SO# X1704406 | Booking Number 17007577 | Jail ID 1345507 | Arrest ID 3915218,DeKalb Police Department,DKSO,SIMPLE BATTERY | CRIMINAL TRESPASS,  |  ,  |  ,  |  ,,,,
dekalb,2017-11-13 11:58:01 EST,https://ody.dekalbcountyga.gov/app/ViewJailing/#/jailing/1345508,17007578,KING,JOUBL,NICOLE,m,Black,19,1998-03-04,"UNKNOWN, ATLANTA, GA 00000",2017-11-12 22:27:00 EST,,SO# X1704407 | Booking Number 17007578 | Jail ID 1345508 | Arrest ID 3915219,DeKalb Police Department,DKSO,WILLFUL OBSTRUCTION OF LAW ENFORCEMENT OFFICERS - MISDEMEANOR,misdemeanor,Surety Bond, ,,,,
dekalb,2017-11-13 11:58:13 EST,https://ody.dekalbcountyga.gov/app/ViewJailing/#/jailing/1345509,17007579,GASTON,ERIKA,,f,Black,21,1995-03-19,3800 FLAT SHOALS RD DECATUR GA,2017-11-12 22:45:00 EST,,SO# X1704408 | Booking Number 17007579 | Jail ID 1345509 | Arrest ID 3915220,DeKalb Police Department,DKSO,THEFT BY SHOPLIFTING - MISDEMEANOR | THEFT BY SHOPLIFTING - MISDEMEANOR | THEFT BY SHOPLIFTING - FELONY,misdemeanor | misdemeanor | felony,Surety Bond | Surety Bond |  ,  |   |  ,,,,
dekalb,2017-11-13 11:58:25 EST,https://ody.dekalbcountyga.gov/app/ViewJailing/#/jailing/1345510,17007580,CARSON,LUSHAUNA,CRECHELLE,f,Black,34,1982-07-22,"5177 ROUND TABLE DR, ELLENWOOD, GA 30294",2017-11-12 22:57:00 EST,,SO# X0249280 | Booking Number 17007580 | Jail ID 1345510 | Arrest ID 3915221,DeKalb Police Department,DKSO,DUI - ALCOHOL/CONTROLLED SUBSTANCE PRESENT IN BLOOD OR URINE SUBJ TO O.C.G.A.42-6-391(B) | DRIVING ON ROADWAYS LANED FOR TRAFFIC,  |  ,Cash or Surety | Cash or Surety,  |  ,,,,
dekalb,2017-11-13 11:58:37 EST,https://ody.dekalbcountyga.gov/app/ViewJailing/#/jailing/1345511,17007581,HIGHERS,ROBERT,RAYMOND,m,White,35,1981-07-16,"1857 RIDGELAND DR, DECATUR GA",2017-11-12 23:00:00 EST,,SO# X0219149 | Booking Number 17007581 | Jail ID 1345511 | Arrest ID 3915222,DeKalb Police Department,DKSO,BATTERY - FAMILY VIOLENCE (1ST OFFENSE), , ,Bonded Out,,,,
dekalb,2017-11-13 11:58:49 EST,https://ody.dekalbcountyga.gov/app/ViewJailing/#/jailing/1345512,17007582,JACKSON,CATHY,T,f,Black,58,1958-08-26,202 N. DAVIS DR WARNER ROBINS GA,2017-11-12 23:24:00 EST,,SO# X0392151 | Booking Number 17007582 | Jail ID 1345512 | Arrest ID 3915223,DeKalb Police Department,DKSO,Public Intoxication, ,Cash or Surety, ,,,,
dekalb,2017-11-13 11:59:01 EST,https://ody.dekalbcountyga.gov/app/ViewJailing/#/jailing/1345513,17007583,Holt,Sartarius,D,m,Black,34,1982-02-18,1124 Wylie St Se A304 Atl ga,2017-11-12 23:37:00 EST,,SO# X1704409 | Booking Number 17007583 | Jail ID 1345513 | Arrest ID 3915224,DeKalb Police Department,DKSO,Public Intoxication, ,Cash or Surety, ,,,,
dekalb,2017-11-13 11:59:02 EST,https://ody.dekalbcountyga.gov/app/ViewJailing/#/jailing/1345514,17007584,CZARNECKI,JOYCE,,f,White,51,1965-11-25,121 EATWYCK CIR  DECATUR GA,2017-11-12 23:42:00 EST,,SO# X1704410 | Booking Number 17007584 | Jail ID 1345514 | Arrest ID 3915225,DeKalb Police Department,DKSO,Public Intoxication, ,Cash or Surety, ,,,,
