county_name,timestamp,url,inmate_id,inmate_lastname,inmate_firstname,inmate_middlename,inmate_sex,inmate_race,inmate_age,inmate_dob,inmate_address,booking_timestamp,release_timestamp,processing_numbers,agency,facility,charges,severity,bond_amount,current_status,court_dates,days_jailed,other,notes
dekalb,2017-11-12 19:50:35 EST,https://ody.dekalbcountyga.gov/app/ViewJailing/#/jailing/1345395,17007465,BROWN,LATIFA,KAI,f,Black,33,1983-07-17,"341 BARBASHELA DR, STONE MOUNTAIN, GA 30083",2017-11-11 01:37:00 EST,,SO# X0518835 | Booking Number 17007465 | Jail ID 1345395 | Arrest ID 3915102,DeKalb Police Department,DKSO,PROBATION VIOLATION  FOR FINGERPRINTABLE CHARGE- MISDEMEANOR,misdemeanor, , ,,,,
dekalb,2017-11-12 19:50:36 EST,https://ody.dekalbcountyga.gov/app/ViewJailing/#/jailing/1345396,17007466,RECINOS,JOSE,LEONARDO,m,Other,26,1990-03-25,2416 JOHNSON RD  ATLANTA GA,2017-11-11 02:16:00 EST,,SO# X1704343 | Booking Number 17007466 | Jail ID 1345396 | Arrest ID 3915103,Brookhaven Police Department,DKSO,FAILURE TO APPEAR FOR FINGERPRINTABLE CHARGE- MISDEMEANOR,misdemeanor,Cash Bond, ,,,,
dekalb,2017-11-12 19:50:38 EST,https://ody.dekalbcountyga.gov/app/ViewJailing/#/jailing/1345397,17007467,MAYE,SHAWN,JACQUE,m,Black,31,1985-06-21,"934 LINCOLN CT AVE, BROOKHAVEN GA",2017-11-11 01:56:00 EST,2017-11-11 02:52:00 EST,SO# X0511197 | Booking Number 17007467 | Jail ID 1345397 | Arrest ID 3915104,Doraville Police Department,DKSO,FAILURE TO APPEAR FOR FINGERPRINTABLE CHARGE- MISDEMEANOR,misdemeanor, ,Released to Another Agency,,,,
dekalb,2017-11-12 19:50:50 EST,https://ody.dekalbcountyga.gov/app/ViewJailing/#/jailing/1345398,17007468,HOWARD,ANTWAN,ANTHONY,m,Black,31,1985-05-24,"201 WASHINGTON ST SW   ATLANTA, GA, HOMELESS",2017-11-11 02:16:00 EST,,SO# X0522196 | Booking Number 17007468 | Jail ID 1345398 | Arrest ID 3915105,DeKalb Police Department,DKSO,STN MTN PD- OBSTRUCTION (FELONY),felony, , ,,,,
dekalb,2017-11-12 19:50:51 EST,https://ody.dekalbcountyga.gov/app/ViewJailing/#/jailing/1345399,17007469,LILLY,JEFFREY,D,m,Black,55,1961-12-12,"1501 KELLY'S CLOSE STN MTN, GA, 01404 THE OAKES        CLARKSTON GA",2017-11-11 02:22:00 EST,2017-11-12 16:49:00 EST,SO# X0021213 | Booking Number 17007469 | Jail ID 1345399 | Arrest ID 3915106,DeKalb Police Department,DKSO,"DRIVING WITHOUT A VALID LICENSE (MISDEMEANOR) | UNR VEH;NO TAG,RV DECL,OR CNTY",misdemeanor |  ,Cash or Surety | Cash or Surety,Bonded Out | Bonded Out,,,,
dekalb,2017-11-12 19:51:04 EST,https://ody.dekalbcountyga.gov/app/ViewJailing/#/jailing/1345400,17007470,DAVIS,ANTONIO,,m,Black,21,1995-08-22,"1615 COBB PARKWAY NW APT 2104, MARIETTA, GA 30062",2017-11-11 02:23:00 EST,,SO# X0465413-1 | Booking Number 17007470 | Jail ID 1345400 | Arrest ID 3915107,DeKalb County Sheriff Office,DKSO,PROBATION VIOLATION (WHEN PROBATION TERMS ARE ALTERED) FOR FINGERPRINTABLE CHARGE - FELONY | PROBATION VIOLATION (WHEN PROBATION TERMS ARE ALTERED) FOR FINGERPRINTABLE CHARGE - FELONY,felony | felony,  |  ,  |  ,,,,
dekalb,2017-11-12 19:51:05 EST,https://ody.dekalbcountyga.gov/app/ViewJailing/#/jailing/1345401,17007471,PINON,PEDRO,FILBERTO,m,White,33,1984-03-05,"185 JOHNSON ROAD, LAWRENCEVILLE GA",2017-11-11 02:55:00 EST,,SO# X0512668 | Booking Number 17007471 | Jail ID 1345401 | Arrest ID 3915108,Doraville Police Department,DKSO,VIOL OF GA CONTRLD SUB ACT | VIOL OF GA CONTRLD SUB ACT | VIOL OF GA CONTRLD SUB ACT | VIOL OF GA CONTRLD SUB ACT,  |   |   |  ,  |   |   |  ,  |   |   |  ,,,,
dekalb,2017-11-12 19:51:07 EST,https://ody.dekalbcountyga.gov/app/ViewJailing/#/jailing/1345402,17007472,KORNEGAY,JANAI,PAIGE,f,Black,27,1990-02-02,"5465 ZACKARY DR, STN MTN GA",2017-11-11 04:04:00 EST,2017-11-11 15:36:00 EST,SO# X0444610 | Booking Number 17007472 | Jail ID 1345402 | Arrest ID 3915109,DeKalb Police Department,DKSO,DRIVING ON ROADWAYS LANED FOR TRAFFIC | POS OPN CON OF AL BEV OPER M/V | DUI - DRIVING UNDER THE INFLUENCE OF ALCOHOL,  |   |  ,Cash or Surety | Cash or Surety | Cash or Surety,Bonded Out | Bonded Out | Bonded Out,,,,
dekalb,2017-11-12 19:51:09 EST,https://ody.dekalbcountyga.gov/app/ViewJailing/#/jailing/1345403,17007473,ALSHAREEF,ADNAN,HAMDI,m,Black,27,1990-04-09,369 MCDANIEL ST APT APT  2908  ATLANTA GA,2017-11-11 04:19:00 EST,2017-11-11 15:28:00 EST,SO# X1704344 | Booking Number 17007473 | Jail ID 1345403 | Arrest ID 3915110,Brookhaven Police Department,DKSO,"DRIVING WITHOUT A VALID LICENSE (MISDEMEANOR) | KNOWINGLY DRIVING MOTOR VEHICLE ON SUSPENDED, CANCELED, OR REVOKED REGISTRATION",misdemeanor |  ,Cash or Surety | Cash or Surety,Bonded Out | Bonded Out,,,,
dekalb,2017-11-12 19:51:21 EST,https://ody.dekalbcountyga.gov/app/ViewJailing/#/jailing/1345404,17007474,Youson,Herschel,Martellus,m,Black,34,1983-01-11,"1049 Powers Ferry RD #716, Marietta, GA 30067",2017-11-11 04:46:00 EST,2017-11-11 13:14:00 EST,SO# X1704345 | Booking Number 17007474 | Jail ID 1345404 | Arrest ID 3915111,Dunwoody Police Depatment,DKSO,FAILURE TO APPEAR FOR FINGERPRINTABLE CHARGE- MISDEMEANOR,misdemeanor,Cash Bond,Bonded Out,,,,
dekalb,2017-11-12 19:51:22 EST,https://ody.dekalbcountyga.gov/app/ViewJailing/#/jailing/1345405,17007475,Thieme,Victoria,,f,White,26,1990-01-15,"23050 N 94TH ST, Scottsdale, AZ 85255",2017-11-11 04:58:00 EST,2017-11-11 21:27:00 EST,SO# X1704346 | Booking Number 17007475 | Jail ID 1345405 | Arrest ID 3915112,Dunwoody Police Depatment,DKSO,Public Intoxication, , ,Bonded Out,,,,
dekalb,2017-11-12 19:51:34 EST,https://ody.dekalbcountyga.gov/app/ViewJailing/#/jailing/1345406,17007476,TEWOLDE,ESSAY,T,m,Black,24,1992-09-28,"5277 RAILS WAY, NORCROSS, GA 30071",2017-11-11 05:07:00 EST,2017-11-11 15:17:00 EST,SO# X0496316 | Booking Number 17007476 | Jail ID 1345406 | Arrest ID 3915113,DeKalb Police Department,DKSO,"POSSESSION OF MARIJUANA, LESS THAN AN OUNCE | WILLFUL OBSTRUCTION OF LAW ENFORCEMENT OFFICERS - MISDEMEANOR | TAMPERING WITH EVIDENCE - MISDEMEANOR",  | misdemeanor | misdemeanor,Cash or Surety | Cash or Surety | Cash or Surety,Bonded Out | Bonded Out | Bonded Out,,,,
dekalb,2017-11-12 19:51:35 EST,https://ody.dekalbcountyga.gov/app/ViewJailing/#/jailing/1345408,17007478,CASTILLO,RANDY,JACOB,m,Other,33,1983-11-18,5043 BENT TREE LOOP STONE MOUNTAIN,2017-11-11 06:17:00 EST,2017-11-12 17:07:00 EST,SO# X0472191 | Booking Number 17007478 | Jail ID 1345408 | Arrest ID 3915115,DeKalb Police Department,DKSO,BATTERY - FAMILY VIOLENCE (1ST OFFENSE), , ,Bonded Out,,,,
dekalb,2017-11-12 19:51:36 EST,https://ody.dekalbcountyga.gov/app/ViewJailing/#/jailing/1345409,17007479,COVINGTON,DANNY,,m,Black,51,1966-01-06,"2704 PARKWAY TRL, LITHONIA,GA",2017-11-11 06:20:00 EST,,SO# X1704348 | Booking Number 17007479 | Jail ID 1345409 | Arrest ID 3915116,DeKalb Police Department,DKSO,BATTERY - FAMILY VIOLENCE (1ST OFFENSE) | AGGRAVATED STALKING,  |  ,  |  ,  |  ,,,,
dekalb,2017-11-12 19:51:38 EST,https://ody.dekalbcountyga.gov/app/ViewJailing/#/jailing/1345410,17007480,weathington,maurice,devon,m,Black,23,1993-06-19,"2386 coach WAY , jonesboro, GA 30236",2017-11-11 08:53:00 EST,,SO# X1704349 | Booking Number 17007480 | Jail ID 1345410 | Arrest ID 3915117,DeKalb County Sheriff Office,DKSO,FAILURE TO APPEAR FOR FINGERPRINTABLE CHARGE- MISDEMEANOR,misdemeanor,Cash or Surety,Bonded Out,,,,
dekalb,2017-11-12 19:51:39 EST,https://ody.dekalbcountyga.gov/app/ViewJailing/#/jailing/1345411,17007481,MAVOUNGOU,ROLAND,,m,Black,28,1988-01-20,"138 WILDWOOD GLEN, STONE MTN, GA 00000",2017-11-11 07:47:00 EST,,SO# X1704350 | Booking Number 17007481 | Jail ID 1345411 | Arrest ID 3915118,DeKalb Police Department,DKSO,BATTERY - FAMILY VIOLENCE (1ST OFFENSE), , ,Bonded Out,,,,
dekalb,2017-11-12 19:51:51 EST,https://ody.dekalbcountyga.gov/app/ViewJailing/#/jailing/1345412,17007482,HAYES,WILLIAM,JAMAL,m,Black,31,1985-10-15,"3521 Everson Woods Drive, Snellville, GA 30039",2017-11-11 08:13:00 EST,,SO# X0355282 | Booking Number 17007482 | Jail ID 1345412 | Arrest ID 3915119,Clarkston Police Department,DKSO,FAILURE TO APPEAR/Clarkston PD, ,Cash Bond, ,,,,
dekalb,2017-11-12 19:51:52 EST,https://ody.dekalbcountyga.gov/app/ViewJailing/#/jailing/1345413,17007483,DIXON,DONTAVIOUS,,m,Black,18,1998-07-16,"1431 COBB BRANCH DR, DECATUR, GA 30032",2017-11-11 08:56:00 EST,,SO# X0517887 | Booking Number 17007483 | Jail ID 1345413 | Arrest ID 3915120,DeKalb County Sheriff Office,DKSO,BATTERY - FAMILY VIOLENCE (1ST OFFENSE), ,Cash or Surety, ,,,,
dekalb,2017-11-12 19:52:04 EST,https://ody.dekalbcountyga.gov/app/ViewJailing/#/jailing/1345414,17007484,Khai,Pau,,m,Asian,20,1996-02-20,"778 Jolly AVE , APT G3, Clarkston, GA 30053",2017-11-11 09:45:00 EST,2017-11-11 13:49:00 EST,SO# X1704351 | Booking Number 17007484 | Jail ID 1345414 | Arrest ID 3915121,Clarkston Police Department,DKSO,FAILURE TO APPEAR/ Clarkston PD, ,Cash Bond,Bonded Out,,,,
dekalb,2017-11-12 19:52:06 EST,https://ody.dekalbcountyga.gov/app/ViewJailing/#/jailing/1345415,17007485,THORN,JAYDA,,f,Black,19,1997-10-13,"3001 HAVEST RIDGE DR , DECATUR, GA 30034",2017-11-11 10:03:00 EST,,SO# X1704352 | Booking Number 17007485 | Jail ID 1345415 | Arrest ID 3915123,DeKalb County Sheriff Office,DKSO,FAILURE TO APPEAR FOR FINGERPRINTABLE CHARGE- MISDEMEANOR,misdemeanor, , ,,,,
dekalb,2017-11-12 19:52:07 EST,https://ody.dekalbcountyga.gov/app/ViewJailing/#/jailing/1345416,17007486,Zavala,Alex,Horacio,m,Other,25,1991-08-22,"3060 BUFORD HWY, BROOKHAVEN GA",2017-11-11 10:18:00 EST,,SO# X1700842 | Booking Number 17007486 | Jail ID 1345416 | Arrest ID 3915124,Decatur Police Department,DKSO,DECATUR PD/DRIVING WITHOUT A VALID LICENSE (MISDEMEANOR) | DECATUR PD/NO PROOF OF INSURANCE | DECATUR PD/OBEDIENCE TO TRAF-CONTROL DEV,misdemeanor |   |  ,Cash or Surety | Cash or Surety | Cash or Surety,  |   |  ,,,,
dekalb,2017-11-12 19:52:19 EST,https://ody.dekalbcountyga.gov/app/ViewJailing/#/jailing/1345417,17007487,JONES,DIONTE,TERRELL,m,Black,27,1989-03-22,"627 MOUNTAIN #BR, STONE MTN, GA 00000",2017-11-11 10:42:00 EST,,SO# X1704353 | Booking Number 17007487 | Jail ID 1345417 | Arrest ID 3915125,DeKalb Police Department,DKSO,BATTERY - FAMILY VIOLENCE (1ST OFFENSE), , , ,,,,
dekalb,2017-11-12 19:52:31 EST,https://ody.dekalbcountyga.gov/app/ViewJailing/#/jailing/1345418,17007488,LOMNICK,ANTHONY,DAVON,m,Black,23,1994-09-01,"3123 CEDAR BROOK DR, DECATUR GA",2017-11-11 11:34:00 EST,,SO# X0444060 | Booking Number 17007488 | Jail ID 1345418 | Arrest ID 3915126,DeKalb Police Department,DKSO,CRIMINAL TRESPASS, , , ,,,,
dekalb,2017-11-12 19:52:33 EST,https://ody.dekalbcountyga.gov/app/ViewJailing/#/jailing/1345419,17007489,Bolton,Devonta,,m,Black,27,1989-11-27,"6785 Dogwood Point Ln, Tucker GA",2017-11-11 11:48:00 EST,2017-11-11 20:48:00 EST,SO# X1704354 | Booking Number 17007489 | Jail ID 1345419 | Arrest ID 3915127,Stone Mountain Police Department,DKSO,"STONE MTN PD/DRIVING WHILE LICENSE SUSPENDED OR REVOKED (MISDEMEANOR) | STONE MTN. PD/NO PROOF OF INSURANCE | STONE MTN. PD/UNR VEH;NO TAG,RV DECL,OR CNTY | STONE MTN.PD/IMPROPER DISPLAYED LICENSE PLATE",misdemeanor |   |   |  ,Cash or Surety | Cash or Surety | Cash or Surety | Cash or Surety,Bonded Out | Bonded Out | Bonded Out | Bonded Out,,,,
dekalb,2017-11-12 19:52:34 EST,https://ody.dekalbcountyga.gov/app/ViewJailing/#/jailing/1345420,17007490,LEAKS,DENTON,G,m,Black,26,1990-01-19,"2815 MISTY WATERS DR , APT 6, DECATUR, GA 30032",2017-11-11 12:02:00 EST,2017-11-11 17:37:00 EST,SO# X1704355 | Booking Number 17007490 | Jail ID 1345420 | Arrest ID 3915128,Clarkston Police Department,DKSO,CKPD/ CITY PRISONER/ DRIVING WHILE LICENSE SUSPENDED OR REVOKED, ,Surety Bond,Bonded Out,,,,
dekalb,2017-11-12 19:52:35 EST,https://ody.dekalbcountyga.gov/app/ViewJailing/#/jailing/1345421,17007491,BELL,NICOLAS,CARTON,m,Black,37,1980-08-04,"4212 INDIAN FOREST RD, STONE MOUNTAIN, 914 CLUBHOUSE CIR WEST, DECATUR, GA 30032",2017-11-11 12:14:00 EST,,SO# X1704356 | Booking Number 17007491 | Jail ID 1345421 | Arrest ID 3915129,DeKalb Police Department,DKSO,"POSSESSION OF COCAINE WITH INTENT TO DISTRIBUTE | POSSESSION OF MARIJUANA, MORE THAN AN OUNCE | POSSESSION OF METHAMPHETAMINE | POSSESSION AND USE OF DRUG RELATED OBJECTS | POSS FIREARM D/ CMSN OF FEL | CROSSING STATE/COUNTY GUARD LINES WITH WEAPONS, INTOXICANTS, DRUGS WITHOUT CONSENT",  |   |   |   | felony |  ,  |   |   | Surety Bond | Surety Bond |  ,  |   |   |   |   |  ,,,,
dekalb,2017-11-12 19:52:47 EST,https://ody.dekalbcountyga.gov/app/ViewJailing/#/jailing/1345422,17007492,LEWIS,ANDREW,,m,Black,59,1957-09-27,"2096 BRANNEN RD, ATLANTA, GA 30316",2017-11-11 12:24:00 EST,,SO# X0427710 | Booking Number 17007492 | Jail ID 1345422 | Arrest ID 3915130,DeKalb Police Department,DKSO,THEFT BY SHOPLIFTING - MISDEMEANOR,misdemeanor,Surety Bond, ,,,,
dekalb,2017-11-12 19:52:59 EST,https://ody.dekalbcountyga.gov/app/ViewJailing/#/jailing/1345423,17007493,WARREN,DEVIONTE,JAMAL,m,Black,22,1995-05-02,"600 ABBERLEY WAY , STONE MNT, GA 00000",2017-11-11 12:36:00 EST,,SO# X1704357 | Booking Number 17007493 | Jail ID 1345423 | Arrest ID 3915131,DeKalb Police Department,DKSO,FOREIGN WARRANT/ GWINNETT CO SO/ PROB. VIOL, , , ,,,,
dekalb,2017-11-12 19:53:11 EST,https://ody.dekalbcountyga.gov/app/ViewJailing/#/jailing/1345424,17007494,WILLIAMSON,ERICA,STARR,f,Black,37,1979-02-15,"6423 PINE RIDGE WAY, STONE MOUNTAIN GA",2017-11-11 12:40:00 EST,,SO# X0368266 | Booking Number 17007494 | Jail ID 1345424 | Arrest ID 3915132,DeKalb Police Department,DKSO,FOREIGN WARRANT/ GWINNETT CO SO, , , ,,,,
dekalb,2017-11-12 19:53:24 EST,https://ody.dekalbcountyga.gov/app/ViewJailing/#/jailing/1345425,17007495,JACKSON,OLAJAWUN,JAVON,m,Black,25,1991-07-21,"2848 HOSEA L WILLIAMS DRIVE, ATL, GA 30317",2017-11-11 13:37:00 EST,2017-11-11 22:14:00 EST,SO# X0411584 | Booking Number 17007495 | Jail ID 1345425 | Arrest ID 3915133,DeKalb Police Department,DKSO,MARIJUANA-POSSESS LESS THAN 1 OZ., ,Cash or Surety,Bonded Out,,,,
dekalb,2017-11-12 19:53:36 EST,https://ody.dekalbcountyga.gov/app/ViewJailing/#/jailing/1345426,17007496,GRANT,CALLINE,ULYSSES,f,Black,42,1975-12-06,"2000 BOULDERCREST RD #2, ATLANTA GA",2017-11-11 14:42:00 EST,,SO# X0298857 | Booking Number 17007496 | Jail ID 1345426 | Arrest ID 3915134,DeKalb Police Department,DKSO,Public Intoxication | DISORDERLY CONDUCT,  |  ,Surety Bond | Surety Bond,  |  ,,,,
dekalb,2017-11-12 19:53:48 EST,https://ody.dekalbcountyga.gov/app/ViewJailing/#/jailing/1345427,17007497,PADRICK,BRADLEY,JESSUP,m,White,38,1979-08-01,"3180 BARKSIDE CI, ATLANTA GA",2017-11-11 14:50:00 EST,,SO# X0191507 | Booking Number 17007497 | Jail ID 1345427 | Arrest ID 3915135,DeKalb Police Department,DKSO,AGGRAVATED ASSAULT | CRUELTY TO CHILDREN IN THE 3RD DEGREE 3RD OR SUBSEQUENT OFFENSE | BATTERY - FAMILY VIOLENCE,  |   |  ,  |   |  ,  |   |  ,,,,
dekalb,2017-11-12 19:53:50 EST,https://ody.dekalbcountyga.gov/app/ViewJailing/#/jailing/1345429,17007499,OMAR,ZAKARIYA,OSMAN,m,Other,42,1975-02-01,"863 GLYNN OAKES DR, CLARKSTON, GA 30021",2017-11-11 15:32:00 EST,,SO# X0250457 | Booking Number 17007499 | Jail ID 1345429 | Arrest ID 3915137,DeKalb County Sheriff Office,DKSO,BATTERY - FAMILY VIOLENCE (1ST OFFENSE) | CRUELTY TO CHILDREN IN THE 3RD DEGREE 3RD OR SUBSEQUENT OFFENSE,  |  ,  |  ,Bonded Out | Bonded Out,,,,
dekalb,2017-11-12 19:53:51 EST,https://ody.dekalbcountyga.gov/app/ViewJailing/#/jailing/1345430,17007500,Prophet,Latashis,Annette,f,Black,42,1975-01-03,"4130 Belvedere Sq  Apt F, Decatur, Ga",2017-11-11 16:12:00 EST,2017-11-11 23:14:00 EST,SO# X1704359 | Booking Number 17007500 | Jail ID 1345430 | Arrest ID 3915139,DeKalb Police Department,DKSO,DRIVING WHILE LICENSE SUSPENDED OR REVOKED (MISDEMEANOR),misdemeanor,Cash or Surety,Bonded Out,,,,
dekalb,2017-11-12 19:54:03 EST,https://ody.dekalbcountyga.gov/app/ViewJailing/#/jailing/1345431,17007501,BUTLER,ERIC,JEROME,m,Black,30,1987-01-08,"418 PRINCE OF WALES, STN MTN GA, 2665  WESLEY CHAPEL RD, DECATUR GA  30034",2017-11-11 16:16:00 EST,,SO# X0493587 | Booking Number 17007501 | Jail ID 1345431 | Arrest ID 3915140,DeKalb Police Department,DKSO,THEFT BY TAKING - FELONY,felony, , ,,,,
dekalb,2017-11-12 19:54:15 EST,https://ody.dekalbcountyga.gov/app/ViewJailing/#/jailing/1345432,17007502,magee,courtney,,f,White,25,1991-06-27,"1114 n. parkwood DR , FOREST PARK, GA 30297",2017-11-11 16:47:00 EST,2017-11-12 23:55:00 EST,SO# X1704360 | Booking Number 17007502 | Jail ID 1345432 | Arrest ID 3915141,DeKalb County Sheriff Office,DKSO,FOREIGN WARRANT/ COBB CO SO / CHILD SUPPORT, , ,Released to Another Agency,,,,
dekalb,2017-11-12 19:54:16 EST,https://ody.dekalbcountyga.gov/app/ViewJailing/#/jailing/1345433,17007503,Noland,Jack,Charles,m,White,16,2000-06-20,"3902 Granger Dr, Brookhaven, Ga",2017-11-11 16:55:00 EST,,SO# X1704361 | Booking Number 17007503 | Jail ID 1345433 | Arrest ID 3915143,Brookhaven Police Department,DKSO,CRIMINAL TRESPASS, ,Cash or Surety, ,,,,
dekalb,2017-11-12 19:54:17 EST,https://ody.dekalbcountyga.gov/app/ViewJailing/#/jailing/1345434,17007504,JONES,RODERICK,BERNARD,m,Black,32,1984-07-31,"3709 Dogwood Farm Rd, Decatur, Ga",2017-11-11 17:01:00 EST,,SO# X0258238 | Booking Number 17007504 | Jail ID 1345434 | Arrest ID 3915144,DeKalb Police Department,DKSO,FOREIGN WARRANT/Atlanta PD, , , ,,,,
dekalb,2017-11-12 19:54:19 EST,https://ody.dekalbcountyga.gov/app/ViewJailing/#/jailing/1345435,17007505,CASEY,CHRISTOPHER,JAHAD,m,Black,29,1987-07-29,"HOMELESS, HOMELESS, GA 30032",2017-11-11 18:04:00 EST,,SO# X1704362 | Booking Number 17007505 | Jail ID 1345435 | Arrest ID 3915145,DeKalb County Sheriff Office,DKSO,PROBATION VIOLATION  FOR FINGERPRINTABLE CHARGE- MISDEMEANOR | PROBATION VIOLATION  FOR FINGERPRINTABLE CHARGE- MISDEMEANOR | PROBATION VIOLATION  FOR FINGERPRINTABLE CHARGE- MISDEMEANOR | PROBATION VIOLATION  FOR FINGERPRINTABLE CHARGE- MISDEMEANOR,misdemeanor | misdemeanor | misdemeanor | misdemeanor,  |   |   |  ,  |   |   |  ,,,,
dekalb,2017-11-12 19:54:31 EST,https://ody.dekalbcountyga.gov/app/ViewJailing/#/jailing/1345436,17007506,BROWN,SHERWOOD,,m,Black,27,1990-10-05,"2121 WINDY HILL RD , MARIETTA, GA 00000",2017-11-11 17:42:00 EST,,SO# X1704363 | Booking Number 17007506 | Jail ID 1345436 | Arrest ID 3915146,DeKalb Police Department,DKSO,Speeding (JMS/Pros), ,Cash or Surety,Bonded Out,,,,
dekalb,2017-11-12 19:54:43 EST,https://ody.dekalbcountyga.gov/app/ViewJailing/#/jailing/1345437,17007507,Lansiquot,Katheline,,f,White,61,1955-03-14,1423 Braxton Circle Tucker GA,2017-11-11 18:12:00 EST,2017-11-12 16:58:00 EST,SO# X1704364 | Booking Number 17007507 | Jail ID 1345437 | Arrest ID 3915147,DeKalb Police Department,DKSO,SIMPLE ASSAULT | SIMPLE BATTERY,  |  ,  |  ,Charges Dropped | Bonded Out,,,,
dekalb,2017-11-12 19:54:56 EST,https://ody.dekalbcountyga.gov/app/ViewJailing/#/jailing/1345438,17007508,HILL,DERRICK,BERNARD,m,Black,24,1992-01-13,"4256 BOILONG DRIVE, ATL GA",2017-11-11 18:17:00 EST,,SO# X0520407 | Booking Number 17007508 | Jail ID 1345438 | Arrest ID 3915148,DeKalb Police Department,DKSO,THEFT BY SHOPLIFTING - FELONY,felony, , ,,,,
dekalb,2017-11-12 19:55:08 EST,https://ody.dekalbcountyga.gov/app/ViewJailing/#/jailing/1345439,17007509,Granillo-Tista,Sonia,E,f,White,35,1981-06-17,"3740 Club Dr  #4309, Duluth, Ga 30096",2017-11-11 18:54:00 EST,2017-11-11 22:57:00 EST,SO# X1704365 | Booking Number 17007509 | Jail ID 1345439 | Arrest ID 3915149,Dunwoody Police Depatment,DKSO,City Prisoner/Dunwoody Pd/Theft by Shoplifting, ,Cash or Surety,Bonded Out,,,,
dekalb,2017-11-12 19:55:20 EST,https://ody.dekalbcountyga.gov/app/ViewJailing/#/jailing/1345440,17007510,ALEXANDER,MARKEISIA,A,f,Black,24,1992-08-19,"3560 MEADOW GLEN VLG LN , DORAVILLE, GA 30340",2017-11-11 18:55:00 EST,2017-11-11 23:32:00 EST,SO# X1704366 | Booking Number 17007510 | Jail ID 1345440 | Arrest ID 3915150,Dunwoody Police Depatment,DKSO,"DUNWOODY PD/ CITY PRISONER/ UNR VEH;NO TAG,RV DECL,OR CNTY | DUNWOODY PD/ CITY PRISONER/ NO PROOF OF INSURANCE | DUNWOODY PD/ CITY PRISONER / DRIVING WHILE LICENSE SUSPENDED OR REVOKED | DUNWOODY PD/ CITY PRISONER / MARIJUANA-POSSESS LESS THAN 1 OZ.",  |   |   |  ,Cash or Surety | Cash or Surety | Cash or Surety | Cash or Surety,Bonded Out | Bonded Out | Bonded Out | Bonded Out,,,,
dekalb,2017-11-12 19:55:32 EST,https://ody.dekalbcountyga.gov/app/ViewJailing/#/jailing/1345441,17007511,Bingo,Kailey,Claire,f,White,24,1993-01-02,"1752 Ardley Pl, Juno Isles, FL",2017-11-11 19:25:00 EST,,SO# X1704367 | Booking Number 17007511 | Jail ID 1345441 | Arrest ID 3915151,Stone Mountain Police Department,DKSO,FUGITIVE FROM JUSTICE, , , ,,,,
dekalb,2017-11-12 19:55:44 EST,https://ody.dekalbcountyga.gov/app/ViewJailing/#/jailing/1345442,17007512,GRIMES,SHAWN,LEON,m,Black,22,1995-01-05,"983 CLUBHOUSE CIR W, DECATUR, GA 00000",2017-11-11 19:31:00 EST,,SO# X1704368 | Booking Number 17007512 | Jail ID 1345442 | Arrest ID 3915152,DeKalb Police Department,DKSO,FAILURE TO APPEAR FOR FINGERPRINTABLE CHARGE- MISDEMEANOR,misdemeanor, , ,,,,
dekalb,2017-11-12 19:55:57 EST,https://ody.dekalbcountyga.gov/app/ViewJailing/#/jailing/1345443,17007513,WARNER,DERRICK,L,m,Black,49,1968-01-02,"435 PENNYBROOK DR, STONE MTN GA",2017-11-11 20:27:00 EST,,SO# X0331810 | Booking Number 17007513 | Jail ID 1345443 | Arrest ID 3915153,DeKalb Police Department,DKSO,WILLFUL OBSTRUCTION OF LAW ENFORCEMENT OFFICERS - MISDEMEANOR | BATTERY - FAMILY VIOLENCE (1ST OFFENSE),misdemeanor |  ,  | Cash or Surety,  |  ,,,,
dekalb,2017-11-12 19:56:09 EST,https://ody.dekalbcountyga.gov/app/ViewJailing/#/jailing/1345444,17007514,HILL,TALEDO,,m,Black,42,1974-02-19,1012 DAVID DR,2017-11-11 20:48:00 EST,,SO# X1704369 | Booking Number 17007514 | Jail ID 1345444 | Arrest ID 3915154,Avondale Estates Police Department,DKSO,AVONDALE PD/  PROBATION VIOLATION, ,Cash Bond, ,,,,
dekalb,2017-11-12 19:56:21 EST,https://ody.dekalbcountyga.gov/app/ViewJailing/#/jailing/1345445,17007515,WILLIAMS,TORIS,,m,Black,63,1953-03-22,"1962 Willa Way, DECATUR, GA 30032",2017-11-11 20:59:00 EST,,SO# 14_X0001664 | Booking Number 17007515 | Jail ID 1345445 | Arrest ID 3915155,DeKalb Police Department,DKSO,THEFT BY SHOPLIFTING - MISDEMEANOR,misdemeanor,Surety Bond, ,,,,
dekalb,2017-11-12 19:56:34 EST,https://ody.dekalbcountyga.gov/app/ViewJailing/#/jailing/1345446,17007516,RELF,MARCUS,JERMAC,m,Black,32,1984-04-30,"1587 CREEKFORD WAY, 826 FORREST CIRCLE",2017-11-11 21:03:00 EST,,SO# X0247767 | Booking Number 17007516 | Jail ID 1345446 | Arrest ID 3915156,DeKalb Police Department,DKSO,FULTON CO SO/ FTA, , , ,,,,
dekalb,2017-11-12 19:56:46 EST,https://ody.dekalbcountyga.gov/app/ViewJailing/#/jailing/1345447,17007517,HENDERSON,DREVION,LAMONTE,m,Black,17,1999-04-16,"2571 CANDLER RD #P-17, DECATUR GA",2017-11-11 21:25:00 EST,2017-11-12 18:37:00 EST,SO# X0513558 | Booking Number 17007517 | Jail ID 1345447 | Arrest ID 3915157,DeKalb County Sheriff Office,DKSO,FAILURE TO APPEAR FOR FINGERPRINTABLE CHARGE- MISDEMEANOR,misdemeanor,Cash or Surety,Bonded Out,,,,
dekalb,2017-11-12 19:56:58 EST,https://ody.dekalbcountyga.gov/app/ViewJailing/#/jailing/1345448,17007518,Dhakal,Surita,Sapkota,f,Indian,33,1983-10-29,"2500 SHALLOWFORD RD NE, APT 7208, ATLANTA, GA 30345",2017-11-11 21:10:00 EST,2017-11-12 01:08:00 EST,SO# X1704370 | Booking Number 17007518 | Jail ID 1345448 | Arrest ID 3915158,DeKalb Police Department,DKSO,THEFT BY SHOPLIFTING - MISDEMEANOR,misdemeanor,Surety Bond,Bonded Out,,,,
dekalb,2017-11-12 19:57:10 EST,https://ody.dekalbcountyga.gov/app/ViewJailing/#/jailing/1345449,17007519,HARRIS,THOMAS,,m,Black,27,1989-09-14,2724 AIRPORT HWY TOLEDO OHIO,2017-11-11 21:12:00 EST,,SO# X1704371 | Booking Number 17007519 | Jail ID 1345449 | Arrest ID 3915159,Brookhaven Police Department,DKSO,BROOKHAVEN PD/ FAILURE TO APPEAR, , , ,,,,
dekalb,2017-11-12 19:57:23 EST,https://ody.dekalbcountyga.gov/app/ViewJailing/#/jailing/1345450,17007520,Smith,Brian,E,m,Black,26,1990-09-24,"317 Shelton Woods Ct, Stone Mountain, GA 30088",2017-11-11 21:18:00 EST,,SO# X1700596 | Booking Number 17007520 | Jail ID 1345450 | Arrest ID 3915160,DeKalb Police Department,DKSO,WILLFUL OBSTRUCTION OF LAW ENFORCEMENT OFFICERS - MISDEMEANOR | POSSESSION AND USE OF DRUG RELATED OBJECTS,misdemeanor |  ,Surety Bond | Surety Bond,  |  ,,,,
dekalb,2017-11-12 19:57:35 EST,https://ody.dekalbcountyga.gov/app/ViewJailing/#/jailing/1345451,17007521,MOBLEY,ISSA,TYRONE,m,Black,43,1973-11-14,"2219 HOLLY HILL DR, DECATUR GA",2017-11-11 21:32:00 EST,,SO# X0077338 | Booking Number 17007521 | Jail ID 1345451 | Arrest ID 3915161,DeKalb Police Department,DKSO,BURGLARY - 2ND DEGREE (FELONY),felony, , ,,,,
dekalb,2017-11-12 19:57:47 EST,https://ody.dekalbcountyga.gov/app/ViewJailing/#/jailing/1345452,17007522,GLASS,SHANTAVIA,,f,Black,30,1986-09-26,"4442 Cedar Ridge Trl, Stn Mtn, Ga  30083",2017-11-11 22:18:00 EST,,SO# X0285798 | Booking Number 17007522 | Jail ID 1345452 | Arrest ID 3915162,DeKalb Police Department,DKSO,"FORGERY - 4TH DEGREE (MISDEMEANOR) | GIVING FALSE NAME, ADDRESS, OR BIRTHDATE TO LAW ENFORCEMENT OFFICER | FINANCIAL IDENTITY FRAUD",misdemeanor |   |  ,Cash or Surety | Cash or Surety |  ,Charges Dropped |   |  ,,,,
dekalb,2017-11-12 19:57:48 EST,https://ody.dekalbcountyga.gov/app/ViewJailing/#/jailing/1345453,17007523,Evans,Gerell,,m,Black,34,1982-08-23,"5305 Kensington Cir, Lithonia, Ga 30038",2017-11-11 22:25:00 EST,,SO# X1704372 | Booking Number 17007523 | Jail ID 1345453 | Arrest ID 3915163,DeKalb Police Department,DKSO,BATTERY - FAMILY VIOLENCE (1ST OFFENSE), , , ,,,,
dekalb,2017-11-12 19:57:50 EST,https://ody.dekalbcountyga.gov/app/ViewJailing/#/jailing/1345454,17007524,MORRISON,DEREK,,m,Black,35,1981-02-22,302 PERIMETER CIR N APT 1228 ATLANTA GA,2017-11-11 22:39:00 EST,2017-11-12 09:54:00 EST,SO# X1704373 | Booking Number 17007524 | Jail ID 1345454 | Arrest ID 3915164,Brookhaven Police Department,DKSO,BROOKHAVEN PD/ HEADLIGHTS REQUIRED | BROOKHAVEN PD/ DUI ALCOHOL | BROOKHAVEN PD/ PROOF OF INSURANCE,  |   |  ,Cash or Surety | Cash or Surety | Cash or Surety,Bonded Out | Bonded Out | Bonded Out,,,,
dekalb,2017-11-12 19:57:51 EST,https://ody.dekalbcountyga.gov/app/ViewJailing/#/jailing/1345455,17007525,SHAND,DEVON,,m,Black,16,2000-05-24,"1150 ASTOR AVE SW, APT 2123, ATLANTA, GA 30310",2017-11-11 23:18:00 EST,,SO# X1704374 | Booking Number 17007525 | Jail ID 1345455 | Arrest ID 3915165,Dunwoody Police Depatment,DKSO,POSSESSION OF TOOLS FOR COMMISSION OF A CRIME | LOITERING OR PROWLING,  |  ,  | Cash or Surety,  |  ,,,,
dekalb,2017-11-12 19:58:03 EST,https://ody.dekalbcountyga.gov/app/ViewJailing/#/jailing/1345456,17007526,GIBSON,MARTINEZ,,m,Black,16,2000-08-30,"1150 ASTOR AVE SW, APT 1301, ATLANTA, GA 30310",2017-11-11 23:22:00 EST,,SO# X1704375 | Booking Number 17007526 | Jail ID 1345456 | Arrest ID 3915166,Dunwoody Police Depatment,DKSO,ENTERING AUTOMOBILE OR OTHER MOTOR VEHICLE WITH INTENT TO COMMIT THEFT OR FELONY | POSSESSION OF TOOLS FOR COMMISSION OF A CRIME,felony |  ,  |  ,  |  ,,,,
