county_name,timestamp,url,inmate_id,inmate_lastname,inmate_firstname,inmate_middlename,inmate_sex,inmate_race,inmate_age,inmate_dob,inmate_address,booking_timestamp,release_timestamp,processing_numbers,agency,facility,charges,severity,bond_amount,current_status,court_dates,days_jailed,other,notes
dekalb,2017-11-11 19:50:32 EST,https://ody.dekalbcountyga.gov/app/ViewJailing/#/jailing/1345312,17007382,Rosas-Pascacio,Pilar,,m,White,35,1981-10-12,433 Valley View Drive Stone Mtn Ga,2017-11-10 00:00:00 EST,2017-11-10 14:55:00 EST,SO# X1704302 | Booking Number 17007382 | Jail ID 1345312 | Arrest ID 3915015,DeKalb Police Department,DKSO,DRIVING WITHOUT A VALID LICENSE (MISDEMEANOR),misdemeanor,Cash or Surety,Bonded Out,,,,
dekalb,2017-11-11 19:50:33 EST,https://ody.dekalbcountyga.gov/app/ViewJailing/#/jailing/1345313,17007383,Boyd,Annette,,f,Black,22,1994-09-26,"3791 Auger Trl, Douglasville",2017-11-10 00:07:00 EST,,SO# X1704303 | Booking Number 17007383 | Jail ID 1345313 | Arrest ID 3915016,DeKalb Police Department,DKSO,OBEDIENCE TO TRAF-CONTROL DEV | DRIVING WHILE LICENSE SUSPENDED OR REVOKED (MISDEMEANOR),  | misdemeanor,Cash or Surety | Cash or Surety,  |  ,,,,
dekalb,2017-11-11 19:50:45 EST,https://ody.dekalbcountyga.gov/app/ViewJailing/#/jailing/1345314,17007384,LATHON,KARL,DAVID,m,White,57,1960-03-06,"420 COURTLAND ST , Atlanta, GA 30308",2017-11-10 00:23:00 EST,,SO# X0183556 | Booking Number 17007384 | Jail ID 1345314 | Arrest ID 3915017,Doraville Police Department,DKSO,"PRINTING, EXECUTING, NEGOTIATING CHECKS, DRAFTS, ETC. KNOWING INFORMATION IS IN ERROR OR FICTITIOUS | POSSESSION AND USE OF DRUG RELATED OBJECTS",  |  ,  | Cash or Surety,  |  ,,,,
dekalb,2017-11-11 19:50:47 EST,https://ody.dekalbcountyga.gov/app/ViewJailing/#/jailing/1345315,17007385,KING,ENRIQUE,,m,Black,44,1972-09-13,"5114 CLAXTON CT, MABLETON,GA",2017-11-10 00:27:00 EST,2017-11-10 19:58:00 EST,SO# X1704304 | Booking Number 17007385 | Jail ID 1345315 | Arrest ID 3915018,Doraville Police Department,DKSO,OUT OF COUNTY (FOREIGN WARRANT), , ,Released to Another Agency,,,,
dekalb,2017-11-11 19:50:48 EST,https://ody.dekalbcountyga.gov/app/ViewJailing/#/jailing/1345316,17007386,EMORY,KARLOS,RICARDO,m,Black,42,1974-12-26,"2969 STRATTFORD MILL, ELLENWOOD, TX 30317",2017-11-10 00:30:00 EST,2017-11-10 09:00:00 EST,SO# X0062476 | Booking Number 17007386 | Jail ID 1345316 | Arrest ID 3915019,DeKalb Police Department,DKSO,OUT OF COUNTY (FOREIGN WARRANT), , ,Released to Another Agency,,,,
dekalb,2017-11-11 19:51:00 EST,https://ody.dekalbcountyga.gov/app/ViewJailing/#/jailing/1345317,17007387,SANDERS,QUINTAVIOUS,MARQUEZ,m,Black,20,1996-04-21,"1881 DRIFTWOOD PL , SNELLVILLE, GA 30078",2017-11-10 01:15:00 EST,,SO# X1704305 | Booking Number 17007387 | Jail ID 1345317 | Arrest ID 3915020,DeKalb Police Department,DKSO,"BATTERY - FAMILY VIOLENCE (1ST OFFENSE) | MARIJUANA-POSSESS LESS THAN 1 OZ. | GIVING FALSE NAME, ADDRESS, OR BIRTHDATE TO LAW ENFORCEMENT OFFICER | NO PROOF OF INSURANCE | GIVING FALSE NAME, ADDRESS, OR BIRTHDATE TO LAW ENFORCEMENT OFFICER | DRIVING WITHOUT A VALID LICENSE (MISDEMEANOR) | CRUELTY TO CHILDREN IN THE 3RD DEGREE 3RD OR SUBSEQUENT OFFENSE",  |   |   |   |   | misdemeanor |  ,  | Cash or Surety | Cash or Surety | Cash or Surety | Cash or Surety | Cash or Surety | Cash or Surety,  |   |   |   |   |   |  ,,,,
dekalb,2017-11-11 19:51:01 EST,https://ody.dekalbcountyga.gov/app/ViewJailing/#/jailing/1345318,17007388,ALDRIDGE,REGGIE,,m,Black,44,1973-12-06,"1466 CORN CRIB CT , STONE MOUNTAIN, GA 30088",2017-11-10 01:37:00 EST,2017-11-10 19:17:00 EST,SO# X1704306 | Booking Number 17007388 | Jail ID 1345318 | Arrest ID 3915021,DeKalb Police Department,DKSO,DRIVING WHILE LICENSE SUSPENDED OR REVOKED (MISDEMEANOR) | TURN MOVEMENTS; SIGNALS REQ,misdemeanor |  ,Cash or Surety | Cash or Surety,Bonded Out | Bonded Out,,,,
dekalb,2017-11-11 19:51:13 EST,https://ody.dekalbcountyga.gov/app/ViewJailing/#/jailing/1345319,17007389,STEWART,JOHN,TAVIOUS,m,Black,25,1991-02-15,"511 TRAVELRS REST RD  MONTEZUMA, GA",2017-11-10 02:26:00 EST,2017-11-11 11:25:00 EST,SO# X1704307 | Booking Number 17007389 | Jail ID 1345319 | Arrest ID 3915023,DeKalb Police Department,DKSO,DRIVING WHILE LICENSE SUSPENDED OR REVOKED (MISDEMEANOR),misdemeanor,Cash or Surety,Bonded Out,,,,
dekalb,2017-11-11 19:51:26 EST,https://ody.dekalbcountyga.gov/app/ViewJailing/#/jailing/1345320,17007390,TZAMOS,VASILIOS,,m,Black,61,1956-03-05,2786 WINDING LN  BROOKHAVEN GA,2017-11-10 02:43:00 EST,2017-11-11 03:28:00 EST,SO# X1704308 | Booking Number 17007390 | Jail ID 1345320 | Arrest ID 3915024,Brookhaven Police Department,DKSO,FOLLOWING TOO CLOSELY | WILLFUL OBSTRUCTION OF LAW ENFORCEMENT OFFICERS - MISDEMEANOR | REFUSING TO SIGN A CITATION,  | misdemeanor |  ,Cash or Surety | Cash or Surety | Cash or Surety,Bonded Out | Bonded Out | Bonded Out,,,,
dekalb,2017-11-11 19:51:38 EST,https://ody.dekalbcountyga.gov/app/ViewJailing/#/jailing/1345321,17007391,Torres-Sevilla,Marco,Tulio,m,White,26,1991-12-10,2930 VALLEY VIEW DR POWER SPRINGS GA,2017-11-10 02:53:00 EST,2017-11-10 16:15:00 EST,SO# X1704309 | Booking Number 17007391 | Jail ID 1345321 | Arrest ID 3915025,DeKalb Police Department,DKSO,DUI - DRIVING UNDER THE INFLUENCE OF ALCOHOL | DRIVING ON ROADWAYS LANED FOR TRAFFIC | DRIVING WITHOUT A VALID LICENSE (MISDEMEANOR),  |   | misdemeanor,Cash or Surety | Cash or Surety | Cash or Surety,Bonded Out | Bonded Out | Bonded Out,,,,
dekalb,2017-11-11 19:51:40 EST,https://ody.dekalbcountyga.gov/app/ViewJailing/#/jailing/1345322,17007392,CUNNINGHAM,SAVANNAH,,f,White,16,2000-03-29,1625 SADDLE CREEK RD AUBURN GA,2017-11-10 03:07:00 EST,,SO# X1704310 | Booking Number 17007392 | Jail ID 1345322 | Arrest ID 3915026,DeKalb Police Department,DKSO,PROBATION VIOLATION  FOR FINGERPRINTABLE CHARGE- MISDEMEANOR,misdemeanor, , ,,,,
dekalb,2017-11-11 19:51:41 EST,https://ody.dekalbcountyga.gov/app/ViewJailing/#/jailing/1345323,17007393,ARTIS,LANAJIA,EUGENIE,f,Black,24,1993-04-08,953 CLUBHOUSE CIR W APT A ATLANTA GA,2017-11-10 04:56:00 EST,,SO# X1704311 | Booking Number 17007393 | Jail ID 1345323 | Arrest ID 3915028,DeKalb Police Department,DKSO,DRIVING WHILE LICENSE SUSPENDED OR REVOKED (MISDEMEANOR),misdemeanor,Cash or Surety,Bonded Out,,,,
dekalb,2017-11-11 19:51:53 EST,https://ody.dekalbcountyga.gov/app/ViewJailing/#/jailing/1345324,17007394,JONES,LAQUITA,RENEA,f,Black,28,1989-02-03,"530 SAM PABLO DR, STONE MTN, GA 30083",2017-11-10 05:20:00 EST,2017-11-11 01:03:00 EST,SO# X0449656 | Booking Number 17007394 | Jail ID 1345324 | Arrest ID 3915029,DeKalb Police Department,DKSO,DRIVING WHILE LICENSE SUSPENDED OR REVOKED (MISDEMEANOR),misdemeanor,Cash or Surety,Bonded Out,,,,
dekalb,2017-11-11 19:51:54 EST,https://ody.dekalbcountyga.gov/app/ViewJailing/#/jailing/1345325,17007395,RICKS,ANTHON,JERRY,m,Black,27,1989-08-31,"6573 Demere Drive, Morrow, Ga",2017-11-10 07:47:00 EST,,SO# X0505493 | Booking Number 17007395 | Jail ID 1345325 | Arrest ID 3915030,DeKalb County Sheriff Office,DKSO,DRIVING WITHOUT A VALID LICENSE (MISDEMEANOR),misdemeanor, , ,,,,
dekalb,2017-11-11 19:52:07 EST,https://ody.dekalbcountyga.gov/app/ViewJailing/#/jailing/1345326,17007396,MAXWELL,COURNAE,,f,Black,19,1997-02-26,"805 Lake Point Place, DUNWOODY, GA 30338",2017-11-10 08:01:00 EST,2017-11-10 13:41:00 EST,SO# X0510162 | Booking Number 17007396 | Jail ID 1345326 | Arrest ID 3915031,Dodge County,DKSO,Probation Violation/ Sandy Springs PD, , ,Released to Another Agency,,,,
dekalb,2017-11-11 19:52:19 EST,https://ody.dekalbcountyga.gov/app/ViewJailing/#/jailing/1345327,17007397,GOODEN,SHEMIKA,T,f,Black,31,1986-12-03,"1300 STONE MILL CV APT C, 345 MAGNOLIA WALK LANE, STONE MOUNTAIN, GA 30083",2017-11-10 09:08:00 EST,,SO# X0520390 | Booking Number 17007397 | Jail ID 1345327 | Arrest ID 3915032,DeKalb Police Department,DKSO,MARIJUANA-POSSESS LESS THAN 1 OZ. | POSSESSION OF A SCHEDULE I OR II CONTROLLED SUBSTANCE WITH INTENT TO DISTRIBUTE | POSSESSION OF FIREARM OR KNIFE DURING COMMISSION OF OR ATTEMPT TO COMMIT CERTAIN FELONIES,  |   | felony,Cash or Surety |   |  ,  |   |  ,,,,
dekalb,2017-11-11 19:52:20 EST,https://ody.dekalbcountyga.gov/app/ViewJailing/#/jailing/1345328,17007398,Harvey,William,,m,Black,27,1989-09-29,"200 16th , APT 902D, Phoenix City, AL 00000",2017-11-10 10:32:00 EST,,SO# X1704312 | Booking Number 17007398 | Jail ID 1345328 | Arrest ID 3915033,Veterans Administration Police Department,DKSO,Obstruction Of Officer/ Muscogee CO SO, , , ,,,,
dekalb,2017-11-11 19:52:32 EST,https://ody.dekalbcountyga.gov/app/ViewJailing/#/jailing/1345329,17007399,MORELAND,CHRISTOPHER,CLIFTON,m,Black,27,1989-09-29,"3014 Links Dr SE, ATLANTA, GA 30317",2017-11-10 10:31:00 EST,,SO# X0452932 | Booking Number 17007399 | Jail ID 1345329 | Arrest ID 3915034,DeKalb County Sheriff Office,DKSO,DRIVING WHILE LICENSE SUSPENDED OR REVOKED (MISDEMEANOR),misdemeanor, , ,,,,
dekalb,2017-11-11 19:52:45 EST,https://ody.dekalbcountyga.gov/app/ViewJailing/#/jailing/1345330,17007400,STEPHENS,LASHANTA,J,f,Black,26,1990-01-21,"1991 LEWIS RD SE , ATLANTA, GA 00000",2017-11-10 09:42:00 EST,2017-11-11 09:33:00 EST,SO# X1704313 | Booking Number 17007400 | Jail ID 1345330 | Arrest ID 3915035,DeKalb Police Department,DKSO,Exceeding Maximum Speed Limits | DRIVING WHILE LICENSE SUSPENDED OR REVOKED (MISDEMEANOR) | Child Safety Restraint Violation,  | misdemeanor |  ,  |   |  ,Bonded Out | Bonded Out | Bonded Out,,,,
dekalb,2017-11-11 19:52:57 EST,https://ody.dekalbcountyga.gov/app/ViewJailing/#/jailing/1345331,17007401,HALL,JAMES,JACKSON,m,Black,54,1963-06-09,"1643 MONTCLIFF CT , DECATUR, GA 30033",2017-11-10 10:06:00 EST,2017-11-11 11:38:00 EST,SO# X1704314 | Booking Number 17007401 | Jail ID 1345331 | Arrest ID 3915036,DeKalb County Sheriff Office,DKSO,ENTICE CHILD FOR INDECENT PURP | CHILD MOLESTATION | CHILD MOLESTATION,  |   |  ,  |   |  ,Bonded Out | Bonded Out | Bonded Out,,,,
dekalb,2017-11-11 19:52:58 EST,https://ody.dekalbcountyga.gov/app/ViewJailing/#/jailing/1345332,17007402,CERVANTES,LUCAS,GREGORIO,m,Other,37,1979-11-23,"4733 BUFORD HWY #D, CHAMBLEE GA, 1120 BUFORD HWY APT D",2017-11-10 10:38:00 EST,2017-11-11 16:03:00 EST,SO# X0367766-1 | Booking Number 17007402 | Jail ID 1345332 | Arrest ID 3915037,Doraville Police Department,DKSO,WILLFUL OBSTRUCTION OF LAW ENFORCEMENT OFFICERS - MISDEMEANOR | PUBLIC DRUNK (LIST ON DISPOSITION WHEN SERIOUS OFFENSE IS DOWNGRADED),misdemeanor |  ,Cash or Surety | Cash or Surety,Bonded Out | Bonded Out,,,,
dekalb,2017-11-11 19:53:00 EST,https://ody.dekalbcountyga.gov/app/ViewJailing/#/jailing/1345333,17007403,DIAZ-RODRIGUEZ,LUCIANO,,m,Other,58,1958-09-26,"218 ASHLEY LAKE DRIVE, PEACHTREE, GA 00000",2017-11-10 10:35:00 EST,,SO# X1704315 | Booking Number 17007403 | Jail ID 1345333 | Arrest ID 3915038,Doraville Police Department,DKSO,OUT OF COUNTY (FOREIGN WARRANT)FTA-FULTON CO SO, , , ,,,,
dekalb,2017-11-11 19:53:01 EST,https://ody.dekalbcountyga.gov/app/ViewJailing/#/jailing/1345334,17007404,GUSTER,RICHARD,E,m,White,45,1971-12-18,"3044 PINE MANOR CT, ATLANTA GA",2017-11-10 10:27:00 EST,,SO# X0336605 | Booking Number 17007404 | Jail ID 1345334 | Arrest ID 3915039,DeKalb Police Department,DKSO,PROBATION VIOLATION/TRAFFIC OFFENSE/CLARKSTON- MISDEMEANOR,misdemeanor, , ,,,,
dekalb,2017-11-11 19:53:12 EST,https://ody.dekalbcountyga.gov/app/ViewJailing/#/jailing/1345335,17007405,KANG,SUSAN,EUNJU,f,Asian,39,1977-04-21,"640 GIBBONS DR , SCOTTDALE, GA 30079",2017-11-10 10:32:00 EST,,SO# X0457425 | Booking Number 17007405 | Jail ID 1345335 | Arrest ID 3915040,DeKalb Police Department,DKSO,BATTERY - FAMILY VIOLENCE (1ST OFFENSE), , , ,,,,
dekalb,2017-11-11 19:53:25 EST,https://ody.dekalbcountyga.gov/app/ViewJailing/#/jailing/1345336,17007406,BUTLER,BRANDY,NICOLE,f,Black,38,1978-10-23,"481 HAMBRICK RD, APT. 24, STN MTN GA",2017-11-10 10:49:00 EST,,SO# X0501846 | Booking Number 17007406 | Jail ID 1345336 | Arrest ID 3915041,DeKalb Police Department,DKSO,Open Container | Public Intoxication,  |  ,Cash or Surety | Cash or Surety,  |  ,,,,
dekalb,2017-11-11 19:53:26 EST,https://ody.dekalbcountyga.gov/app/ViewJailing/#/jailing/1345337,17007407,WILLIAMS,XAVIER,,m,Black,53,1963-01-22,"1732 CAMPER DOWNS CIRCLE, DECATUR, GA 00000",2017-11-10 11:44:00 EST,2017-11-11 04:11:00 EST,SO# X0092530 | Booking Number 17007407 | Jail ID 1345337 | Arrest ID 3915042,Clarkston Police Department,DKSO,City Prisoner, , ,Bonded Out,,,,
dekalb,2017-11-11 19:53:27 EST,https://ody.dekalbcountyga.gov/app/ViewJailing/#/jailing/1345338,17007408,WEEMS,PORSCHA,LATRICE,f,Black,25,1991-11-22,"1779 JANJOLIN WAY, (678)-650-5045, CONLEY, GA 30288",2017-11-10 11:21:00 EST,,SO# X0402441 | Booking Number 17007408 | Jail ID 1345338 | Arrest ID 3915043,DeKalb Police Department,DKSO,DRIVING WITHOUT A VALID LICENSE (MISDEMEANOR) | NO PROOF OF INSURANCE,misdemeanor |  ,Cash or Surety | Cash or Surety,  |  ,,,,
dekalb,2017-11-11 19:53:39 EST,https://ody.dekalbcountyga.gov/app/ViewJailing/#/jailing/1345339,17007409,SYKES,STEPHANIE,MARIE,f,Black,26,1990-09-21,"1241 GATES CIRCLE , ATLANTA, GA 00000",2017-11-10 11:33:00 EST,2017-11-10 18:34:00 EST,SO# X1704316 | Booking Number 17007409 | Jail ID 1345339 | Arrest ID 3915044,Atlanta Police Department,DKSO,THEFT BY SHOPLIFTING - MISDEMEANOR,misdemeanor,Cash or Surety,Bonded Out,,,,
dekalb,2017-11-11 19:53:52 EST,https://ody.dekalbcountyga.gov/app/ViewJailing/#/jailing/1345340,17007410,chester,steven,,m,Black,41,1975-09-23,"4673 hairston crossing WAY , stone mountain, GA 30083",2017-11-10 11:45:00 EST,,SO# X1704317 | Booking Number 17007410 | Jail ID 1345340 | Arrest ID 3915045,DeKalb County Sheriff Office,DKSO,child support/rockdale co so, , , ,,,,
dekalb,2017-11-11 19:54:04 EST,https://ody.dekalbcountyga.gov/app/ViewJailing/#/jailing/1345341,17007411,IKNER,KRYSTAL,A,f,Black,34,1983-11-08,"2736 PARKWAY TRAIL, LITHONIA, GA 30058",2017-11-10 12:03:00 EST,,SO# X0462034 | Booking Number 17007411 | Jail ID 1345341 | Arrest ID 3915046,DeKalb Police Department,DKSO,PROBATION VIOLATION-SUSPENED REGISTRATION, , , ,,,,
dekalb,2017-11-11 19:54:16 EST,https://ody.dekalbcountyga.gov/app/ViewJailing/#/jailing/1345342,17007412,EVANS,JARVIS,JAMARCUS,m,Black,24,1992-06-18,"2866 HEATHERMERE CT., DECATUR, GA 30034",2017-11-10 12:14:00 EST,2017-11-11 06:09:00 EST,SO# X0468660 | Booking Number 17007412 | Jail ID 1345342 | Arrest ID 3915047,DeKalb Police Department,DKSO,FAILURE TO APPEAR-NORCOSS PD, , ,Released to Another Agency,,,,
dekalb,2017-11-11 19:54:17 EST,https://ody.dekalbcountyga.gov/app/ViewJailing/#/jailing/1345343,17007413,CHOICE,XAVIER,REONCE,m,Black,30,1987-12-05,"3499 BOULDERCREST RD, CONLEY, GA 30315",2017-11-10 12:20:00 EST,,SO# X0314280 | Booking Number 17007413 | Jail ID 1345343 | Arrest ID 3915048,DeKalb Police Department,DKSO,CRIMINAL TRESPASS, ,Cash or Surety, ,,,,
dekalb,2017-11-11 19:54:19 EST,https://ody.dekalbcountyga.gov/app/ViewJailing/#/jailing/1345344,17007414,BOVENZI,TIMOTHY,,m,White,46,1970-10-17,"4960 CINNABAR DR , ALPHARETTA, GA 30022",2017-11-10 12:25:00 EST,2017-11-11 04:19:00 EST,SO# X1704318 | Booking Number 17007414 | Jail ID 1345344 | Arrest ID 3915049,Dunwoody Police Depatment,DKSO,DRIVING W/LICENSE SUSPENDED-DUNWOODY PD | SUSPENDED REGISTRATION-DUNWOODY PD | NO INSURANCE-DUNWOODY PD,  |   |  ,Cash or Surety | Cash or Surety | Cash or Surety,Bonded Out | Bonded Out | Bonded Out,,,,
dekalb,2017-11-11 19:54:31 EST,https://ody.dekalbcountyga.gov/app/ViewJailing/#/jailing/1345345,17007415,MORALES,JOSE,GUADALUPE,m,Black,38,1978-12-11,"5675 Roswell RD , Atlanta, GA 30342",2017-11-10 12:43:00 EST,2017-11-11 19:39:00 EST,SO# X1704319 | Booking Number 17007415 | Jail ID 1345345 | Arrest ID 3915050,Dunwoody Police Depatment,DKSO,FAILURE TO APPEAR FOR FINGERPRINTABLE CHARGE- MISDEMEANOR,misdemeanor, ,Bonded Out,,,,
dekalb,2017-11-11 19:54:43 EST,https://ody.dekalbcountyga.gov/app/ViewJailing/#/jailing/1345346,17007416,DURKIN,"MICHAEL, Jr.",EDWARD,m,White,60,1957-04-07,"356 Peter Street, Atlanta, GA 30318",2017-11-10 12:59:00 EST,,SO# X0514739 | Booking Number 17007416 | Jail ID 1345346 | Arrest ID 3915051,DeKalb Police Department,DKSO,THEFT BY SHOPLIFTING - FELONY,felony,Cash or Surety, ,,,,
dekalb,2017-11-11 19:54:44 EST,https://ody.dekalbcountyga.gov/app/ViewJailing/#/jailing/1345347,17007417,ASFAW,SHIMELIS,,m,Black,38,1978-02-12,"1353 BROCKETT ROAD, #2005, CLARKSON GA, 2005  BROCKETT WAY",2017-11-10 13:32:00 EST,,SO# X0512763 | Booking Number 17007417 | Jail ID 1345347 | Arrest ID 3915052,Stone Mountain Police Department,DKSO,SMPD/  CITY PRISONER/  DRIVING WHILE LICENSE SUSPENDED OR REVOKED | SMPD/  CITY PRISONER/ NO PROOF OF INSURANCE,  |  ,Cash or Surety | Cash or Surety,  |  ,,,,
dekalb,2017-11-11 19:54:56 EST,https://ody.dekalbcountyga.gov/app/ViewJailing/#/jailing/1345348,17007418,Steakley,Matthew,Louis,m,White,40,1976-06-29,"2926 Hermance DR NE, Atlanta, GA 30319",2017-11-10 17:28:00 EST,,SO# X1704320 | Booking Number 17007418 | Jail ID 1345348 | Arrest ID 3915053,DeKalb County Sheriff Office,DKSO,THEFT BY CONVERSION - FELONY | THEFT BY CONVERSION - FELONY | THEFT BY CONVERSION - FELONY | THEFT BY CONVERSION - FELONY,felony | felony | felony | felony,  |   |   |  ,  |   |   |  ,,,,
dekalb,2017-11-11 19:55:09 EST,https://ody.dekalbcountyga.gov/app/ViewJailing/#/jailing/1345349,17007419,LEWIS,DOUGLAS,B,m,Black,56,1960-09-23,"5596 OLD ORCHARD CT, DECATUR, GA 30273",2017-11-10 17:32:00 EST,,SO# 6_00163404 | Booking Number 17007419 | Jail ID 1345349 | Arrest ID 3915054,DeKalb County Sheriff Office,DKSO,SEXUAL BATTERY - MISDEMEANOR,misdemeanor, , ,,,,
dekalb,2017-11-11 19:55:21 EST,https://ody.dekalbcountyga.gov/app/ViewJailing/#/jailing/1345350,17007420,Walker,Derrick,Matez,m,Black,21,1995-08-15,"2089 Garden Circle , Decatur, GA 30032",2017-11-10 17:34:00 EST,,SO# X1704321 | Booking Number 17007420 | Jail ID 1345350 | Arrest ID 3915055,DeKalb County Sheriff Office,DKSO,PROSTITUTION | WILLFUL OBSTRUCTION OF LAW ENFORCEMENT OFFICERS - MISDEMEANOR,  | misdemeanor,  |  ,  |  ,,,,
dekalb,2017-11-11 19:55:34 EST,https://ody.dekalbcountyga.gov/app/ViewJailing/#/jailing/1345351,17007421,MILLER-WHYE,SHANGOO,AMURR,m,Black,16,2000-04-30,"5130 E POUNCE DE LEON , STONE MTN, GA 30083",2017-11-10 14:45:00 EST,2017-11-11 04:29:00 EST,SO# X1704322 | Booking Number 17007421 | Jail ID 1345351 | Arrest ID 3915056,DeKalb County Schools,DKSO,THEFT BY RECEIVING STOLEN PROPERTY - MISDEMEANOR,misdemeanor,Surety Bond,Bonded Out,,,,
dekalb,2017-11-11 19:55:46 EST,https://ody.dekalbcountyga.gov/app/ViewJailing/#/jailing/1345352,17007422,DORSEY,JEREMY,LAMOUNT,m,Black,27,1990-06-04,"4815 BUFORD HWY (LKA) , ATLANTA, GA 30341",2017-11-10 17:35:00 EST,,SO# X1704323 | Booking Number 17007422 | Jail ID 1345352 | Arrest ID 3915057,DeKalb County Sheriff Office,DKSO,FAILURE TO REGISTER AS SEXOFFENDER/FAILURE TO COMPLY WITH REQUIREMENTS/PROVIDED FALSE INFORMATION, , , ,,,,
dekalb,2017-11-11 19:55:58 EST,https://ody.dekalbcountyga.gov/app/ViewJailing/#/jailing/1345353,17007423,MATHEWS,BRIAN,ANTHONY,m,Black,28,1988-01-19,"316 MEADOWOOD MANOR, LITHONIA GA",2017-11-10 14:56:00 EST,,SO# X0505394 | Booking Number 17007423 | Jail ID 1345353 | Arrest ID 3915058,DeKalb Police Department,DKSO,"POSSESSION OF MARIJUANA, LESS THAN AN OUNCE | FAILURE TO APPEAR FOR FINGERPRINTABLE CHARGE- FELONY | FAILURE TO APPEAR FOR FINGERPRINTABLE CHARGE- FELONY | FAILURE TO APPEAR FOR FINGERPRINTABLE CHARGE- FELONY | FAILURE TO APPEAR FOR FINGERPRINTABLE CHARGE- FELONY",  | felony | felony | felony | felony,  |   |   |   |  ,  |   |   |   |  ,,,,
dekalb,2017-11-11 19:56:10 EST,https://ody.dekalbcountyga.gov/app/ViewJailing/#/jailing/1345354,17007424,HOLLOWAY,JERRI,,f,Black,32,1984-10-12,"1029 MCDANIEL ST , ATLANTA, GA 30310",2017-11-10 17:35:00 EST,,SO# X1704324 | Booking Number 17007424 | Jail ID 1345354 | Arrest ID 3915059,DeKalb County Sheriff Office,DKSO,ARMED ROBBERY, , , ,,,,
dekalb,2017-11-11 19:56:23 EST,https://ody.dekalbcountyga.gov/app/ViewJailing/#/jailing/1345355,17007425,CABRICES,KRISTEN,ROSE,f,White,28,1988-10-12,"1902 JEANNIE CT, TUCKER, GA 30084",2017-11-10 15:21:00 EST,,SO# X0462871-1 | Booking Number 17007425 | Jail ID 1345355 | Arrest ID 3915060,DeKalb County Sheriff Office,DKSO,PROBATION VIOLATION (WHEN PROBATION TERMS ARE ALTERED) FOR FINGERPRINTABLE CHARGE - FELONY | FAILURE TO APPEAR FOR FINGERPRINTABLE CHARGE- FELONY,felony | felony,  |  ,  |  ,,,,
dekalb,2017-11-11 19:56:35 EST,https://ody.dekalbcountyga.gov/app/ViewJailing/#/jailing/1345356,17007426,JOHNSON,AMBER,,f,Black,23,1993-02-28,"10725 ABERCORN ST , APT 1405, SAVANNAH, GA 00000",2017-11-10 15:07:00 EST,2017-11-11 01:13:00 EST,SO# X1704325 | Booking Number 17007426 | Jail ID 1345356 | Arrest ID 3915061,DeKalb Police Department,DKSO,DRIVING WHILE LICENSE SUSPENDED OR REVOKED (MISDEMEANOR),misdemeanor,Cash or Surety,Bonded Out,,,,
dekalb,2017-11-11 19:56:47 EST,https://ody.dekalbcountyga.gov/app/ViewJailing/#/jailing/1345357,17007427,HUSSEY,KRISTA,,f,White,29,1987-05-19,"4348 BUCKINGHAM PALACE , DULUTH, GA 30096",2017-11-10 17:33:00 EST,2017-11-11 09:43:00 EST,SO# X1704326 | Booking Number 17007427 | Jail ID 1345357 | Arrest ID 3915062,DeKalb County Sheriff Office,DKSO,PROSTITUTION, ,Cash or Surety,Bonded Out,,,,
dekalb,2017-11-11 19:57:00 EST,https://ody.dekalbcountyga.gov/app/ViewJailing/#/jailing/1345358,17007428,DAVENPORT,KUYOM,RENEE,f,Black,35,1982-03-03,"1410 CHELSEA DOWNS LN  NE, CONYERS GA",2017-11-10 15:07:00 EST,2017-11-11 00:38:00 EST,SO# X0505695 | Booking Number 17007428 | Jail ID 1345358 | Arrest ID 3915063,Clarkston Police Department,DKSO,CKPD/ CITY PRISONER / DRIVING WHILE LICENSE SUSPENDED OR REVOKED, ,Surety Bond,Bonded Out,,,,
dekalb,2017-11-11 19:57:12 EST,https://ody.dekalbcountyga.gov/app/ViewJailing/#/jailing/1345359,17007429,Francis,Yacim,,m,Black,24,1992-01-25,1910 Bodwin Place Apt A Decatur GA 30035,2017-11-10 15:24:00 EST,2017-11-11 16:39:00 EST,SO# X1704327 | Booking Number 17007429 | Jail ID 1345359 | Arrest ID 3915064,DeKalb Police Department,DKSO,BRAKE/SIGNAL LIGHT VIOLATION | Open Container | DRIVING WITHOUT A VALID LICENSE (MISDEMEANOR) | VIOLATION GA CONTROLLED SUBSTANCE ACT-MARIJUANA,  |   | misdemeanor |  ,Cash or Surety | Cash or Surety | Cash or Surety |  ,Bonded Out | Bonded Out | Bonded Out | Bonded Out,,,,
dekalb,2017-11-11 19:57:24 EST,https://ody.dekalbcountyga.gov/app/ViewJailing/#/jailing/1345360,17007430,MORGAN,NICHOLAS,DEANDRE,m,Black,31,1986-01-04,"5640 WELLBORN OAKS CT LITHONIA GA, 3008 TREE MOUNTAIN PKWY STONEMOUNTAIN",2017-11-10 15:37:00 EST,,SO# X0286002 | Booking Number 17007430 | Jail ID 1345360 | Arrest ID 3915065,DeKalb Police Department,DKSO,VIOLATION GA CONTROLLED SUBSTANCE ACT(MARIJUANA), , ,Bonded Out,,,,
dekalb,2017-11-11 19:57:37 EST,https://ody.dekalbcountyga.gov/app/ViewJailing/#/jailing/1345361,17007431,MORELAND,LATREZ,,m,Black,17,1999-01-28,"2330 MARYLAND CT , DECATUR, GA 30032",2017-11-10 15:56:00 EST,,SO# X1704328 | Booking Number 17007431 | Jail ID 1345361 | Arrest ID 3915066,DeKalb Police Department,DKSO,MARIJUANA-POSSESS LESS THAN 1 OZ., ,Surety Bond, ,,,,
dekalb,2017-11-11 19:57:49 EST,https://ody.dekalbcountyga.gov/app/ViewJailing/#/jailing/1345362,17007432,WESLEY,"EL-KAHIRAS, II.",S,m,Black,28,1989-09-11,"280 NORTHERN AVE APT 26-L, AVONDALE ESTATES GA",2017-11-10 16:38:00 EST,,SO# X0353141 | Booking Number 17007432 | Jail ID 1345362 | Arrest ID 3915067,DeKalb Police Department,DKSO,PROBATION VIOLATION  FOR FINGERPRINTABLE CHARGE- MISDEMEANOR | THEFT BY RECEIVING STOLEN PROPERTY- FELONY,misdemeanor | felony,  |  ,  |  ,,,,
dekalb,2017-11-11 19:58:02 EST,https://ody.dekalbcountyga.gov/app/ViewJailing/#/jailing/1345363,17007433,JOHNSON,PAULA,ANN MARIE,f,Black,25,1992-09-08,"195 FAIRBURN ROAD NW, ATLANTA, GA 30331",2017-11-10 17:37:00 EST,,SO# X0458422-1 | Booking Number 17007433 | Jail ID 1345363 | Arrest ID 3915068,DeKalb County Sheriff Office,DKSO,FAILURE TO APPEAR FOR FINGERPRINTABLE CHARGE- FELONY,felony, , ,,,,
dekalb,2017-11-11 19:58:14 EST,https://ody.dekalbcountyga.gov/app/ViewJailing/#/jailing/1345364,17007434,CLOER,CHRYSTAL,,f,White,39,1977-07-25,"1219 SEXTON RD , RESACE, GA 30735",2017-11-10 17:14:00 EST,,SO# X1704329 | Booking Number 17007434 | Jail ID 1345364 | Arrest ID 3915069,Dunwoody Police Depatment,DKSO,BATTERY, , , ,,,,
dekalb,2017-11-11 19:58:26 EST,https://ody.dekalbcountyga.gov/app/ViewJailing/#/jailing/1345365,17007435,REED,KEITH,,m,Black,29,1988-10-11,"3645 LARKSPUR TER , DECATUR, GA 30032",2017-11-10 16:48:00 EST,2017-11-11 12:21:00 EST,SO# 2_X0435125 | Booking Number 17007435 | Jail ID 1345365 | Arrest ID 3915070,DeKalb County Sheriff Office,DKSO,THEFT BY RECEIVING STOLEN PROPERTY - MISDEMEANOR,misdemeanor,Surety Bond,Bonded Out,,,,
dekalb,2017-11-11 19:58:42 EST,https://ody.dekalbcountyga.gov/app/ViewJailing/#/jailing/1345366,17007436,WELCH,JEREMY,,m,Black,25,1991-09-14,"160 MEADOWOOD SQ , LITHONIA, GA 00000",2017-11-10 16:57:00 EST,,SO# X1704330 | Booking Number 17007436 | Jail ID 1345366 | Arrest ID 3915071,DeKalb Police Department,DKSO,FOREIGN WARRANT/ GWINNETT CO SO / CONTEMPT, , , ,,,,
dekalb,2017-11-11 19:58:58 EST,https://ody.dekalbcountyga.gov/app/ViewJailing/#/jailing/1345367,17007437,STINCHCOMB,SANTERIA,,f,Black,24,1993-12-06,"515 BARFIELD DR , ATLANTA, GA 30310",2017-11-10 17:45:00 EST,2017-11-11 16:36:00 EST,SO# X1704331 | Booking Number 17007437 | Jail ID 1345367 | Arrest ID 3915072,Dunwoody Police Depatment,DKSO,THEFT BY TAKING - MISDEMEANOR,misdemeanor,Surety Bond,Bonded Out,,,,
dekalb,2017-11-11 19:59:11 EST,https://ody.dekalbcountyga.gov/app/ViewJailing/#/jailing/1345368,17007438,PRICE,PATRICK,LEESEAN,m,Black,37,1980-11-11,"484 N HIGHLAND AVE ATLANTA GA, 208 SUMMERWOOD DR CLARKSTON GA",2017-11-10 17:46:00 EST,,SO# X0411229 | Booking Number 17007438 | Jail ID 1345368 | Arrest ID 3915073,Atlanta Police Department,DKSO,THEFT BY SHOPLIFTING - MISDEMEANOR,misdemeanor,Cash or Surety, ,,,,
dekalb,2017-11-11 19:59:23 EST,https://ody.dekalbcountyga.gov/app/ViewJailing/#/jailing/1345369,17007439,LEACH,THOMAS,REGINALD,m,Black,28,1988-12-22,"3478 SHEPARDS PATH, DECATUR, GA 30236",2017-11-10 17:49:00 EST,,SO# X0426902 | Booking Number 17007439 | Jail ID 1345369 | Arrest ID 3915074,DeKalb Police Department,DKSO,THEFT BY SHOPLIFTING - MISDEMEANOR,misdemeanor,Cash or Surety, ,,,,
dekalb,2017-11-11 19:59:35 EST,https://ody.dekalbcountyga.gov/app/ViewJailing/#/jailing/1345370,17007440,MCCALL,DANIEL,ANTONIO,m,Black,25,1992-06-06,"5616 WELLS CIRCLE, STONE MOUNTAIN, GA 30087",2017-11-10 17:54:00 EST,,SO# X0459708 | Booking Number 17007440 | Jail ID 1345370 | Arrest ID 3915075,DeKalb County Sheriff Office,DKSO,DRIVING WHILE LICENSE SUSPENDED OR REVOKED (MISDEMEANOR),misdemeanor, , ,,,,
dekalb,2017-11-11 19:59:48 EST,https://ody.dekalbcountyga.gov/app/ViewJailing/#/jailing/1345371,17007441,EDWARDS,SAHCHELL,,f,Black,18,1999-11-05,"5201 FAIRINGTON CLB , DECATUR, GA 30034",2017-11-10 17:54:00 EST,,SO# X1704332 | Booking Number 17007441 | Jail ID 1345371 | Arrest ID 3915076,DeKalb Police Department,DKSO,MARIJUANA-POSSESS LESS THAN 1 OZ., ,Cash or Surety, ,,,,
dekalb,2017-11-11 20:00:01 EST,https://ody.dekalbcountyga.gov/app/ViewJailing/#/jailing/1345372,17007442,BONEGAS,KEYVIN,N,m,White,37,1979-07-28,"6162 MEADOWBROOK DR   NORCROSS, G A 30093",2017-11-10 18:04:00 EST,,SO# X1704333 | Booking Number 17007442 | Jail ID 1345372 | Arrest ID 3915077,DeKalb County Sheriff Office,DKSO,DRIVING WITHOUT A VALID LICENSE (MISDEMEANOR),misdemeanor, , ,,,,
dekalb,2017-11-11 20:00:14 EST,https://ody.dekalbcountyga.gov/app/ViewJailing/#/jailing/1345373,17007443,FAUST,AARON,ONEIL,m,Black,33,1983-12-22,"4101 LINDSEY DR, DECATUR, GA 30023",2017-11-10 18:30:00 EST,,SO# X0259954 | Booking Number 17007443 | Jail ID 1345373 | Arrest ID 3915078,DeKalb County Sheriff Office,DKSO,DRIVING WHILE LICENSE SUSPENDED OR REVOKED (MISDEMEANOR),misdemeanor, , ,,,,
dekalb,2017-11-11 20:00:15 EST,https://ody.dekalbcountyga.gov/app/ViewJailing/#/jailing/1345374,17007444,JUECHTER,JULIA,IVERSON,f,White,41,1975-12-26,"2630 TALLEY ST, 210, DECATUR, GA 30030",2017-11-10 18:22:00 EST,,SO# X0522977 | Booking Number 17007444 | Jail ID 1345374 | Arrest ID 3915079,DeKalb County Sheriff Office,DKSO,DECATUR MUNICIPAL COURT/DUI-ALCOHOL/ CONTROLLED SUBSTANCE PRESENT IN BLOOD, , , ,,,,
dekalb,2017-11-11 20:00:27 EST,https://ody.dekalbcountyga.gov/app/ViewJailing/#/jailing/1345375,17007445,DANIELS,OLALEKAN,ADELAJA,m,Black,46,1970-04-17,"700 GEMSTONE TRL    ARLINGTON, TX 76002",2017-11-10 18:29:00 EST,2017-11-11 05:38:00 EST,SO# X1704334 | Booking Number 17007445 | Jail ID 1345375 | Arrest ID 3915080,DeKalb Police Department,DKSO,DUI - DRIVING UNDER THE INFLUENCE OF ALCOHOL, ,Cash or Surety,Bonded Out,,,,
dekalb,2017-11-11 20:00:40 EST,https://ody.dekalbcountyga.gov/app/ViewJailing/#/jailing/1345376,17007446,BELL,KENO,ANTWONE,m,Black,27,1990-05-07,"3300 DREXEL LN, APT. 2, EAST POINT GA",2017-11-10 19:03:00 EST,,SO# X0510068 | Booking Number 17007446 | Jail ID 1345376 | Arrest ID 3915081,DeKalb County Sheriff Office,DKSO,FORGERY - 1ST DEGREE | FORGERY - 2ND DEGREE | DRUGS OFFENSE,  |   |  ,  |   |  ,  |   |  ,,,,
dekalb,2017-11-11 20:00:52 EST,https://ody.dekalbcountyga.gov/app/ViewJailing/#/jailing/1345377,17007447,DAWSON,ANDRE,MONTE,m,Black,36,1980-05-27,"5192 McCarter Station, Stone Mountain",2017-11-10 19:15:00 EST,,SO# 6_X0171098 | Booking Number 17007447 | Jail ID 1345377 | Arrest ID 3915083,DeKalb Police Department,DKSO,City Prisoner | PROBATION VIOLATION/CITY PRISONER/CLARKSTON PD- MISDEMEANOR,  | misdemeanor,  | Cash Bond,Charges Dropped |  ,,,,
dekalb,2017-11-11 20:00:53 EST,https://ody.dekalbcountyga.gov/app/ViewJailing/#/jailing/1345378,17007448,CALHOUN,"MARCUS, Sr.",TREMAINE,m,Black,33,1984-12-10,"5997  VALLEY  GREEN  ROAD, LITHONIA GA",2017-11-10 19:25:00 EST,,SO# X0254662 | Booking Number 17007448 | Jail ID 1345378 | Arrest ID 3915084,DeKalb County Sheriff Office,DKSO,SIMPLE BATTERY | OBSTRUCTING OR HINDERING PERSONS MAKING EMERGENCY TELEPHONE CALL | CRIMINAL TRESPASS,  |   |  ,  |   |  ,  |   |  ,,,,
dekalb,2017-11-11 20:00:54 EST,https://ody.dekalbcountyga.gov/app/ViewJailing/#/jailing/1345379,17007449,GLOVER,DENETHER,,m,Black,58,1958-05-24,"3584 MEADOWGLEN LN  APT. J      DORAVILLE, GA",2017-11-10 19:26:00 EST,2017-11-11 01:58:00 EST,SO# X1704335 | Booking Number 17007449 | Jail ID 1345379 | Arrest ID 3915085,DeKalb Police Department,DKSO,THEFT BY SHOPLIFTING - MISDEMEANOR,misdemeanor,Cash or Surety,Sign Own Recognizance,,,,
dekalb,2017-11-11 20:00:55 EST,https://ody.dekalbcountyga.gov/app/ViewJailing/#/jailing/1345380,17007450,COLEBROOK,DARNELL,MICHAEL,m,Black,63,1954-12-10,"4223 LOVELESS DRIVE, 1819 WHITE HALL FOREST COURT, ELLENWOOD, GA 30294",2017-11-10 19:29:00 EST,,SO# X0127526 | Booking Number 17007450 | Jail ID 1345380 | Arrest ID 3915086,DeKalb County Sheriff Office,DKSO,DRIVING WHILE LICENSE SUSPENDED OR REVOKED (MISDEMEANOR),misdemeanor, , ,,,,
dekalb,2017-11-11 20:01:08 EST,https://ody.dekalbcountyga.gov/app/ViewJailing/#/jailing/1345381,17007451,Usher,Deantoine,,m,Black,18,1999-06-01,"4371 Glenwood RD , Decatur, GA 30034",2017-11-10 19:48:00 EST,,SO# X1704336 | Booking Number 17007451 | Jail ID 1345381 | Arrest ID 3915087,DeKalb Police Department,DKSO,THEFT BY RECEIVING STOLEN PROPERTY- FELONY,felony, , ,,,,
dekalb,2017-11-11 20:01:20 EST,https://ody.dekalbcountyga.gov/app/ViewJailing/#/jailing/1345382,17007452,CURRY,TAMORROW,,m,Black,30,1987-11-06,"3201 N CLEBURNE ST , BRUNSWICK, GA 00000",2017-11-10 19:57:00 EST,,SO# X1704337 | Booking Number 17007452 | Jail ID 1345382 | Arrest ID 3915088,Stone Mountain Police Department,DKSO,FOREIGN WARRANT/ GLYNN CO SO/ FTA-CRIMINAL DAMAGE, , , ,,,,
dekalb,2017-11-11 20:01:33 EST,https://ody.dekalbcountyga.gov/app/ViewJailing/#/jailing/1345383,17007453,MOSLEY,QUINTON,EUGENE,m,Black,35,1982-10-01,"5945 SETCLIFFE SQ, LITHONIA, GA 00000",2017-11-10 20:57:00 EST,,SO# X0260039-1 | Booking Number 17007453 | Jail ID 1345383 | Arrest ID 3915089,DeKalb County Sheriff Office,DKSO,FAILURE TO APPEAR FOR FINGERPRINTABLE CHARGE- FELONY | FAILURE TO APPEAR FOR FINGERPRINTABLE CHARGE- FELONY | FAILURE TO APPEAR FOR FINGERPRINTABLE CHARGE- FELONY | FAILURE TO APPEAR FOR FINGERPRINTABLE CHARGE- FELONY | FAILURE TO APPEAR FOR FINGERPRINTABLE CHARGE- FELONY | CRUELTY TO CHILDREN IN THE 3RD DEGREE 3RD OR SUBSEQUENT OFFENSE | AGGRAVATED ASSAULT | BATTERY - FAMILY VIOLENCE,felony | felony | felony | felony | felony |   |   |  ,  |   |   |   |   |   |   |  ,  |   |   |   |   |   |   |  ,,,,
dekalb,2017-11-11 20:01:45 EST,https://ody.dekalbcountyga.gov/app/ViewJailing/#/jailing/1345384,17007454,LYONS,DARRELL,MARKES,m,Black,31,1985-09-30,"1364 ZEBULON RD, GRIFFIN GA",2017-11-10 21:24:00 EST,,SO# X0376308 | Booking Number 17007454 | Jail ID 1345384 | Arrest ID 3915090,Brookhaven Police Department,DKSO,BROOKHAVEN PD - POSS OF MARIJUANA, ,Cash or Surety, ,,,,
dekalb,2017-11-11 20:01:57 EST,https://ody.dekalbcountyga.gov/app/ViewJailing/#/jailing/1345385,17007455,Straughan,Jan,,f,White,44,1972-01-14,1972 Bahia Mar Dr Stonemountain Ga,2017-11-10 21:32:00 EST,,SO# X1704338 | Booking Number 17007455 | Jail ID 1345385 | Arrest ID 3915091,Decatur Police Department,DKSO,THEFT BY SHOPLIFTING - FELONY,felony, , ,,,,
dekalb,2017-11-11 20:02:08 EST,https://ody.dekalbcountyga.gov/app/ViewJailing/#/jailing/1345386,17007456,YOUNG,CHRISTOPHER,ARON,m,Black,34,1982-12-13,"6675 HAWES DR, LITHONIA, GA 30058",2017-11-10 21:32:00 EST,,SO# X0522512 | Booking Number 17007456 | Jail ID 1345386 | Arrest ID 3915092,DeKalb County Sheriff Office,DKSO,DUI - DRIVING UNDER THE INFLUENCE OF ALCOHOL | TOO FAST FOR CONDITIONS,  |  ,  |  ,  |  ,,,,
dekalb,2017-11-11 20:02:21 EST,https://ody.dekalbcountyga.gov/app/ViewJailing/#/jailing/1345387,17007457,JONES,JOHN,GLENN,m,Black,54,1962-02-20,"110 CUSTER AVE  LOT 18   EATONTON, GA",2017-11-10 21:38:00 EST,2017-11-11 10:12:00 EST,SO# X1704339 | Booking Number 17007457 | Jail ID 1345387 | Arrest ID 3915093,Brookhaven Police Department,DKSO,BROOKHAVEN PD- DRIVING UNDER REVOKED/SUSPENDED LICENSE, ,Cash or Surety,Bonded Out,,,,
dekalb,2017-11-11 20:02:33 EST,https://ody.dekalbcountyga.gov/app/ViewJailing/#/jailing/1345388,17007458,JACKSON,TICAWONA,RENAKO,m,Black,38,1978-10-30,"5734 MARBUT RD., LITHONIA, GA 30058",2017-11-10 21:50:00 EST,2017-11-11 09:58:00 EST,SO# X0291607 | Booking Number 17007458 | Jail ID 1345388 | Arrest ID 3915094,DeKalb County Sheriff Office,DKSO,FAILURE TO APPEAR FOR FINGERPRINTABLE CHARGE- MISDEMEANOR | FAILURE TO APPEAR FOR FINGERPRINTABLE CHARGE- MISDEMEANOR,misdemeanor | misdemeanor,Cash Bond | Cash Bond,Bonded Out | Bonded Out,,,,
dekalb,2017-11-11 20:02:45 EST,https://ody.dekalbcountyga.gov/app/ViewJailing/#/jailing/1345389,17007459,COVIN,CHEQUELOUS,,m,Black,20,1996-07-25,"11 FOX CHASE CIR APT 13, Greensboro, GA 30642",2017-11-10 21:46:00 EST,,SO# X0516628-1 | Booking Number 17007459 | Jail ID 1345389 | Arrest ID 3915095,Stone Mountain Park Police,DKSO,FAILURE TO APPEAR FOR FINGERPRINTABLE CHARGE- MISDEMEANOR | FAILURE TO APPEAR FOR FINGERPRINTABLE CHARGE- MISDEMEANOR | FAILURE TO APPEAR FOR FINGERPRINTABLE CHARGE- MISDEMEANOR | FAILURE TO APPEAR FOR FINGERPRINTABLE CHARGE- MISDEMEANOR,misdemeanor | misdemeanor | misdemeanor | misdemeanor,  |   |   |  ,  |   |   |  ,,,,
dekalb,2017-11-11 20:02:57 EST,https://ody.dekalbcountyga.gov/app/ViewJailing/#/jailing/1345390,17007460,PERRYMAN,ANTONIO,,m,Black,35,1982-11-01,1655 Cobb Creek Ln Decatur Ga,2017-11-10 22:02:00 EST,,SO# X1704340 | Booking Number 17007460 | Jail ID 1345390 | Arrest ID 3915096,DeKalb Police Department,DKSO,DISORDERLY CONDUCT, , , ,,,,
dekalb,2017-11-11 20:03:10 EST,https://ody.dekalbcountyga.gov/app/ViewJailing/#/jailing/1345391,17007461,CHARLES,FRANCIS,DARIUS,m,Black,28,1989-04-10,"6620 RIVER GLEN DR    RIVERDALE, GA",2017-11-10 22:10:00 EST,2017-11-11 13:07:00 EST,SO# X1704341 | Booking Number 17007461 | Jail ID 1345391 | Arrest ID 3915097,Atlanta Police Department,DKSO,MARIJUANA-POSSESS LESS THAN 1 OZ. | WILLFUL OBSTRUCTION OF LAW ENFORCEMENT OFFICERS - MISDEMEANOR,  | misdemeanor,Cash or Surety | Cash or Surety,Bonded Out | Bonded Out,,,,
dekalb,2017-11-11 20:03:21 EST,https://ody.dekalbcountyga.gov/app/ViewJailing/#/jailing/1345392,17007462,GIBSON,BRITTANY,RASCHELLE,f,Black,18,1998-06-17,"3762 COLUMBIA PKWY , DECATUR, GA 00000",2017-11-10 22:23:00 EST,,SO# X1704342 | Booking Number 17007462 | Jail ID 1345392 | Arrest ID 3915098,DeKalb Police Department,DKSO,CRIMINAL TRESPASS, ,Surety Bond, ,,,,
dekalb,2017-11-11 20:03:33 EST,https://ody.dekalbcountyga.gov/app/ViewJailing/#/jailing/1345393,17007463,JONES,BRYON,ANTONIO,m,Black,51,1965-11-22,"655 LEXINGTON AVE, ATLANTA, GA 30318",2017-11-10 22:36:00 EST,,SO# X0455990 | Booking Number 17007463 | Jail ID 1345393 | Arrest ID 3915099,DeKalb Police Department,DKSO,Public Intoxication, ,Surety Bond, ,,,,
dekalb,2017-11-11 20:03:45 EST,https://ody.dekalbcountyga.gov/app/ViewJailing/#/jailing/1345394,17007464,THOMAS,JARVIS,,m,Black,22,1995-04-04,"2942 Ember Dr, Decatur",2017-11-10 23:31:00 EST,,SO# X0502791 | Booking Number 17007464 | Jail ID 1345394 | Arrest ID 3915101,DeKalb Police Department,DKSO,BATTERY - FAMILY VIOLENCE (1ST OFFENSE) | CRIMINAL TRESPASS,  |  ,  |  ,  |  ,,,,
