county_name,timestamp,url,inmate_id,inmate_lastname,inmate_firstname,inmate_middlename,inmate_sex,inmate_race,inmate_age,inmate_dob,inmate_address,booking_timestamp,release_timestamp,processing_numbers,agency,facility,charges,severity,bond_amount,current_status,court_dates,days_jailed,other,notes
Muscogee,2017-11-13 11:50:49 EST,https://www.columbusga.org/sheriff/InmateSearch.htm,,HOPKINS,CALVONTA,D,m,black,21,1997,,2017-11-13,,,,,ENTERING MOTOR VEHICLE W/INTENT TO COMMIT THEFT,,,,,,,
Muscogee,2017-11-13 11:50:49 EST,https://www.columbusga.org/sheriff/InmateSearch.htm,,ROBERTS,DE'QUANDRE,,m,black,24,1994,,2017-11-13,,,,,BATTERY WITH PHYSICAL VISIBLE HARM | FALSE IMPRISONMENT | SEXUAL BATTERY,,,,,,,
Muscogee,2017-11-13 11:50:49 EST,https://www.columbusga.org/sheriff/InmateSearch.htm,,ROBERTSON,DEBORAH,L,f,white,42,1976,,2017-11-13,,,,,FALSE STATEMENTS AND WRITINGS,,,,,,,
Muscogee,2017-11-13 11:50:49 EST,https://www.columbusga.org/sheriff/InmateSearch.htm,,MENEFEE,ERIC,,m,black,50,1968,,2017-11-13,,,,,TRAFFICKING PERSON FOR LABOR OR SEXUAL SERVITUDE | SEXUAL EXPLOITATION OF CHILDREN,,,,,,,
Muscogee,2017-11-13 11:50:49 EST,https://www.columbusga.org/sheriff/InmateSearch.htm,,WHITFIELD,GARY,D,m,black,29,1989,,2017-11-13,,,,,SEXUAL EXPLOITATION OF CHILDREN,,,,,,,
Muscogee,2017-11-13 11:50:49 EST,https://www.columbusga.org/sheriff/InmateSearch.htm,,BROOME,JASON,D,m,white,19,1999,,2017-11-13,,,,,"POSSESSION OF MARIJUANA, LESS THAN ONE OUNCE",,,,,,,
Muscogee,2017-11-13 11:50:49 EST,https://www.columbusga.org/sheriff/InmateSearch.htm,,MCFARLAND,MARQUINTIZ,D,m,black,29,1989,,2017-11-13,,,,,VIO.OF PROB.S.C.(JORDAN),,,,,,,
Muscogee,2017-11-13 11:50:49 EST,https://www.columbusga.org/sheriff/InmateSearch.htm,,PRUITT,WILLIAM,,m,white,49,1969,,2017-11-13,,,,,SEXUAL EXPLOITATION OF CHILDREN,,,,,,,
Muscogee,2017-11-13 11:50:49 EST,https://www.columbusga.org/sheriff/InmateSearch.htm,,GOMEZ,ALFREDO,L,m,white,40,1978,,2017-11-12,,,,,DRIVING UNDER THE INFLUENCE | NO STATE DRIVERS LICENSE,,,,,,,
Muscogee,2017-11-13 11:50:49 EST,https://www.columbusga.org/sheriff/InmateSearch.htm,,WRIGHT,CARL,,m,black,49,1969,,2017-11-12,,,,,VIO.OF PROB.S.C.(MULLINS),,,,,,,
Muscogee,2017-11-13 11:50:49 EST,https://www.columbusga.org/sheriff/InmateSearch.htm,,BLANKENSHIP,CHRISTIANA,D,f,white,24,1994,,2017-11-12,,,,,DISORDERLY CONDUCT,,,,,,,
Muscogee,2017-11-13 11:50:49 EST,https://www.columbusga.org/sheriff/InmateSearch.htm,,POWELL,DAVID,A,m,white,57,1961,,2017-11-12,,,,,OPEN CONTAINER ALCOHOLIC BEVERAGE OPERATING VEHICL | STOP SIGN,,,,,,,
Muscogee,2017-11-13 11:50:49 EST,https://www.columbusga.org/sheriff/InmateSearch.htm,,ALDRIDGE,DEQUAN,T,m,black,22,1996,,2017-11-12,,,,,OBSTRUCTION OF 911 CALL | SIMPLE BATTERY | SIMPLE ASSAULT ATTEMPT TO COMMIT VIOLENT INJURY | OBSTRUCTION OF A LAW ENFORCEMENT OFFICER,,,,,,,
Muscogee,2017-11-13 11:50:49 EST,https://www.columbusga.org/sheriff/InmateSearch.htm,,WELDON,DERECK,C,m,black,31,1987,,2017-11-12,,,,,SEXUAL EXPLOITATION OF CHILDREN,,,,,,,
Muscogee,2017-11-13 11:50:49 EST,https://www.columbusga.org/sheriff/InmateSearch.htm,,BRYANT,DWIGHT,A,m,black,59,1959,,2017-11-12,,,,,HOLD FOR LOWNDES COUNTY,,,,,,,
Muscogee,2017-11-13 11:50:49 EST,https://www.columbusga.org/sheriff/InmateSearch.htm,,BATES,HAROLD,,m,black,36,1982,,2017-11-12,,,,,TRAFFICKING PERSON FOR LABOR OR SEXUAL SERVITUDE | SEXUAL EXPLOITATION OF CHILDREN,,,,,,,
Muscogee,2017-11-13 11:50:49 EST,https://www.columbusga.org/sheriff/InmateSearch.htm,,JAMES,IESHA,D,f,black,27,1991,,2017-11-12,,,,,SIMPLE BATTERY,,,,,,,
Muscogee,2017-11-13 11:50:49 EST,https://www.columbusga.org/sheriff/InmateSearch.htm,,LONG,JARROD,R,m,black,28,1990,,2017-11-12,,,,,"SEXUAL EXPLOITATION OF CHILDREN | POSSESSION OF MARIJUANA, LESS THAN ONE OUNCE",,,,,,,
Muscogee,2017-11-13 11:50:49 EST,https://www.columbusga.org/sheriff/InmateSearch.htm,,SLATON,JERAD,,m,white,37,1981,,2017-11-12,,,,,FAMILY VIOLENCE ORDER VIOLATION | DISORDERLY CONDUCT,,,,,,,
Muscogee,2017-11-13 11:50:49 EST,https://www.columbusga.org/sheriff/InmateSearch.htm,,COBB,JIMMY,S,m,black,36,1982,,2017-11-12,,,,,TRAFFICKING PERSON FOR LABOR OR SEXUAL SERVITUDE | SEXUAL EXPLOITATION OF CHILDREN,,,,,,,
Muscogee,2017-11-13 11:50:49 EST,https://www.columbusga.org/sheriff/InmateSearch.htm,,,,,m,white,38,1980,,2017-11-12,,,,,DRIVING UNDER THE INFLUENCE,,,,,,,
Muscogee,2017-11-13 11:50:49 EST,https://www.columbusga.org/sheriff/InmateSearch.htm,,BAKER,KELVIN,L,m,black,37,1981,,2017-11-12,,,,,CRIMINAL TRESPASS,,,,,,,
Muscogee,2017-11-13 11:50:49 EST,https://www.columbusga.org/sheriff/InmateSearch.htm,,MARSHALL,MATTHEW,,m,white,29,1989,,2017-11-12,,,,,SIMPLE ASSAULT ATTEMPT TO COMMIT VIOLENT INJURY,,,,,,,
Muscogee,2017-11-13 11:50:49 EST,https://www.columbusga.org/sheriff/InmateSearch.htm,,EVERETT,MICHAEL,,m,black,23,1995,,2017-11-12,,,,,SEXUAL EXPLOITATION OF CHILDREN,,,,,,,
Muscogee,2017-11-13 11:50:49 EST,https://www.columbusga.org/sheriff/InmateSearch.htm,,THREATS,MORRELL,,m,black,40,1978,,2017-11-12,,,,,THEFT BY SHOPLIFTING | POSSESSION AND USE OF DRUG RELATED OBJECTS,,,,,,,
Muscogee,2017-11-13 11:50:49 EST,https://www.columbusga.org/sheriff/InmateSearch.htm,,STREETER,QUINTERIA,D,f,black,23,1995,,2017-11-12,,,,,HOLD FOR TROUP COUNTY,,,,,,,
Muscogee,2017-11-13 11:50:49 EST,https://www.columbusga.org/sheriff/InmateSearch.htm,,REIM,REGINA,,f,white,28,1990,,2017-11-12,,,,,DISORDERLY CONDUCT,,,,,,,
Muscogee,2017-11-13 11:50:49 EST,https://www.columbusga.org/sheriff/InmateSearch.htm,,FORSYTH,RODNEY,,m,white,46,1972,,2017-11-12,,,,,LOITERING OR PROWLING,,,,,,,
Muscogee,2017-11-13 11:50:49 EST,https://www.columbusga.org/sheriff/InmateSearch.htm,,SURRETT,TAYLOR,M,f,white,25,1993,,2017-11-12,,,,,"POSSESSION OF MARIJUANA, LESS THAN ONE OUNCE",,,,,,,
Muscogee,2017-11-13 11:50:49 EST,https://www.columbusga.org/sheriff/InmateSearch.htm,,CRUMP,TERIKA,,f,black,26,1992,,2017-11-12,,,,,"POSS, MANUFACTURE, DISTRIBUTION OF CONT. SUB | REGISTRATION,SUSPENDED, CANCELED, OR REVOKED. | POSSESSION AND USE OF DRUG RELATED OBJECTS",,,,,,,
Muscogee,2017-11-13 11:50:49 EST,https://www.columbusga.org/sheriff/InmateSearch.htm,,ARNOLD,TERRILL,W,m,white,53,1965,,2017-11-12,,,,,LOITERING OR PROWLING | POSSESSION AND USE OF DRUG RELATED OBJECTS,,,,,,,
Muscogee,2017-11-13 11:50:49 EST,https://www.columbusga.org/sheriff/InmateSearch.htm,,TAYLOR,UTHEMES,,m,black,31,1987,,2017-11-12,,,,,SEXUAL EXPLOITATION OF CHILDREN,,,,,,,
Muscogee,2017-11-13 11:50:49 EST,https://www.columbusga.org/sheriff/InmateSearch.htm,,ROGERS,VICTOR,,m,black,47,1971,,2017-11-12,,,,,VIO.OF PROB.S.C.(SMITH),,,,,,,
Muscogee,2017-11-13 11:50:49 EST,https://www.columbusga.org/sheriff/InmateSearch.htm,,HARRIS,ALEX,,m,black,41,1977,,2017-11-11,,,,,VIO.OF PROB.S.C.(JORDAN),,,,,,,
Muscogee,2017-11-13 11:50:49 EST,https://www.columbusga.org/sheriff/InmateSearch.htm,,MARSHALL,ALEX,K,m,black,29,1989,,2017-11-11,,,,,DRIVING WHILE LICENSE SUSPENDED OR REVOKED,,,,,,,
Muscogee,2017-11-13 11:50:49 EST,https://www.columbusga.org/sheriff/InmateSearch.htm,,ROJAS,ALVARO,,m,white,24,1994,,2017-11-11,,,,,DUI ALCOHOL LESS SAFE | SPEEDING,,,,,,,
Muscogee,2017-11-13 11:50:49 EST,https://www.columbusga.org/sheriff/InmateSearch.htm,,TRAMMELL,AMBER,,f,black,26,1992,,2017-11-11,,,,,DISORDERLY CONDUCT,,,,,,,
Muscogee,2017-11-13 11:50:49 EST,https://www.columbusga.org/sheriff/InmateSearch.htm,,JORDAN,ANITA,,f,black,52,1966,,2017-11-11,,,,,DRIVING UNDER THE INFLUENCE | STRIKING A FIXED OBJECT,,,,,,,
Muscogee,2017-11-13 11:50:49 EST,https://www.columbusga.org/sheriff/InmateSearch.htm,,CORCORAN,BRIAN,A,m,white,43,1975,,2017-11-11,,,,,SEXUAL EXPLOITATION OF CHILDREN,,,,,,,
Muscogee,2017-11-13 11:50:49 EST,https://www.columbusga.org/sheriff/InmateSearch.htm,,MCGOWAN,CHRISTOPHER,S,m,white,34,1984,,2017-11-11,,,,,SEXUAL EXPLOITATION OF CHILDREN,,,,,,,
Muscogee,2017-11-13 11:50:49 EST,https://www.columbusga.org/sheriff/InmateSearch.htm,,EATON,COLLIS,D,m,white,49,1969,,2017-11-11,,,,,TRAFFICKING PERSON FOR LABOR OR SEXUAL SERVITUDE | SEXUAL EXPLOITATION OF CHILDREN,,,,,,,
Muscogee,2017-11-13 11:50:49 EST,https://www.columbusga.org/sheriff/InmateSearch.htm,,SMALLS,DERRICK,L,m,black,39,1979,,2017-11-11,,,,,SEXUAL EXPLOITATION OF CHILDREN,,,,,,,
Muscogee,2017-11-13 11:50:49 EST,https://www.columbusga.org/sheriff/InmateSearch.htm,,DOLEMAN,DONZELL,,m,black,55,1963,,2017-11-11,,,,,CONTEMPT OF COURT | DRINKING IN PUBLIC,,,,,,,
Muscogee,2017-11-13 11:50:49 EST,https://www.columbusga.org/sheriff/InmateSearch.htm,,NIEVES,EDWIN,,m,,56,1962,,2017-11-11,,,,,TRAFFICKING PERSON FOR LABOR OR SEXUAL SERVITUDE | SEXUAL EXPLOITATION OF CHILDREN,,,,,,,
Muscogee,2017-11-13 11:50:49 EST,https://www.columbusga.org/sheriff/InmateSearch.htm,,SALLEY,FERDINAND,,m,black,53,1965,,2017-11-11,,,,,DRUGS TO BE KEPT IN ORIGNAL CONTAINER | POSSESSION OF DANGEROUS DRUGS,,,,,,,
Muscogee,2017-11-13 11:50:49 EST,https://www.columbusga.org/sheriff/InmateSearch.htm,,WALTON,HAKEEM,A,m,black,19,1999,,2017-11-11,,,,,LEAVING THE SCENE OF AN ACCIDENT | FAILURE TO MAINTAIN LANE,,,,,,,
Muscogee,2017-11-13 11:50:49 EST,https://www.columbusga.org/sheriff/InmateSearch.htm,,JONES,JAQUINZA,,m,black,19,1999,,2017-11-11,,,,,OBSTRUCTION OF A LAW ENFORCEMENT OFFICER | THEFT BY RECEIVING STOLEN PROPERTY | LOITERING OR PROWLING,,,,,,,
Muscogee,2017-11-13 11:50:49 EST,https://www.columbusga.org/sheriff/InmateSearch.htm,,,,,m,white,27,1991,,2017-11-11,,,,,TRAFFICKING PERSON FOR LABOR OR SEXUAL SERVITUDE | SEXUAL EXPLOITATION OF CHILDREN,,,,,,,
Muscogee,2017-11-13 11:50:49 EST,https://www.columbusga.org/sheriff/InmateSearch.htm,,PICKREL,JOHNNA,L,f,white,38,1980,,2017-11-11,,,,,DRIVING UNDER THE INFLUENCE >.08 | FAILURE TO MAINTAIN LANE,,,,,,,
Muscogee,2017-11-13 11:50:49 EST,https://www.columbusga.org/sheriff/InmateSearch.htm,,SONG,KE,,m,white,25,1993,,2017-11-11,,,,,TRAFFICKING PERSON FOR LABOR OR SEXUAL SERVITUDE | SEXUAL EXPLOITATION OF CHILDREN,,,,,,,
Muscogee,2017-11-13 11:50:49 EST,https://www.columbusga.org/sheriff/InmateSearch.htm,,WALKER,KELVIN,B,m,black,47,1971,,2017-11-11,,,,,VIO.OF PROB.S.C.(SMITH),,,,,,,
Muscogee,2017-11-13 11:50:49 EST,https://www.columbusga.org/sheriff/InmateSearch.htm,,JORDAN,KENNETH,,m,black,30,1988,,2017-11-11,,,,,SEXUAL EXPLOITATION OF CHILDREN,,,,,,,
Muscogee,2017-11-13 11:50:49 EST,https://www.columbusga.org/sheriff/InmateSearch.htm,,GEIGER,LORI,R,f,white,56,1962,,2017-11-11,,,,,THEFT BY TAKING,,,,,,,
Muscogee,2017-11-13 11:50:49 EST,https://www.columbusga.org/sheriff/InmateSearch.htm,,WYNN,MARCUS,,m,black,45,1973,,2017-11-11,,,,,SIMPLE BATTERY | VIO.OF PROB.REC.CT.(HUNTER),,,,,,,
Muscogee,2017-11-13 11:50:49 EST,https://www.columbusga.org/sheriff/InmateSearch.htm,,JONES,MATTHEW,T,m,white,61,1957,,2017-11-11,,,,,DISORDERLY CONDUCT | CRIMINAL TRESPASS,,,,,,,
Muscogee,2017-11-13 11:50:49 EST,https://www.columbusga.org/sheriff/InmateSearch.htm,,EVERAGE,MEGAN,A,f,white,26,1992,,2017-11-11,,,,,VIO.OF PROB.S.C.(GOTTFRIED),,,,,,,
Muscogee,2017-11-13 11:50:49 EST,https://www.columbusga.org/sheriff/InmateSearch.htm,,CARTER,RICKY,D,m,white,53,1965,,2017-11-11,,,,,SIMPLE ASSAULT ATTEMPT TO COMMIT VIOLENT INJURY,,,,,,,
Muscogee,2017-11-13 11:50:49 EST,https://www.columbusga.org/sheriff/InmateSearch.htm,,MOORE,ROBERT,A,m,white,32,1986,,2017-11-11,,,,,TRAFFICKING PERSON FOR LABOR OR SEXUAL SERVITUDE | SEXUAL EXPLOITATION OF CHILDREN,,,,,,,
Muscogee,2017-11-13 11:50:49 EST,https://www.columbusga.org/sheriff/InmateSearch.htm,,JONES,SHERRY,L,f,black,39,1979,,2017-11-11,,,,,VIO.OF PROB.S.C.(RUMER),,,,,,,
Muscogee,2017-11-13 11:50:49 EST,https://www.columbusga.org/sheriff/InmateSearch.htm,,CHAMBERS,WINSTON,,m,black,33,1985,,2017-11-11,,,,,"POSSESSION OF MARIJUANA, LESS THAN ONE OUNCE | RECKLESS DRIVING | FAILURE TO MAINTAIN LANE",,,,,,,
Muscogee,2017-11-13 11:50:49 EST,https://www.columbusga.org/sheriff/InmateSearch.htm,,PALACIO-MENDOZA,YESENIA,,f,white,21,1997,,2017-11-11,,,,,MINOR IN POSSESSION OF ALCOHOL | PERSON UNDER AGE OF 21 DUI | FAILURE TO MAINTAIN LANE,,,,,,,
Muscogee,2017-11-13 11:50:49 EST,https://www.columbusga.org/sheriff/InmateSearch.htm,,MCMICHAEL,ANDRE,,m,black,60,1958,,2017-11-10,,,,,VIO.OF PROB.S.C.(JORDAN-ADC),,,,,,,
Muscogee,2017-11-13 11:50:49 EST,https://www.columbusga.org/sheriff/InmateSearch.htm,,WHITLEY,BRIAN,K,m,white,43,1975,,2017-11-10,,,,,DRIVING WHILE LICENSE SUSPENDED OR REVOKED | NO PROOF OF INSURANCE,,,,,,,
Muscogee,2017-11-13 11:50:49 EST,https://www.columbusga.org/sheriff/InmateSearch.htm,,CENAC,CLAYTON,W,m,white,24,1994,,2017-11-10,,,,,FAILURE TO MAINTAIN LANE | OPEN CONTAINER ALCOHOLIC BEVERAGE OPERATING VEHICL | OBSTRUCTION OF A LAW ENFORCEMENT OFFICER | LIGHTS REQUIRED,,,,,,,
Muscogee,2017-11-13 11:50:49 EST,https://www.columbusga.org/sheriff/InmateSearch.htm,,GRIFFIN,ELVIN,,m,black,41,1977,,2017-11-10,,,,,DISORDERLY CONDUCT,,,,,,,
Muscogee,2017-11-13 11:50:49 EST,https://www.columbusga.org/sheriff/InmateSearch.htm,,GREENE,GEORGIA,E,f,white,60,1958,,2017-11-10,,,,,FOLLOWING TOO CLOSE | LEAVING THE SCENE OF AN ACCIDENT,,,,,,,
Muscogee,2017-11-13 11:50:49 EST,https://www.columbusga.org/sheriff/InmateSearch.htm,,ALEXANDER,JANESSA,L,f,black,28,1990,,2017-11-10,,,,,DISORDERLY CONDUCT,,,,,,,
Muscogee,2017-11-13 11:50:49 EST,https://www.columbusga.org/sheriff/InmateSearch.htm,,JAMES,JEANETTE,,f,black,56,1962,,2017-11-10,,,,,DISORDERLY CONDUCT,,,,,,,
Muscogee,2017-11-13 11:50:49 EST,https://www.columbusga.org/sheriff/InmateSearch.htm,,JENKINS,JONATHAN,D,m,black,23,1995,,2017-11-10,,,,,SEXUAL EXPLOITATION OF CHILDREN,,,,,,,
Muscogee,2017-11-13 11:50:49 EST,https://www.columbusga.org/sheriff/InmateSearch.htm,,MANUEL,JUSTICE,T,m,black,20,1998,,2017-11-10,,,,,SIMPLE BATTERY | THEFT BY TAKING,,,,,,,
Muscogee,2017-11-13 11:50:49 EST,https://www.columbusga.org/sheriff/InmateSearch.htm,,HARRISON,JUSTIN,,m,black,32,1986,,2017-11-10,,,,,IMPROPER PARKING IN SPACE FOR PERSONS WITH DISABIL | DISORDERLY CONDUCT,,,,,,,
Muscogee,2017-11-13 11:50:49 EST,https://www.columbusga.org/sheriff/InmateSearch.htm,,KELLY,KATHERINE,,f,white,27,1991,,2017-11-10,,,,,"POSS, MANUFACTURE, DISTRIBUTION OF CONT. SUB | IMPROPER DISPLAY OF LICENSE PLATE",,,,,,,
Muscogee,2017-11-13 11:50:49 EST,https://www.columbusga.org/sheriff/InmateSearch.htm,,SNEAD,NAYEEM,,m,black,23,1995,,2017-11-10,,,,,SIMPLE BATTERY,,,,,,,
Muscogee,2017-11-13 11:50:49 EST,https://www.columbusga.org/sheriff/InmateSearch.htm,,RABY,ORION,S,m,white,21,1997,,2017-11-10,,,,,"REGISTRATION,SUSPENDED, CANCELED, OR REVOKED. | SPEEDING",,,,,,,
Muscogee,2017-11-13 11:50:49 EST,https://www.columbusga.org/sheriff/InmateSearch.htm,,CROWELL,REGINALD,K,m,black,37,1981,,2017-11-10,,,,,TRAFFICKING PERSON FOR LABOR OR SEXUAL SERVITUDE | SEXUAL EXPLOITATION OF CHILDREN,,,,,,,
Muscogee,2017-11-13 11:50:49 EST,https://www.columbusga.org/sheriff/InmateSearch.htm,,MCGHEE,ALISHA,E,f,black,27,1991,,2017-11-09,,,,,CRUELTY TO CHILDREN 2ND DEGREE,,,,,,,
Muscogee,2017-11-13 11:50:49 EST,https://www.columbusga.org/sheriff/InmateSearch.htm,,BULLARD,AMBER,,f,white,31,1987,,2017-11-09,,,,,FORGERY IN THE FIRST DEGREE | VIO.OF PROB.S.C.(MULLINS),,,,,,,
Muscogee,2017-11-13 11:50:49 EST,https://www.columbusga.org/sheriff/InmateSearch.htm,,PARKER,ANTONIO,D,m,black,32,1986,,2017-11-09,,,,,VIO.OF PROB.S.C.(MCBRIDE),,,,,,,
Muscogee,2017-11-13 11:50:49 EST,https://www.columbusga.org/sheriff/InmateSearch.htm,,RUCKER,ASHLEY,M,f,black,34,1984,,2017-11-09,,,,,CRIMINAL TRESPASS,,,,,,,
Muscogee,2017-11-13 11:50:49 EST,https://www.columbusga.org/sheriff/InmateSearch.htm,,PIERCE,AUSTIN,T,m,white,27,1991,,2017-11-09,,,,,TRAFFICKING PERSON FOR LABOR OR SEXUAL SERVITUDE | SEXUAL EXPLOITATION OF CHILDREN,,,,,,,
Muscogee,2017-11-13 11:50:49 EST,https://www.columbusga.org/sheriff/InmateSearch.htm,,YOUNG,CARLISA,M,f,black,37,1981,,2017-11-09,,,,,VIO.OF PROB.S.C.(JORDAN),,,,,,,
Muscogee,2017-11-13 11:50:49 EST,https://www.columbusga.org/sheriff/InmateSearch.htm,,COOK,CHAD,R,m,white,30,1988,,2017-11-09,,,,,VIO.OF PROB.S.C.(MULLINS),,,,,,,
Muscogee,2017-11-13 11:50:49 EST,https://www.columbusga.org/sheriff/InmateSearch.htm,,RICHARDSON,CHARLES,,m,black,47,1971,,2017-11-09,,,,,VIO.OF PROB.S.C.(MCBRIDE),,,,,,,
Muscogee,2017-11-13 11:50:49 EST,https://www.columbusga.org/sheriff/InmateSearch.htm,,NELSON,CHRISTOPHER,,m,white,48,1970,,2017-11-09,,,,,ESCAPE,,,,,,,
Muscogee,2017-11-13 11:50:49 EST,https://www.columbusga.org/sheriff/InmateSearch.htm,,SHEALY,CIERA,,f,black,24,1994,,2017-11-09,,,,,VIO.OF PROB.REC.CT.(CIELINSKI),,,,,,,
Muscogee,2017-11-13 11:50:49 EST,https://www.columbusga.org/sheriff/InmateSearch.htm,,THORNTON,EARL,,m,black,26,1992,,2017-11-09,,,,,LOITERING,,,,,,,
Muscogee,2017-11-13 11:50:49 EST,https://www.columbusga.org/sheriff/InmateSearch.htm,,WILLIAMS,EDWIN,B,m,black,48,1970,,2017-11-09,,,,,VIO.OF PROB.S.C.(MULLINS),,,,,,,
Muscogee,2017-11-13 11:50:49 EST,https://www.columbusga.org/sheriff/InmateSearch.htm,,DOWDELL,EFFIE,,f,black,66,1952,,2017-11-09,,,,,CONTEMPT OF PROBATE COURT (D'ANTONIO),,,,,,,
Muscogee,2017-11-13 11:50:49 EST,https://www.columbusga.org/sheriff/InmateSearch.htm,,MARTIN,ILA,,f,white,35,1983,,2017-11-09,,,,,"POSSESSION AND USE OF DRUG RELATED OBJECTS | POSS, MANUFACTURE, DISTRIBUTION OF CONT. SUB | DRUGS TO BE KEPT IN ORIGNAL CONTAINER",,,,,,,
Muscogee,2017-11-13 11:50:49 EST,https://www.columbusga.org/sheriff/InmateSearch.htm,,BISHOP,JAMES,H,m,black,59,1959,,2017-11-09,,,,,DRIVING WHILE LICENSE SUSPENDED OR REVOKED | FAILURE TO EQUIP.VEH.WITH REQ.LIGHTS,,,,,,,
Muscogee,2017-11-13 11:50:49 EST,https://www.columbusga.org/sheriff/InmateSearch.htm,,LUKE,JAMIE,L,f,white,31,1987,,2017-11-09,,,,,VIO.OF PROB.S.C.(RUMER),,,,,,,
Muscogee,2017-11-13 11:50:49 EST,https://www.columbusga.org/sheriff/InmateSearch.htm,,FRAZIER,JAQUAY,,f,black,29,1989,,2017-11-09,,,,,BATTERY WITH PHYSICAL VISIBLE HARM,,,,,,,
Muscogee,2017-11-13 11:50:49 EST,https://www.columbusga.org/sheriff/InmateSearch.htm,,VELAZQUEZ,JEREMY,J,m,white,23,1995,,2017-11-09,,,,,"FORGERY IN THE FIRST DEGREE | POSSESSION AND USE OF DRUG RELATED OBJECTS | POSS, MANUFACTURE, DISTRIBUTION OF CONT. SUB",,,,,,,
Muscogee,2017-11-13 11:50:49 EST,https://www.columbusga.org/sheriff/InmateSearch.htm,,SMITH,JERI,,f,white,31,1987,,2017-11-09,,,,,VIO.OF PROB.S.C.(RUMER),,,,,,,
Muscogee,2017-11-13 11:50:49 EST,https://www.columbusga.org/sheriff/InmateSearch.htm,,BARRON,KALIEB,M,m,black,21,1997,,2017-11-09,,,,,FORGERY IN THE SECOND DEGREE | VIO.OF PROB.S.C.(RUMER) | THEFT BY DECEPTION,,,,,,,
Muscogee,2017-11-13 11:50:49 EST,https://www.columbusga.org/sheriff/InmateSearch.htm,,DALLAS,LARRY,A,m,black,44,1974,,2017-11-09,,,,,VIO.OF PROB.S.C.(RUMER),,,,,,,
Muscogee,2017-11-13 11:50:49 EST,https://www.columbusga.org/sheriff/InmateSearch.htm,,ALEXANDER,MARCUS,,m,black,50,1968,,2017-11-09,,,,,THEFT BY SHOPLIFTING,,,,,,,
Muscogee,2017-11-13 11:50:49 EST,https://www.columbusga.org/sheriff/InmateSearch.htm,,COBB,MARGARET,,f,black,35,1983,,2017-11-09,,,,,SIMPLE BATTERY,,,,,,,
Muscogee,2017-11-13 11:50:49 EST,https://www.columbusga.org/sheriff/InmateSearch.htm,,WILLIAMS,MONTRESE,D,m,black,18,2000,,2017-11-09,,,,,SIMPLE ASSAULT ATTEMPT TO COMMIT VIOLENT INJURY,,,,,,,
Muscogee,2017-11-13 11:50:49 EST,https://www.columbusga.org/sheriff/InmateSearch.htm,,HUNTER,MYRA,G,f,white,61,1957,,2017-11-09,,,,,SIMPLE BATTERY,,,,,,,
Muscogee,2017-11-13 11:50:49 EST,https://www.columbusga.org/sheriff/InmateSearch.htm,,LAWSON,RE'U,,m,black,22,1996,,2017-11-09,,,,,LOITERING,,,,,,,
Muscogee,2017-11-13 11:50:49 EST,https://www.columbusga.org/sheriff/InmateSearch.htm,,TANNER,REBECCA,R,f,white,35,1983,,2017-11-09,,,,,THEFT BY CONVERSION,,,,,,,
Muscogee,2017-11-13 11:50:49 EST,https://www.columbusga.org/sheriff/InmateSearch.htm,,COOK,ROBERT,,m,black,32,1986,,2017-11-09,,,,,"TOO FAST FOR CONDITIONS | NO PROOF OF INSURANCE | RECKLESS CONDUCT CAUSING HARM/ENDANGERING SAFETY | SELL,MANUFACTURE ANY CONTR.SUB W/INT TO DISTRIBUTE | STOP SIGN | FAILURE TO MAINTAIN LANE",,,,,,,
Muscogee,2017-11-13 11:50:49 EST,https://www.columbusga.org/sheriff/InmateSearch.htm,,BROWN,ROBIN,,f,black,60,1958,,2017-11-09,,,,,VIO.OF PROB.S.C.(MCBRIDE),,,,,,,
Muscogee,2017-11-13 11:50:49 EST,https://www.columbusga.org/sheriff/InmateSearch.htm,,SHERMAN,SCOTTY,,m,white,58,1960,,2017-11-09,,,,,NO STATE TAG | TOO FAST FOR CONDITIONS | RECKLESS DRIVING | FAILURE TO MAINTAIN LANE,,,,,,,
Muscogee,2017-11-13 11:50:49 EST,https://www.columbusga.org/sheriff/InmateSearch.htm,,JACKSON,TRAVIS,,m,black,29,1989,,2017-11-09,,,,,VIO.OF PROB.S.C.(RUMER),,,,,,,
Muscogee,2017-11-13 11:50:49 EST,https://www.columbusga.org/sheriff/InmateSearch.htm,,TOLLIVER,TYRI,,m,black,23,1995,,2017-11-09,,,,,"POSSESSION OF MARIJUANA, LESS THAN ONE OUNCE | THEFT BY TAKING | FALSE INFORMATION TO OFFICER CITY CODE",,,,,,,
Muscogee,2017-11-13 11:50:49 EST,https://www.columbusga.org/sheriff/InmateSearch.htm,,HOWARD,WILLIAM,,m,white,45,1973,,2017-11-09,,,,,"POSSESSION OF MARIJUANA, LESS THAN ONE OUNCE | POSSESSION OF WEAPONS, INTOXICANTS, DRUGS,",,,,,,,
Muscogee,2017-11-13 11:50:49 EST,https://www.columbusga.org/sheriff/InmateSearch.htm,,MENEFEE,ANN,,f,white,60,1958,,2017-11-08,,,,,THEFT BY SHOPLIFTING,,,,,,,
Muscogee,2017-11-13 11:50:49 EST,https://www.columbusga.org/sheriff/InmateSearch.htm,,WILLIAMS,BARBARA,A,f,black,45,1973,,2017-11-08,,,,,THEFT BY TAKING,,,,,,,
Muscogee,2017-11-13 11:50:49 EST,https://www.columbusga.org/sheriff/InmateSearch.htm,,ROGERS,BILLIE,J,f,white,24,1994,,2017-11-08,,,,,CHILD RESTRAINT | STOP SIGN | SEAT BELT,,,,,,,
Muscogee,2017-11-13 11:50:49 EST,https://www.columbusga.org/sheriff/InmateSearch.htm,,REESE,BRANDON,,m,black,32,1986,,2017-11-08,,,,,EXCESSIVE TINT | SPEEDING | NOTICE OF CHANGE OF ADDRESS OR NAME,,,,,,,
Muscogee,2017-11-13 11:50:49 EST,https://www.columbusga.org/sheriff/InmateSearch.htm,,WEST,BRANDON,T,m,white,25,1993,,2017-11-08,,,,,THEFT BY SHOPLIFTING,,,,,,,
Muscogee,2017-11-13 11:50:49 EST,https://www.columbusga.org/sheriff/InmateSearch.htm,,THOMPSON,BRIQUAVIOUS,,m,black,23,1995,,2017-11-08,,,,,BURGLARY 1ST DEGREE | VIO.OF PROB.S.C.(JORDAN),,,,,,,
Muscogee,2017-11-13 11:50:49 EST,https://www.columbusga.org/sheriff/InmateSearch.htm,,HATCH,CAITLIN,,f,white,26,1992,,2017-11-08,,,,,CRIMINAL TRESPASS | THEFT BY SHOPLIFTING,,,,,,,
Muscogee,2017-11-13 11:50:49 EST,https://www.columbusga.org/sheriff/InmateSearch.htm,,PARKER,CHANCE,A,m,white,27,1991,,2017-11-08,,,,,MENTAL HEALTH COURT SANCTION,,,,,,,
Muscogee,2017-11-13 11:50:49 EST,https://www.columbusga.org/sheriff/InmateSearch.htm,,PIKE,DARIUS,L,m,black,21,1997,,2017-11-08,,,,,VIO.OF PROB.S.C.(JORDAN-ADC),,,,,,,
Muscogee,2017-11-13 11:50:49 EST,https://www.columbusga.org/sheriff/InmateSearch.htm,,RATHEL,DARREN,P,m,white,50,1968,,2017-11-08,,,,,VIO.OF PROB.S.C.(JORDAN-ADC),,,,,,,
Muscogee,2017-11-13 11:50:49 EST,https://www.columbusga.org/sheriff/InmateSearch.htm,,SMITH,DYISHIA,,f,black,18,2000,,2017-11-08,,,,,SIMPLE ASSAULT ATT TO COMMIT FV 16-5-20(A)(1)(D),,,,,,,
Muscogee,2017-11-13 11:50:49 EST,https://www.columbusga.org/sheriff/InmateSearch.htm,,ROBINSON,ERIC,J,m,black,36,1982,,2017-11-08,,,,,DRIVING UNDER THE INFLUENCE | IMPROPER BACKING,,,,,,,
Muscogee,2017-11-13 11:50:49 EST,https://www.columbusga.org/sheriff/InmateSearch.htm,,LIGON,EXAVIER,,m,black,36,1982,,2017-11-08,,,,,DRIVING UNDER THE INFLUENCE | IMPROPER TAIL LIGHTS,,,,,,,
Muscogee,2017-11-13 11:50:49 EST,https://www.columbusga.org/sheriff/InmateSearch.htm,,TERRY,HAVIE,,m,black,26,1992,,2017-11-08,,,,,ROBBERY,,,,,,,
Muscogee,2017-11-13 11:50:49 EST,https://www.columbusga.org/sheriff/InmateSearch.htm,,BANKS,JANAYA,E,f,black,18,2000,,2017-11-08,,,,,SIMPLE BATTERY,,,,,,,
Muscogee,2017-11-13 11:50:49 EST,https://www.columbusga.org/sheriff/InmateSearch.htm,,BURTON,JAZMON,,m,black,27,1991,,2017-11-08,,,,,DRIVING WHILE LICENSE SUSPENDED OR REVOKED | IMPROPER TAIL LIGHTS,,,,,,,
Muscogee,2017-11-13 11:50:49 EST,https://www.columbusga.org/sheriff/InmateSearch.htm,,BAKER,JENNIFER,,f,white,36,1982,,2017-11-08,,,,,VIOLATION OF PAROLE,,,,,,,
Muscogee,2017-11-13 11:50:49 EST,https://www.columbusga.org/sheriff/InmateSearch.htm,,HARDY,JESSIE,E,m,white,57,1961,,2017-11-08,,,,,BURGLARY 1ST DEGREE | THEFT BY TAKING,,,,,,,
Muscogee,2017-11-13 11:50:49 EST,https://www.columbusga.org/sheriff/InmateSearch.htm,,CARTER,JIMMY,,m,black,56,1962,,2017-11-08,,,,,VIO.OF PROB.S.C.(MULLINS) | 911 CALL UNLAWFUL CONDUCT,,,,,,,
Muscogee,2017-11-13 11:50:49 EST,https://www.columbusga.org/sheriff/InmateSearch.htm,,JOHNSON,JOHN,H,m,black,39,1979,,2017-11-08,,,,,"PEDESTRIAN, DRIVER FAILURE TO EXERCISE DUE CARE | FOLLOWING TOO CLOSE",,,,,,,
Muscogee,2017-11-13 11:50:49 EST,https://www.columbusga.org/sheriff/InmateSearch.htm,,PERRYMAN,JUDY,D,f,white,60,1958,,2017-11-08,,,,,THEFT BY SHOPLIFTING,,,,,,,
Muscogee,2017-11-13 11:50:49 EST,https://www.columbusga.org/sheriff/InmateSearch.htm,,COLLIER,KENNETH,T,m,black,43,1975,,2017-11-08,,,,,THEFT OF SERVICES,,,,,,,
Muscogee,2017-11-13 11:50:49 EST,https://www.columbusga.org/sheriff/InmateSearch.htm,,LAWRENCE,KIEYNA,S,f,black,23,1995,,2017-11-08,,,,,"GIVING FALSE NAME, ADDRESS OR DOB TO OFFICER | THEFT BY SHOPLIFTING | CRIMINAL TRESPASS",,,,,,,
Muscogee,2017-11-13 11:50:49 EST,https://www.columbusga.org/sheriff/InmateSearch.htm,,PRICE,MARCUS,,m,black,41,1977,,2017-11-08,,,,,VIO.OF PROB.REC.CT.(CIELINSKI),,,,,,,
Muscogee,2017-11-13 11:50:49 EST,https://www.columbusga.org/sheriff/InmateSearch.htm,,SHEATS,MATTHEW,W,m,white,28,1990,,2017-11-08,,,,,THEFT BY SHOPLIFTING,,,,,,,
Muscogee,2017-11-13 11:50:49 EST,https://www.columbusga.org/sheriff/InmateSearch.htm,,DANIELS,MICHAEL,B,m,black,51,1967,,2017-11-08,,,,,VIO.OF PROB.ST.CT.(RICHARDSON),,,,,,,
Muscogee,2017-11-13 11:50:49 EST,https://www.columbusga.org/sheriff/InmateSearch.htm,,WILSON,MURSHID,,m,black,22,1996,,2017-11-08,,,,,"SELL,MANUFACTURE ANY CONTR.SUB W/INT TO DISTRIBUTE | POSSESSION AND USE OF DRUG RELATED OBJECTS",,,,,,,
Muscogee,2017-11-13 11:50:49 EST,https://www.columbusga.org/sheriff/InmateSearch.htm,,HOLSEY,NICKHOLAS,,m,black,41,1977,,2017-11-08,,,,,VIO.OF PROB.S.C.(RUMER),,,,,,,
Muscogee,2017-11-13 11:50:49 EST,https://www.columbusga.org/sheriff/InmateSearch.htm,,CANTIDATE,QUENTIN,I,m,black,36,1982,,2017-11-08,,,,,"DRIVING WHILE LICENSE SUSPENDED OR REVOKED | POSSESSION OF FIREARM BY CONVICTED FELON | POSSESSION OF MARIJUANA, LESS THAN ONE OUNCE",,,,,,,
Muscogee,2017-11-13 11:50:49 EST,https://www.columbusga.org/sheriff/InmateSearch.htm,,BROWN,QUINCY,B,m,black,42,1976,,2017-11-08,,,,,THEFT BY SHOPLIFTING,,,,,,,
Muscogee,2017-11-13 11:50:49 EST,https://www.columbusga.org/sheriff/InmateSearch.htm,,SCOTT,RHONDA,,f,black,29,1989,,2017-11-08,,,,,VIO.OF PROB.REC.CT.(BUCKNER),,,,,,,
Muscogee,2017-11-13 11:50:49 EST,https://www.columbusga.org/sheriff/InmateSearch.htm,,MCCREE,ROBERT,,m,black,38,1980,,2017-11-08,,,,,CONTEMPT OF PROBATE COURT (D'ANTONIO),,,,,,,
Muscogee,2017-11-13 11:50:49 EST,https://www.columbusga.org/sheriff/InmateSearch.htm,,COBB,RONALD,L,m,black,18,2000,,2017-11-08,,,,,BURGLARY 1ST DEGREE,,,,,,,
Muscogee,2017-11-13 11:50:49 EST,https://www.columbusga.org/sheriff/InmateSearch.htm,,DAVIS,SANQUNETTE,,f,black,32,1986,,2017-11-08,,,,,"SELL,MANUFACTURE ANY CONTR.SUB W/INT TO DISTRIBUTE",,,,,,,
Muscogee,2017-11-13 11:50:49 EST,https://www.columbusga.org/sheriff/InmateSearch.htm,,WHEELER,SCOTT,,m,white,45,1973,,2017-11-08,,,,,DRIVING WHILE LICENSE SUSPENDED OR REVOKED | IMPROPER BRAKE LIGHTS,,,,,,,
Muscogee,2017-11-13 11:50:49 EST,https://www.columbusga.org/sheriff/InmateSearch.htm,,HOOD,STANLEY,,m,black,47,1971,,2017-11-08,,,,,"STOP SIGN-YIELD SIGN VIOLATION | STRIKING A FIXED OBJECT | POSSESSION AND USE OF DRUG RELATED OBJECTS | POSSESSION OF MARIJUANA, LESS THAN ONE OUNCE | RECKLESS DRIVING | POSSESSION OF FIREARM BY CONVICTED FELON | RECKLESS CONDUCT CAUSING HARM/ENDANGERING SAFETY | FAILURE TO MAINTAIN LANE",,,,,,,
Muscogee,2017-11-13 11:50:49 EST,https://www.columbusga.org/sheriff/InmateSearch.htm,,JOHNSON,TAMMY,,f,white,40,1978,,2017-11-08,,,,,MAINTAINING DISORDERLY HOUSE | POSSESSION AND USE OF DRUG RELATED OBJECTS | OBSTRUCTION OF A LAW ENFORCEMENT OFFICER,,,,,,,
Muscogee,2017-11-13 11:50:49 EST,https://www.columbusga.org/sheriff/InmateSearch.htm,,NICHOLS,TERRAN,,m,white,32,1986,,2017-11-08,,,,,THEFT BY SHOPLIFTING,,,,,,,
Muscogee,2017-11-13 11:50:49 EST,https://www.columbusga.org/sheriff/InmateSearch.htm,,WRENN,THOMAS,B,m,white,34,1984,,2017-11-08,,,,,VIO.OF PROB.S.C.(MCBRIDE),,,,,,,
Muscogee,2017-11-13 11:50:49 EST,https://www.columbusga.org/sheriff/InmateSearch.htm,,DAVIS,VANTRESTON,,m,black,37,1981,,2017-11-08,,,,,VIO.OF PROB.S.C.(RUMER) | VIO.OF PROB.S.C.(MULLINS),,,,,,,
Muscogee,2017-11-13 11:50:49 EST,https://www.columbusga.org/sheriff/InmateSearch.htm,,ANTHONY,WENDY,J,f,white,39,1979,,2017-11-08,,,,,"DRUGS TO BE KEPT IN ORIGNAL CONTAINER | POSS, MANUFACTURE, DISTRIBUTION OF CONT. SUB | POSSESSION AND USE OF DRUG RELATED OBJECTS | STOP SIGN",,,,,,,
Muscogee,2017-11-13 11:50:49 EST,https://www.columbusga.org/sheriff/InmateSearch.htm,,MCCONNELL,AARON,,m,white,30,1988,,2017-11-07,,,,,LOITERING OR PROWLING,,,,,,,
Muscogee,2017-11-13 11:50:49 EST,https://www.columbusga.org/sheriff/InmateSearch.htm,,MOORE,ALEXANDER,,m,black,26,1992,,2017-11-07,,,,,DRIVING WHILE LICENSE SUSPENDED OR REVOKED | OBSTRUCTION OF A LAW ENFORCEMENT OFFICER,,,,,,,
Muscogee,2017-11-13 11:50:49 EST,https://www.columbusga.org/sheriff/InmateSearch.htm,,BROWN,ALONZO,T,m,black,38,1980,,2017-11-07,,,,,CRIMINAL TRESPASS,,,,,,,
Muscogee,2017-11-13 11:50:49 EST,https://www.columbusga.org/sheriff/InmateSearch.htm,,RISER,ASHLEY,,f,black,33,1985,,2017-11-07,,,,,CRIMINAL TRESPASS,,,,,,,
Muscogee,2017-11-13 11:50:49 EST,https://www.columbusga.org/sheriff/InmateSearch.htm,,MILLER,BARTHOLOMEW,,m,black,40,1978,,2017-11-07,,,,,BATTERY WITH PHYSICAL VISIBLE HARM,,,,,,,
Muscogee,2017-11-13 11:50:49 EST,https://www.columbusga.org/sheriff/InmateSearch.htm,,SHELEY,BRANDON,K,m,white,35,1983,,2017-11-07,,,,,"NO PROOF OF INSURANCE | DRIVING WHILE LICENSE SUSPENDED OR REVOKED | PROHIBITED IN SPEC PLACES, STOP, PARK/RR CROSS | NO STATE TAG",,,,,,,
Muscogee,2017-11-13 11:50:49 EST,https://www.columbusga.org/sheriff/InmateSearch.htm,,DAWSON,CARLOS,L,m,black,35,1983,,2017-11-07,,,,,CRIMINAL TRESPASS,,,,,,,
Muscogee,2017-11-13 11:50:49 EST,https://www.columbusga.org/sheriff/InmateSearch.htm,,TURNER,CHASTIE,D,f,white,37,1981,,2017-11-07,,,,,VIO.OF PROB.S.C.(GOTTFRIED),,,,,,,
Muscogee,2017-11-13 11:50:49 EST,https://www.columbusga.org/sheriff/InmateSearch.htm,,STILLWELL,CHRISTEVER,J,m,white,26,1992,,2017-11-07,,,,,IMPROPERLY TRANSFERRED LICENSE PLATE | NO STATE TAG | NO STATE DRIVERS LICENSE | THEFT BY TAKING,,,,,,,
Muscogee,2017-11-13 11:50:49 EST,https://www.columbusga.org/sheriff/InmateSearch.htm,,BROWN,DANIEL,E,m,white,24,1994,,2017-11-07,,,,,ENTERING MOTOR VEHICLE W/INTENT TO COMMIT THEFT | LOITERING OR PROWLING,,,,,,,
Muscogee,2017-11-13 11:50:49 EST,https://www.columbusga.org/sheriff/InmateSearch.htm,,GUNN,DAVID,W,m,white,38,1980,,2017-11-07,,,,,VIO.OF PROB.S.C.(MCBRIDE),,,,,,,
Muscogee,2017-11-13 11:50:49 EST,https://www.columbusga.org/sheriff/InmateSearch.htm,,ROBINSON,DOMINIQUE,,f,black,21,1997,,2017-11-07,,,,,"POSSESSION OF MARIJUANA, LESS THAN ONE OUNCE | NO STATE DRIVERS LICENSE | NO STATE TAG",,,,,,,
Muscogee,2017-11-13 11:50:49 EST,https://www.columbusga.org/sheriff/InmateSearch.htm,,DRURY,EMILY,M,f,white,26,1992,,2017-11-07,,,,,"OBSTRUCTION OF A LAW ENFORCEMENT OFFICER | POSS, MANUFACTURE, DISTRIBUTION OF CONT. SUB | THEFT BY TAKING | POSSESSION AND USE OF DRUG RELATED OBJECTS",,,,,,,
Muscogee,2017-11-13 11:50:49 EST,https://www.columbusga.org/sheriff/InmateSearch.htm,,COOKSEY,HAROLD,,m,black,38,1980,,2017-11-07,,,,,FLEEING OR ATTEMPTING TO ELUDE POLICE OFFICER | OBSTRUCTION OF A LAW ENFORCEMENT OFFICER | AGGRAVATED STALKING,,,,,,,
Muscogee,2017-11-13 11:50:49 EST,https://www.columbusga.org/sheriff/InmateSearch.htm,,BISHOP,JAMES,H,m,black,59,1959,,2017-11-07,,,,,CRIMINAL TRESPASS PRIOR NOTICE AGAINST ENTRY | CRIMINAL TRESPASS,,,,,,,
Muscogee,2017-11-13 11:50:49 EST,https://www.columbusga.org/sheriff/InmateSearch.htm,,XUEREB,JOSEPH,R,m,white,36,1982,,2017-11-07,,,,,"POSSESSION OF TOOLS FOR THE COMMISSION OF CRIME | POSS, MANUFACTURE, DISTRIBUTION OF CONT. SUB | LOITERING OR PROWLING",,,,,,,
Muscogee,2017-11-13 11:50:49 EST,https://www.columbusga.org/sheriff/InmateSearch.htm,,HUGHES,KAMERON,,m,black,26,1992,,2017-11-07,,,,,"POSSESSION OF MARIJUANA, LESS THAN ONE OUNCE | FAILURE TO OBEY TRAFFIC-CONTROL DEVICE",,,,,,,
Muscogee,2017-11-13 11:50:49 EST,https://www.columbusga.org/sheriff/InmateSearch.htm,,MORIKAWA,KAYLA,,f,white,28,1990,,2017-11-07,,,,,THEFT BY SHOPLIFTING,,,,,,,
Muscogee,2017-11-13 11:50:49 EST,https://www.columbusga.org/sheriff/InmateSearch.htm,,LANIER,KDAIJAH,C,f,black,24,1994,,2017-11-07,,,,,THEFT OF SERVICES,,,,,,,
Muscogee,2017-11-13 11:50:49 EST,https://www.columbusga.org/sheriff/InmateSearch.htm,,BATTLE,KENTTON,L,m,black,31,1987,,2017-11-07,,,,,REMANDED CUSTODY,,,,,,,
Muscogee,2017-11-13 11:50:49 EST,https://www.columbusga.org/sheriff/InmateSearch.htm,,CULPEPPER,KETCHUM,W,m,white,44,1974,,2017-11-07,,,,,DRIVING WHILE LICENSE SUSPENDED OR REVOKED | NO STATE TAG,,,,,,,
Muscogee,2017-11-13 11:50:49 EST,https://www.columbusga.org/sheriff/InmateSearch.htm,,JACKSON,LATAVIUS,J,m,black,21,1997,,2017-11-07,,,,,"POSSESSION OF MARIJUANA, LESS THAN ONE OUNCE | THEFT BY RECEIVING STOLEN PROPERTY | SEAT BELT",,,,,,,
Muscogee,2017-11-13 11:50:49 EST,https://www.columbusga.org/sheriff/InmateSearch.htm,,CHAMNESS,LYLE,C,m,white,30,1988,,2017-11-07,,,,,OBSTRUCTION OF A LAW ENFORCEMENT OFFICER | DISORDERLY CONDUCT,,,,,,,
Muscogee,2017-11-13 11:50:49 EST,https://www.columbusga.org/sheriff/InmateSearch.htm,,THROWER,MICHELLE,,f,white,46,1972,,2017-11-07,,,,,CRIMINAL TRESPASS | OBSTRUCTING AN OFFICER | DISORDERLY CONDUCT,,,,,,,
Muscogee,2017-11-13 11:50:49 EST,https://www.columbusga.org/sheriff/InmateSearch.htm,,ENGLISH,NATHANIEL,,m,black,31,1987,,2017-11-07,,,,,POSSESSION OF FIREARM BY CONVICTED FELON,,,,,,,
Muscogee,2017-11-13 11:50:49 EST,https://www.columbusga.org/sheriff/InmateSearch.htm,,RHODES,NATHANIEL,,m,black,37,1981,,2017-11-07,,,,,BATTERY WITH PHYSICAL VISIBLE HARM | TERRORISTIC THREATS,,,,,,,
Muscogee,2017-11-13 11:50:49 EST,https://www.columbusga.org/sheriff/InmateSearch.htm,,EDWARDS,PATRICK,,m,black,34,1984,,2017-11-07,,,,,DRIVING WHILE LICENSE SUSPENDED OR REVOKED | IMPROPER HEADLIGHTS,,,,,,,
Muscogee,2017-11-13 11:50:49 EST,https://www.columbusga.org/sheriff/InmateSearch.htm,,BALDWIN,QUENTIN,,m,black,41,1977,,2017-11-07,,,,,"SELL,MANUFACTURE ANY CONTR.SUB W/INT TO DISTRIBUTE",,,,,,,
Muscogee,2017-11-13 11:50:49 EST,https://www.columbusga.org/sheriff/InmateSearch.htm,,EARHART,ROBERT,A,m,white,34,1984,,2017-11-07,,,,,DRIVING UNDER THE INFLUENCE | IMPROPER HEADLIGHTS,,,,,,,
Muscogee,2017-11-13 11:50:49 EST,https://www.columbusga.org/sheriff/InmateSearch.htm,,BARNES,ROBERT,,m,black,67,1951,,2017-11-07,,,,,VIO.OF PROB.S.C.(JORDAN),,,,,,,
Muscogee,2017-11-13 11:50:49 EST,https://www.columbusga.org/sheriff/InmateSearch.htm,,DORSEY,ROSHANDA,C,f,black,26,1992,,2017-11-07,,,,,THEFT BY TAKING | FINANCIAL TRANSACTION CARD THEFT | VIO.OF PROB.ST.CT.(RICHARDSON),,,,,,,
Muscogee,2017-11-13 11:50:49 EST,https://www.columbusga.org/sheriff/InmateSearch.htm,,BOYD,SEAN,,m,black,36,1982,,2017-11-07,,,,,VIO.OF PROB.S.C.(GOTTFRIED),,,,,,,
Muscogee,2017-11-13 11:50:49 EST,https://www.columbusga.org/sheriff/InmateSearch.htm,,WOFFORD,TIARRA,,f,black,35,1983,,2017-11-07,,,,,"SELL,MANUFACTURE ANY CONTR.SUB W/INT TO DISTRIBUTE | PROSTITUTION",,,,,,,
Muscogee,2017-11-13 11:50:49 EST,https://www.columbusga.org/sheriff/InmateSearch.htm,,ISOM,VEOTIS,L,m,black,53,1965,,2017-11-07,,,,,CRIMINAL TRESPASS,,,,,,,
Muscogee,2017-11-13 11:50:49 EST,https://www.columbusga.org/sheriff/InmateSearch.htm,,BANKS,AARON,,m,black,37,1981,,2017-11-06,,,,,CRIMINAL TRESPASS,,,,,,,
Muscogee,2017-11-13 11:50:49 EST,https://www.columbusga.org/sheriff/InmateSearch.htm,,BUBB,ANDEL,,m,black,19,1999,,2017-11-06,,,,,CONTRIBUTING TO THE DELINQUENCY OF A MINOR | CRIMINAL TRESPASS | POSSESSION OF TOOLS FOR THE COMMISSION OF CRIME,,,,,,,
Muscogee,2017-11-13 11:50:49 EST,https://www.columbusga.org/sheriff/InmateSearch.htm,,HARRIS,BARON,,m,black,43,1975,,2017-11-06,,,,,OBSTRUCTION OF A LAW ENFORCEMENT OFFICER | DISORDERLY CONDUCT,,,,,,,
Muscogee,2017-11-13 11:50:49 EST,https://www.columbusga.org/sheriff/InmateSearch.htm,,WASHINGTON,BJANA,N,f,black,35,1983,,2017-11-06,,,,,"STOP SIGN-YIELD SIGN VIOLATION | PARK, STANDING, OR DRIVING ON PRI/PROPERTY | OBSTRUCTION OF A LAW ENFORCEMENT OFFICER | THEFT BY SHOPLIFTING | FAILURE TO MAINTAIN LANE",,,,,,,
Muscogee,2017-11-13 11:50:49 EST,https://www.columbusga.org/sheriff/InmateSearch.htm,,GRIMES,BRANDON,T,m,black,33,1985,,2017-11-06,,,,,NO PROOF OF INSURANCE | DRIVING WHILE LICENSE SUSPENDED OR REVOKED | NO STATE TAG,,,,,,,
Muscogee,2017-11-13 11:50:49 EST,https://www.columbusga.org/sheriff/InmateSearch.htm,,SHELEY,BRANDON,K,m,white,35,1983,,2017-11-06,,,,,NO PROOF OF INSURANCE | DRIVING WHILE LICENSE SUSPENDED OR REVOKED | NO STATE TAG,,,,,,,
Muscogee,2017-11-13 11:50:49 EST,https://www.columbusga.org/sheriff/InmateSearch.htm,,PORTER,CAROL,B,f,black,21,1997,,2017-11-06,,,,,DRIVING WHILE LICENSE SUSPENDED OR REVOKED | STOP SIGN,,,,,,,
Muscogee,2017-11-13 11:50:49 EST,https://www.columbusga.org/sheriff/InmateSearch.htm,,JOHNSON,CHAMENCEA,,f,black,24,1994,,2017-11-06,,,,,VIO.OF PROB.REC.CT.(BUCKNER),,,,,,,
Muscogee,2017-11-13 11:50:49 EST,https://www.columbusga.org/sheriff/InmateSearch.htm,,ERVIN,DARIUS,,m,black,26,1992,,2017-11-06,,,,,"POSSESSION AND USE OF DRUG RELATED OBJECTS | POSSESSION OF MARIJUANA, LESS THAN ONE OUNCE | UNSAFE OR IMPROPERLY EQUIPPED VEHICLE",,,,,,,
Muscogee,2017-11-13 11:50:49 EST,https://www.columbusga.org/sheriff/InmateSearch.htm,,MAYHAND,DESIRAE,,f,white,31,1987,,2017-11-06,,,,,VIO.OF PROB.ST.CT.(RICHARDSON),,,,,,,
Muscogee,2017-11-13 11:50:49 EST,https://www.columbusga.org/sheriff/InmateSearch.htm,,WASHINGTON,DEVETA,D,f,black,44,1974,,2017-11-06,,,,,DISORDERLY CONDUCT,,,,,,,
Muscogee,2017-11-13 11:50:49 EST,https://www.columbusga.org/sheriff/InmateSearch.htm,,ABEL,DONNA,,f,white,56,1962,,2017-11-06,,,,,THEFT BY SHOPLIFTING,,,,,,,
Muscogee,2017-11-13 11:50:49 EST,https://www.columbusga.org/sheriff/InmateSearch.htm,,PADGETT,ELVINA,L,f,white,38,1980,,2017-11-06,,,,,VIO.OF PROB.S.C.(JORDAN) | NO STATE DRIVERS LICENSE | NO STATE TAG | VIO.OF PROB.ST.CT.(PRATHER),,,,,,,
Muscogee,2017-11-13 11:50:49 EST,https://www.columbusga.org/sheriff/InmateSearch.htm,,DAVIS,GREGORY,L,m,black,41,1977,,2017-11-06,,,,,CRIMINAL TRESPASS,,,,,,,
Muscogee,2017-11-13 11:50:49 EST,https://www.columbusga.org/sheriff/InmateSearch.htm,,MCGHEE,JAMES,W,m,black,47,1971,,2017-11-06,,,,,BATTERY WITH PHYSICAL VISIBLE HARM,,,,,,,
Muscogee,2017-11-13 11:50:49 EST,https://www.columbusga.org/sheriff/InmateSearch.htm,,PRITCHETT,JEREMY,,m,white,41,1977,,2017-11-06,,,,,FINANCIAL TRANSACTION CARD THEFT | IDENTITY FRAUD/ELEMENTS OF OFFENSE,,,,,,,
Muscogee,2017-11-13 11:50:49 EST,https://www.columbusga.org/sheriff/InmateSearch.htm,,COLEMAN,JIMMY,,m,white,28,1990,,2017-11-06,,,,,"BICYCLE, RIDING ON SIDEWALKS | LOITERING OR PROWLING | LIGHTS/EQUIPMENT ON BICYCLES",,,,,,,
Muscogee,2017-11-13 11:50:49 EST,https://www.columbusga.org/sheriff/InmateSearch.htm,,GORDON,KATRINA,,f,black,43,1975,,2017-11-06,,,,,VIO.OF PROB.ST.CT.(PRATHER) | THEFT BY SHOPLIFTING,,,,,,,
Muscogee,2017-11-13 11:50:49 EST,https://www.columbusga.org/sheriff/InmateSearch.htm,,CALDWELL,KATRINA,,f,black,46,1972,,2017-11-06,,,,,"DRIVING WHILE LICENSE SUSPENDED OR REVOKED | PROHIBITED IN SPEC PLACES, STOP, PARK/RR CROSS",,,,,,,
Muscogee,2017-11-13 11:50:49 EST,https://www.columbusga.org/sheriff/InmateSearch.htm,,HERNANDEZ-MORALES,KELLY,,f,white,24,1994,,2017-11-06,,,,,IMPROPER LEFT TURN | NO STATE DRIVERS LICENSE | DISORDERLY CONDUCT,,,,,,,
Muscogee,2017-11-13 11:50:49 EST,https://www.columbusga.org/sheriff/InmateSearch.htm,,WRIGHT,KEVIN,,m,white,48,1970,,2017-11-06,,,,,"POSSESSION AND USE OF DRUG RELATED OBJECTS | POSSESSION OF MARIJUANA, LESS THAN ONE OUNCE | LOITERING",,,,,,,
Muscogee,2017-11-13 11:50:49 EST,https://www.columbusga.org/sheriff/InmateSearch.htm,,MORELAND,LETRESHIE,L,f,black,39,1979,,2017-11-06,,,,,NO STATE DRIVERS LICENSE | IMPROPERLY TRANSFERRED LICENSE PLATE,,,,,,,
Muscogee,2017-11-13 11:50:49 EST,https://www.columbusga.org/sheriff/InmateSearch.htm,,JOHNSON,MARLON,,m,black,36,1982,,2017-11-06,,,,,SPEEDING | USE OF LICENSE PLATE TO CONCEAL IDENTITY OF VEHICL | NO STATE TAG,,,,,,,
Muscogee,2017-11-13 11:50:49 EST,https://www.columbusga.org/sheriff/InmateSearch.htm,,MILLER,NASHIRA,,f,black,20,1998,,2017-11-06,,,,,RECKLESS CONDUCT CAUSING HARM/ENDANGERING SAFETY,,,,,,,
Muscogee,2017-11-13 11:50:49 EST,https://www.columbusga.org/sheriff/InmateSearch.htm,,BANKS,RANASHIA,S,f,black,19,1999,,2017-11-06,,,,,AFFRAY/FIGHTING PUBLIC PLACE,,,,,,,
Muscogee,2017-11-13 11:50:49 EST,https://www.columbusga.org/sheriff/InmateSearch.htm,,WILLIAMS,RAYMOND,S,m,black,41,1977,,2017-11-06,,,,,POSSESSION OF FIREARM OR KNIFE DURING COMMISSION | POSSESSION OF MARIJUANA WITH INTENT TO DISTRIBUTE | POSSESSION OF METHAMPHETAMINE W/INTENT TO DIST.,,,,,,,
Muscogee,2017-11-13 11:50:49 EST,https://www.columbusga.org/sheriff/InmateSearch.htm,,SCOTT,RAYMOND,,m,black,36,1982,,2017-11-06,,,,,BATTERY WITH PHYSICAL VISIBLE HARM | OBSTRUCTION OF 911 CALL | VIO.OF PROB.ST.CT.(PRATHER) | AGGRAVATED ASSAULT,,,,,,,
Muscogee,2017-11-13 11:50:49 EST,https://www.columbusga.org/sheriff/InmateSearch.htm,,DRAKE,ROGER,,m,black,28,1990,,2017-11-06,,,,,SIMPLE BATTERY,,,,,,,
Muscogee,2017-11-13 11:50:49 EST,https://www.columbusga.org/sheriff/InmateSearch.htm,,ROSS,SELENA,A,f,black,36,1982,,2017-11-06,,,,,STOP SIGN | RECKLESS DRIVING | IMPROPER BRAKE LIGHTS,,,,,,,
Muscogee,2017-11-13 11:50:49 EST,https://www.columbusga.org/sheriff/InmateSearch.htm,,LEWIS,STEVEN,C,m,black,20,1998,,2017-11-06,,,,,"POSSESSION OF MARIJUANA, LESS THAN ONE OUNCE | LOITERING",,,,,,,
Muscogee,2017-11-13 11:50:49 EST,https://www.columbusga.org/sheriff/InmateSearch.htm,,BARNER,TYRONE,,m,black,61,1957,,2017-11-06,,,,,CRIMINAL TRESPASS FAILURE TO LEAVE ON NOTICE | DISORDERLY CONDUCT,,,,,,,
Muscogee,2017-11-13 11:50:49 EST,https://www.columbusga.org/sheriff/InmateSearch.htm,,CALDWELL,XAVIER,,m,black,28,1990,,2017-11-06,,,,,FALSE INFORMATION TO OFFICER CITY CODE,,,,,,,
Muscogee,2017-11-13 11:50:49 EST,https://www.columbusga.org/sheriff/InmateSearch.htm,,CLARY,ADISON,,f,white,20,1998,,2017-11-05,,,,,VIO.OF PROB.ST.CT.(RICHARDSON),,,,,,,
Muscogee,2017-11-13 11:50:49 EST,https://www.columbusga.org/sheriff/InmateSearch.htm,,HARPE,ALBERT,L,m,black,35,1983,,2017-11-05,,,,,"CONTRIBUTING TO THE DELINQUENCY OF A MINOR | GIVING FALSE NAME, ADDRESS OR DOB TO OFFICER | THEFT BY SHOPLIFTING",,,,,,,
Muscogee,2017-11-13 11:50:49 EST,https://www.columbusga.org/sheriff/InmateSearch.htm,,FOSTER,ANGELICA,,f,black,25,1993,,2017-11-05,,,,,DISORDERLY CONDUCT,,,,,,,
Muscogee,2017-11-13 11:50:49 EST,https://www.columbusga.org/sheriff/InmateSearch.htm,,MEADOWS,CADARIUS,,m,black,21,1997,,2017-11-05,,,,,"POSS, MANUFACTURE, DISTRIBUTION OF CONT. SUB | POSSESSION OF FIREARM OR KNIFE DURING COMMISSION C | CARRYING A CONCEALED WEAPON",,,,,,,
Muscogee,2017-11-13 11:50:49 EST,https://www.columbusga.org/sheriff/InmateSearch.htm,,WILLIAMS,CHAUNCERY,L,m,black,52,1966,,2017-11-05,,,,,"POSSESSION OF MARIJUANA, LESS THAN ONE OUNCE | THEFT BY SHOPLIFTING | VIO.OF PROB.S.C.(MCBRIDE) | POSSESSION AND USE OF DRUG RELATED OBJECTS",,,,,,,
Muscogee,2017-11-13 11:50:49 EST,https://www.columbusga.org/sheriff/InmateSearch.htm,,WILSON,DARIUS,M,m,black,27,1991,,2017-11-05,,,,,"POSSESSION OF MARIJUANA, LESS THAN ONE OUNCE",,,,,,,
Muscogee,2017-11-13 11:50:49 EST,https://www.columbusga.org/sheriff/InmateSearch.htm,,THOMAS,DARNELLE,,m,black,36,1982,,2017-11-05,,,,,VIO.OF PROB.S.C.(JORDAN) | PUBLIC INDECENCY,,,,,,,
Muscogee,2017-11-13 11:50:49 EST,https://www.columbusga.org/sheriff/InmateSearch.htm,,ADAMS,DECARUS,R,m,black,26,1992,,2017-11-05,,,,,CRIMINAL TRESPASS,,,,,,,
Muscogee,2017-11-13 11:50:49 EST,https://www.columbusga.org/sheriff/InmateSearch.htm,,JEMISON,DESCHAUNE,T,m,black,21,1997,,2017-11-05,,,,,VIOLATION OF PAROLE | SIMPLE ASSAULT ATTEMPT TO COMMIT VIOLENT INJURY,,,,,,,
Muscogee,2017-11-13 11:50:49 EST,https://www.columbusga.org/sheriff/InmateSearch.htm,,LOVE,ERIC,A,m,white,33,1985,,2017-11-05,,,,,FINANCIAL TRANSACTION CARD THEFT,,,,,,,
Muscogee,2017-11-13 11:50:49 EST,https://www.columbusga.org/sheriff/InmateSearch.htm,,HILLIARD,GREGORY,,m,black,21,1997,,2017-11-05,,,,,"POSSESSION OF MARIJUANA, LESS THAN ONE OUNCE | FAILURE TO MAINTAIN LANE",,,,,,,
Muscogee,2017-11-13 11:50:49 EST,https://www.columbusga.org/sheriff/InmateSearch.htm,,WADKINS,JAMES,M,m,white,25,1993,,2017-11-05,,,,,BATTERY WITH PHYSICAL VISIBLE HARM | CRIMINAL TRESPASS,,,,,,,
Muscogee,2017-11-13 11:50:49 EST,https://www.columbusga.org/sheriff/InmateSearch.htm,,GUIETTE,JONITHEN,,m,white,27,1991,,2017-11-05,,,,,SIMPLE BATTERY,,,,,,,
Muscogee,2017-11-13 11:50:49 EST,https://www.columbusga.org/sheriff/InmateSearch.htm,,MARTINEZ-ESPINOZA,JOSE,,m,white,47,1971,,2017-11-05,,,,,DISORDERLY CONDUCT,,,,,,,
Muscogee,2017-11-13 11:50:49 EST,https://www.columbusga.org/sheriff/InmateSearch.htm,,FORD,JUSTIN,,m,black,32,1986,,2017-11-05,,,,,FUGITIVE FROM JUSTICE (ALABAMA),,,,,,,
Muscogee,2017-11-13 11:50:49 EST,https://www.columbusga.org/sheriff/InmateSearch.htm,,NELSON,LAYSHUN,,m,black,20,1998,,2017-11-05,,,,,VIO.OF PROB.S.C.(RUMER),,,,,,,
Muscogee,2017-11-13 11:50:49 EST,https://www.columbusga.org/sheriff/InmateSearch.htm,,REYNOLDS,LEE,S,m,,42,1976,,2017-11-05,,,,,SIMPLE BATTERY,,,,,,,
Muscogee,2017-11-13 11:50:49 EST,https://www.columbusga.org/sheriff/InmateSearch.htm,,MELTON,MICHAEL,,m,black,35,1983,,2017-11-05,,,,,DRIVING UNDER THE INFLUENCE | OPEN CONTAINER ALCOHOLIC BEVERAGE OPERATING VEHICL,,,,,,,
Muscogee,2017-11-13 11:50:49 EST,https://www.columbusga.org/sheriff/InmateSearch.htm,,RILEY,MICHAEL,,m,white,26,1992,,2017-11-05,,,,,POSSESSION AND USE OF DRUG RELATED OBJECTS,,,,,,,
Muscogee,2017-11-13 11:50:49 EST,https://www.columbusga.org/sheriff/InmateSearch.htm,,PACE,MONTE,C,m,black,46,1972,,2017-11-05,,,,,THEFT BY SHOPLIFTING,,,,,,,
Muscogee,2017-11-13 11:50:49 EST,https://www.columbusga.org/sheriff/InmateSearch.htm,,MCCLOUD,PAUL,S,m,black,39,1979,,2017-11-05,,,,,DRIVING WHILE LICENSE SUSPENDED OR REVOKED | NO PROOF OF INSURANCE,,,,,,,
Muscogee,2017-11-13 11:50:49 EST,https://www.columbusga.org/sheriff/InmateSearch.htm,,AMARI,REBECCA,,f,white,40,1978,,2017-11-05,,,,,FUGITIVE FROM JUSTICE (ALABAMA),,,,,,,
Muscogee,2017-11-13 11:50:49 EST,https://www.columbusga.org/sheriff/InmateSearch.htm,,ETTER,SHIRLYNN,,f,white,36,1982,,2017-11-05,,,,,DRUGS TO BE KEPT IN ORIGNAL CONTAINER | ENTER AN UNOCCUPIED DWELLING,,,,,,,
Muscogee,2017-11-13 11:50:49 EST,https://www.columbusga.org/sheriff/InmateSearch.htm,,WILLIAMS,TABATHA,,f,black,52,1966,,2017-11-05,,,,,BATTERY WITH PHYSICAL VISIBLE HARM | CRIMINAL TRESPASS,,,,,,,
Muscogee,2017-11-13 11:50:49 EST,https://www.columbusga.org/sheriff/InmateSearch.htm,,ROBERSON,VICKI,,f,white,56,1962,,2017-11-05,,,,,SIMPLE ASSAULT ATTEMPT TO COMMIT VIOLENT INJURY | TERRORISTIC THREATS | DISORDERLY CONDUCT,,,,,,,
Muscogee,2017-11-13 11:50:49 EST,https://www.columbusga.org/sheriff/InmateSearch.htm,,HARVEY,XAVIER,R,m,black,24,1994,,2017-11-05,,,,,"LEAVING THE SCENE OF AN ACCIDENT | NO STATE DRIVERS LICENSE | POSSESSION OF MARIJUANA, LESS THAN ONE OUNCE | NO PROOF OF INSURANCE",,,,,,,
Muscogee,2017-11-13 11:50:49 EST,https://www.columbusga.org/sheriff/InmateSearch.htm,,BATIZ,ANGELL,,m,white,42,1976,,2017-11-04,,,,,VIO.OF PROB.S.C.(JORDAN-ADC),,,,,,,
Muscogee,2017-11-13 11:50:49 EST,https://www.columbusga.org/sheriff/InmateSearch.htm,,HARVEY,ANTHONY,T,m,black,37,1981,,2017-11-04,,,,,THEFT BY DECEPTION,,,,,,,
Muscogee,2017-11-13 11:50:49 EST,https://www.columbusga.org/sheriff/InmateSearch.htm,,ANDRADE,BRANDON,K,m,white,25,1993,,2017-11-04,,,,,VIO.OF PROB.S.C.(MULLINS),,,,,,,
Muscogee,2017-11-13 11:50:49 EST,https://www.columbusga.org/sheriff/InmateSearch.htm,,MCCELOS,CAYLEY,,f,,24,1994,,2017-11-04,,,,,SIMPLE BATTERY,,,,,,,
Muscogee,2017-11-13 11:50:49 EST,https://www.columbusga.org/sheriff/InmateSearch.htm,,BOWENS,CHRISTOPHER,,m,,31,1987,,2017-11-04,,,,,"OPEN CONTAINER ALCOHOLIC BEVERAGE OPERATING VEHICL | POSSESSION OF MARIJUANA, LESS THAN ONE OUNCE | FAILURE TO MAINTAIN LANE",,,,,,,
Muscogee,2017-11-13 11:50:49 EST,https://www.columbusga.org/sheriff/InmateSearch.htm,,MCCOY,CRYSTAL,N,f,black,31,1987,,2017-11-04,,,,,OPEN CONTAINER ALCOHOLIC BEVERAGE OPERATING VEHICL | SPEEDING,,,,,,,
Muscogee,2017-11-13 11:50:49 EST,https://www.columbusga.org/sheriff/InmateSearch.htm,,GRISWOULD,CYNTHIA,,f,black,58,1960,,2017-11-04,,,,,CRIMINAL DAMAGE TO PROPERTY IN THE SECOND DEGREE | POSSESSION AND USE OF DRUG RELATED OBJECTS,,,,,,,
Muscogee,2017-11-13 11:50:49 EST,https://www.columbusga.org/sheriff/InmateSearch.htm,,VOSS,DANIEL,L,m,white,59,1959,,2017-11-04,,,,,"DRIVING UNDER THE INFLUENCE | HOMICIDE BY VEHICLE, WITHOUT MALICE, 1ST DEGREE | FOLLOWING TOO CLOSE",,,,,,,
Muscogee,2017-11-13 11:50:49 EST,https://www.columbusga.org/sheriff/InmateSearch.htm,,ANDERSON,DARRIEST,,m,black,33,1985,,2017-11-04,,,,,"SWITCHING OR REMOVING TAG | OPEN CONTAINER ALCOHOLIC BEVERAGE OPERATING VEHICL | NO PROOF OF INSURANCE | POSS, MANUFACTURE, DISTRIBUTION OF CONT. SUB | VIO.OF PROB.S.C.(MULLINS) | FOLLOWING TOO CLOSE",,,,,,,
Muscogee,2017-11-13 11:50:49 EST,https://www.columbusga.org/sheriff/InmateSearch.htm,,KILGORE,DEBRA,,f,white,58,1960,,2017-11-04,,,,,THEFT BY SHOPLIFTING | CRIMINAL TRESPASS,,,,,,,
Muscogee,2017-11-13 11:50:49 EST,https://www.columbusga.org/sheriff/InmateSearch.htm,,MEADOWS,DEWAYNE,L,m,black,33,1985,,2017-11-04,,,,,CRUELTY TO CHILDREN 3RD DEG ALLOW CHILD TO WITNESS | SIMPLE BATTERY,,,,,,,
Muscogee,2017-11-13 11:50:49 EST,https://www.columbusga.org/sheriff/InmateSearch.htm,,WIRT,EDWARD,,m,black,47,1971,,2017-11-04,,,,,DISORDERLY CONDUCT,,,,,,,
Muscogee,2017-11-13 11:50:49 EST,https://www.columbusga.org/sheriff/InmateSearch.htm,,PUGH,ERIC,,m,black,46,1972,,2017-11-04,,,,,DRIVING WHILE LICENSE SUSPENDED OR REVOKED | DUI ALCOHOL LESS SAFE,,,,,,,
Muscogee,2017-11-13 11:50:49 EST,https://www.columbusga.org/sheriff/InmateSearch.htm,,OSBORNE,HANNAH,,f,white,23,1995,,2017-11-04,,,,,DRIVING UNDER THE INFLUENCE >.08 | FAILURE TO MAINTAIN LANE,,,,,,,
Muscogee,2017-11-13 11:50:49 EST,https://www.columbusga.org/sheriff/InmateSearch.htm,,SINGH,HARVINDER,,m,white,36,1982,,2017-11-04,,,,,DRIVING UNDER THE INFLUENCE | FOLLOWING TOO CLOSE,,,,,,,
Muscogee,2017-11-13 11:50:49 EST,https://www.columbusga.org/sheriff/InmateSearch.htm,,GIBSON,JANET,C,f,black,31,1987,,2017-11-04,,,,,OBSTRUCTION OF A LAW ENFORCEMENT OFFICER | ENTER AN UNOCCUPIED DWELLING,,,,,,,
Muscogee,2017-11-13 11:50:49 EST,https://www.columbusga.org/sheriff/InmateSearch.htm,,PURDY,JARETT,R,m,black,24,1994,,2017-11-04,,,,,DUI ALCOHOL LESS SAFE | LIGHTS REQUIRED,,,,,,,
Muscogee,2017-11-13 11:50:49 EST,https://www.columbusga.org/sheriff/InmateSearch.htm,,MCNEILL,JOHN,C,m,black,44,1974,,2017-11-04,,,,,DUI ALCOHOL LESS SAFE | FAILURE TO MAINTAIN LANE,,,,,,,
Muscogee,2017-11-13 11:50:49 EST,https://www.columbusga.org/sheriff/InmateSearch.htm,,DOWLING,LAMAR,S,m,white,45,1973,,2017-11-04,,,,,HOLD FOR CHATHAM COUNTY,,,,,,,
Muscogee,2017-11-13 11:50:49 EST,https://www.columbusga.org/sheriff/InmateSearch.htm,,JACKSON,MARKE,A,m,black,55,1963,,2017-11-04,,,,,HOLD FOR CHATTAHOOCHEE COUNTY,,,,,,,
Muscogee,2017-11-13 11:50:49 EST,https://www.columbusga.org/sheriff/InmateSearch.htm,,GOINS,MARQUITA,,f,black,35,1983,,2017-11-04,,,,,DRIVING WHILE LICENSE SUSPENDED OR REVOKED,,,,,,,
Muscogee,2017-11-13 11:50:49 EST,https://www.columbusga.org/sheriff/InmateSearch.htm,,SCOTT,MELVIN,H,m,black,59,1959,,2017-11-04,,,,,DRIVING UNDER THE INFLUENCE | FOLLOWING TOO CLOSE,,,,,,,
Muscogee,2017-11-13 11:50:49 EST,https://www.columbusga.org/sheriff/InmateSearch.htm,,JONES,SADARREN,,m,black,20,1998,,2017-11-04,,,,,NO PROOF OF INSURANCE | NO STATE TAG,,,,,,,
Muscogee,2017-11-13 11:50:49 EST,https://www.columbusga.org/sheriff/InmateSearch.htm,,JACKSON,STEPHEN,P,m,black,20,1998,,2017-11-04,,,,,SIMPLE BATTERY,,,,,,,
Muscogee,2017-11-13 11:50:49 EST,https://www.columbusga.org/sheriff/InmateSearch.htm,,DAVIS,TENISHA,,f,black,28,1990,,2017-11-04,,,,,DUI DRUGS LESS SAFE | SPEEDING,,,,,,,
Muscogee,2017-11-13 11:50:49 EST,https://www.columbusga.org/sheriff/InmateSearch.htm,,BOWENS,THOMAS,H,m,black,40,1978,,2017-11-04,,,,,ENTERING MOTOR VEHICLE W/INTENT TO COMMIT THEFT,,,,,,,
Muscogee,2017-11-13 11:50:49 EST,https://www.columbusga.org/sheriff/InmateSearch.htm,,KING,TIMOTHY,M,m,white,42,1976,,2017-11-04,,,,,ENTER AN UNOCCUPIED DWELLING,,,,,,,
Muscogee,2017-11-13 11:50:49 EST,https://www.columbusga.org/sheriff/InmateSearch.htm,,GIBSON,TYQUIRIA,C,f,black,22,1996,,2017-11-04,,,,,"DUTY TO RPT ACC-INVOL DEATH, INJURY,PROP DAMAGE | RECKLESS DRIVING | RECKLESS CONDUCT CAUSING HARM/ENDANGERING SAFETY | FAILURE TO MAINTAIN LANE",,,,,,,
Muscogee,2017-11-13 11:50:49 EST,https://www.columbusga.org/sheriff/InmateSearch.htm,,MILNER,WILLIAM,C,m,white,32,1986,,2017-11-04,,,,,BATTERY WITH PHYSICAL VISIBLE HARM,,,,,,,
Muscogee,2017-11-13 11:50:49 EST,https://www.columbusga.org/sheriff/InmateSearch.htm,,GARNER,ANTONIO,A,m,black,27,1991,,2017-11-03,,,,,"CHILD RESTRAINT | NO PROOF OF INSURANCE | REGISTRATION,SUSPENDED, CANCELED, OR REVOKED.",,,,,,,
Muscogee,2017-11-13 11:50:49 EST,https://www.columbusga.org/sheriff/InmateSearch.htm,,LAMB,APRIL,,f,white,45,1973,,2017-11-03,,,,,HOLD FOR HARRIS COUNTY,,,,,,,
Muscogee,2017-11-13 11:50:49 EST,https://www.columbusga.org/sheriff/InmateSearch.htm,,BELL,BRANDON,D,m,black,35,1983,,2017-11-03,,,,,VIO.OF PROB.S.C.(MULLINS) | VIO.OF PROB.S.C.(PETERS),,,,,,,
Muscogee,2017-11-13 11:50:49 EST,https://www.columbusga.org/sheriff/InmateSearch.htm,,DENT,CEDRICK,L,m,black,27,1991,,2017-11-03,,,,,CRIMINAL DAMAGE TO PROPERTY IN THE SECOND DEGREE | OBSTRUCTION OF A LAW ENFORCEMENT OFFICER,,,,,,,
Muscogee,2017-11-13 11:50:49 EST,https://www.columbusga.org/sheriff/InmateSearch.htm,,BATES,CHANDLER,,f,white,23,1995,,2017-11-03,,,,,VIO.OF PROB.S.C.(PETERS),,,,,,,
Muscogee,2017-11-13 11:50:49 EST,https://www.columbusga.org/sheriff/InmateSearch.htm,,LAWING,CLINT,,m,white,30,1988,,2017-11-03,,,,,"POSS, MANUFACTURE, DISTRIBUTION OF CONT. SUB | FAILURE TO GIVE SIGNAL",,,,,,,
Muscogee,2017-11-13 11:50:49 EST,https://www.columbusga.org/sheriff/InmateSearch.htm,,DAVIS,CRYSTAL,L,f,black,33,1985,,2017-11-03,,,,,VIO.OF PROB.ST.CT.(RICHARDSON),,,,,,,
Muscogee,2017-11-13 11:50:49 EST,https://www.columbusga.org/sheriff/InmateSearch.htm,,GANTER,DARRELL,,m,black,45,1973,,2017-11-03,,,,,VIO.OF PROB.S.C.(RUMER) | CRIMINAL TRESPASS,,,,,,,
Muscogee,2017-11-13 11:50:49 EST,https://www.columbusga.org/sheriff/InmateSearch.htm,,MAYE,DEANTHONY,,m,black,28,1990,,2017-11-03,,,,,HOLD FOR JACKSON COUNTY,,,,,,,
Muscogee,2017-11-13 11:50:49 EST,https://www.columbusga.org/sheriff/InmateSearch.htm,,ROJAS,DENNIS,,m,black,36,1982,,2017-11-03,,,,,NO PROOF OF INSURANCE | NO STATE TAG,,,,,,,
Muscogee,2017-11-13 11:50:49 EST,https://www.columbusga.org/sheriff/InmateSearch.htm,,TURNER,DONTAVIUS,J,m,black,29,1989,,2017-11-03,,,,,FORGERY IN THE THIRD DEGREE,,,,,,,
Muscogee,2017-11-13 11:50:49 EST,https://www.columbusga.org/sheriff/InmateSearch.htm,,PENROD,DWAYNE,,m,white,42,1976,,2017-11-03,,,,,"GIVING FALSE NAME, ADDRESS OR DOB TO OFFICER | POSSESSION OF TOOLS FOR THE COMMISSION OF CRIME | LOITERING OR PROWLING",,,,,,,
Muscogee,2017-11-13 11:50:49 EST,https://www.columbusga.org/sheriff/InmateSearch.htm,,BREWER,EBONY,D,f,black,30,1988,,2017-11-03,,,,,"POSSESSION OF MARIJUANA, LESS THAN ONE OUNCE",,,,,,,
Muscogee,2017-11-13 11:50:49 EST,https://www.columbusga.org/sheriff/InmateSearch.htm,,ANDERSON,EDWARD,E,m,white,61,1957,,2017-11-03,,,,,911 CALL UNLAWFUL CONDUCT,,,,,,,
Muscogee,2017-11-13 11:50:49 EST,https://www.columbusga.org/sheriff/InmateSearch.htm,,SWANN,ELLEN,A,f,white,57,1961,,2017-11-03,,,,,DRIVING UNDER THE INFLUENCE | ENTERING ROADWAY FROM OTHER THAN ANOTHER ROADWAY,,,,,,,
Muscogee,2017-11-13 11:50:49 EST,https://www.columbusga.org/sheriff/InmateSearch.htm,,HURBAN,ERIC,,m,white,56,1962,,2017-11-03,,,,,IMPROPERLY TRANSFERRED LICENSE PLATE | SWITCHING OR REMOVING TAG | VEHICLE W/O REVALIDATION DECAL ON LIC.PLATE | NO PROOF OF INSURANCE | NO STATE TAG | CROSSING CENTER LINE,,,,,,,
Muscogee,2017-11-13 11:50:49 EST,https://www.columbusga.org/sheriff/InmateSearch.htm,,YARWAYE,FRANKLIN,,m,black,23,1995,,2017-11-03,,,,,BATTERY WITH PHYSICAL VISIBLE HARM,,,,,,,
Muscogee,2017-11-13 11:50:49 EST,https://www.columbusga.org/sheriff/InmateSearch.htm,,SULLIVAN,JEREMY,D,m,white,35,1983,,2017-11-03,,,,,DRIVING UNDER THE INFLUENCE | FAILURE TO MAINTAIN LANE,,,,,,,
Muscogee,2017-11-13 11:50:49 EST,https://www.columbusga.org/sheriff/InmateSearch.htm,,STEWARD,JERRICK,,m,black,29,1989,,2017-11-03,,,,,FORGERY IN THE FIRST DEGREE,,,,,,,
Muscogee,2017-11-13 11:50:49 EST,https://www.columbusga.org/sheriff/InmateSearch.htm,,COLLINS,JOHNNY,R,m,white,33,1985,,2017-11-03,,,,,VIO.OF PROB.S.C.(GOTTFRIED),,,,,,,
Muscogee,2017-11-13 11:50:49 EST,https://www.columbusga.org/sheriff/InmateSearch.htm,,DURDEN,KANDYCE,,f,white,34,1984,,2017-11-03,,,,,THEFT BY SHOPLIFTING,,,,,,,
Muscogee,2017-11-13 11:50:49 EST,https://www.columbusga.org/sheriff/InmateSearch.htm,,BRATCHER,KENDALL,,m,white,34,1984,,2017-11-03,,,,,911 CALL UNLAWFUL CONDUCT | FALSE INFORMATION TO OFFICER CITY CODE,,,,,,,
Muscogee,2017-11-13 11:50:49 EST,https://www.columbusga.org/sheriff/InmateSearch.htm,,MITCHELL,KENNY,L,m,black,33,1985,,2017-11-03,,,,,SIMPLE BATTERY PHYSICAL HARM FV 16-5-23 (A)(2)(F),,,,,,,
Muscogee,2017-11-13 11:50:49 EST,https://www.columbusga.org/sheriff/InmateSearch.htm,,JERNIGAN,KEVIN,,m,black,35,1983,,2017-11-03,,,,,"REGISTRATION,SUSPENDED, CANCELED, OR REVOKED. | NO STATE TAG | NOTICE OF CHANGE OF ADDRESS OR NAME | VEHICLE W/O REVALIDATION DECAL ON LIC.PLATE | NO PROOF OF INSURANCE",,,,,,,
Muscogee,2017-11-13 11:50:49 EST,https://www.columbusga.org/sheriff/InmateSearch.htm,,SWANGER,MARSHALL,H,m,white,24,1994,,2017-11-03,,,,,BATTERY WITH PHYSICAL VISIBLE HARM | OBSTRUCTION OF 911 CALL,,,,,,,
Muscogee,2017-11-13 11:50:49 EST,https://www.columbusga.org/sheriff/InmateSearch.htm,,JOHNSON,MAURICE,E,m,black,47,1971,,2017-11-03,,,,,POSSESSION AND USE OF DRUG RELATED OBJECTS,,,,,,,
Muscogee,2017-11-13 11:50:49 EST,https://www.columbusga.org/sheriff/InmateSearch.htm,,HAMNER,MERRISA,R,f,black,25,1993,,2017-11-03,,,,,VIO.OF PROB.S.C.(JORDAN) | THEFT BY SHOPLIFTING,,,,,,,
Muscogee,2017-11-13 11:50:49 EST,https://www.columbusga.org/sheriff/InmateSearch.htm,,WILLIAMS,MICHELLE,,f,white,52,1966,,2017-11-03,,,,,VIO.OF PROB.S.C.(GOTTFRIED),,,,,,,
Muscogee,2017-11-13 11:50:49 EST,https://www.columbusga.org/sheriff/InmateSearch.htm,,RAYMOND,NATHANIEL,,m,black,26,1992,,2017-11-03,,,,,"GIVING FALSE NAME, ADDRESS OR DOB TO OFFICER | POSS OF A CONTROLLED SUBSTANCE WITH INTENT",,,,,,,
Muscogee,2017-11-13 11:50:49 EST,https://www.columbusga.org/sheriff/InmateSearch.htm,,HOWARD,NICHOLAS,,m,black,38,1980,,2017-11-03,,,,,"POSS, MANUFACTURE, DISTRIBUTION OF CONT. SUB | USE OF COMMUNICATION FACILITY IN COMMITTING CRIME | POSSESSION AND USE OF DRUG RELATED OBJECTS | RECKLESS CONDUCT CAUSING HARM/ENDANGERING SAFETY | SELL,MANUFACTURE ANY CONTR.SUB W/INT TO DISTRIBUTE | TAMPERING WITH EVIDENCE | VIO.OF PROB.S.C.(RUMER)",,,,,,,
Muscogee,2017-11-13 11:50:49 EST,https://www.columbusga.org/sheriff/InmateSearch.htm,,HUGULEY,RAFAEL,,m,black,36,1982,,2017-11-03,,,,,FUGITIVE FROM JUSTICE (MISSISSIPPI),,,,,,,
Muscogee,2017-11-13 11:50:49 EST,https://www.columbusga.org/sheriff/InmateSearch.htm,,INGRAM,RISCHARDA,,f,black,24,1994,,2017-11-03,,,,,VIO.OF PROB.S.C.(RUMER),,,,,,,
Muscogee,2017-11-13 11:50:49 EST,https://www.columbusga.org/sheriff/InmateSearch.htm,,DOBBS,RODNEY,S,m,black,22,1996,,2017-11-03,,,,,FINANCIAL TRANSACTION CARD FRAUD | FINANCIAL TRANSACTION CARD THEFT | THEFT BY TAKING,,,,,,,
Muscogee,2017-11-13 11:50:49 EST,https://www.columbusga.org/sheriff/InmateSearch.htm,,WADE,RYAN,M,m,black,30,1988,,2017-11-03,,,,,"POSSESSION OF MARIJUANA, LESS THAN ONE OUNCE",,,,,,,
Muscogee,2017-11-13 11:50:49 EST,https://www.columbusga.org/sheriff/InmateSearch.htm,,GARNER,SHELLY,D,f,white,51,1967,,2017-11-03,,,,,AGGRAVATED STALKING,,,,,,,
Muscogee,2017-11-13 11:50:49 EST,https://www.columbusga.org/sheriff/InmateSearch.htm,,WILSON,SHENITA,S,f,black,33,1985,,2017-11-03,,,,,VIO.OF PROB.S.C.(SMITH),,,,,,,
Muscogee,2017-11-13 11:50:49 EST,https://www.columbusga.org/sheriff/InmateSearch.htm,,SPANN,STEVE,G,m,white,48,1970,,2017-11-03,,,,,VIO.OF PROB.S.C.(SMITH),,,,,,,
Muscogee,2017-11-13 11:50:49 EST,https://www.columbusga.org/sheriff/InmateSearch.htm,,CARVER,STEVE,R,m,white,55,1963,,2017-11-03,,,,,VIO.OF PROB.S.C.(JORDAN-ADC),,,,,,,
Muscogee,2017-11-13 11:50:49 EST,https://www.columbusga.org/sheriff/InmateSearch.htm,,JACKSON,TATEVIA,,f,black,19,1999,,2017-11-03,,,,,"POSSESSION OF MARIJUANA, LESS THAN ONE OUNCE",,,,,,,
Muscogee,2017-11-13 11:50:49 EST,https://www.columbusga.org/sheriff/InmateSearch.htm,,DOWDA,TROY,A,m,white,28,1990,,2017-11-03,,,,,VIO.OF PROB.S.C.(RUMER),,,,,,,
Muscogee,2017-11-13 11:50:49 EST,https://www.columbusga.org/sheriff/InmateSearch.htm,,DOBBS,TYLER,N,m,white,23,1995,,2017-11-03,,,,,DUI DRUGS LESS SAFE | FAILURE TO MAINTAIN LANE,,,,,,,
Muscogee,2017-11-13 11:50:49 EST,https://www.columbusga.org/sheriff/InmateSearch.htm,,WALTON,TYWON,,m,black,29,1989,,2017-11-03,,,,,POSSESSION OF FIREARM OR KNIFE DURING COMMISSION C | POSSESSION OF FIREARM BY CONVICTED FELON,,,,,,,
Muscogee,2017-11-13 11:50:49 EST,https://www.columbusga.org/sheriff/InmateSearch.htm,,OGDEN,WILLIAM,C,m,white,32,1986,,2017-11-03,,,,,DUI ALCOHOL LESS SAFE | SPEEDING,,,,,,,
Muscogee,2017-11-13 11:50:49 EST,https://www.columbusga.org/sheriff/InmateSearch.htm,,CARTER,AIRTAZE,,m,black,24,1994,,2017-11-02,,,,,OBSTRUCTION OF A LAW ENFORCEMENT OFFICER | FAILURE TO GIVE SIGNAL,,,,,,,
Muscogee,2017-11-13 11:50:49 EST,https://www.columbusga.org/sheriff/InmateSearch.htm,,CARTER,ALPHONZO,D,m,black,36,1982,,2017-11-02,,,,,RABIES VACCINATION | PERMITS FOR DOGS AND CATS REQUIRED,,,,,,,
Muscogee,2017-11-13 11:50:49 EST,https://www.columbusga.org/sheriff/InmateSearch.htm,,JAMES,ANDRE,A,m,black,30,1988,,2017-11-02,,,,,STOP SIGN | OBSTRUCTION OF A LAW ENFORCEMENT OFFICER | RECKLESS DRIVING | NO STATE TAG | NO PROOF OF INSURANCE | CROSSING CENTER LINE,,,,,,,
Muscogee,2017-11-13 11:50:49 EST,https://www.columbusga.org/sheriff/InmateSearch.htm,,ONEAL,ANDREW,,m,black,56,1962,,2017-11-02,,,,,POSSESSION AND USE OF DRUG RELATED OBJECTS | THEFT BY SHOPLIFTING | CRIMINAL TRESPASS,,,,,,,
Muscogee,2017-11-13 11:50:49 EST,https://www.columbusga.org/sheriff/InmateSearch.htm,,MONTGOMERY,ANET,B,f,black,31,1987,,2017-11-02,,,,,HOLD FOR CRAWFORD COUNTY,,,,,,,
Muscogee,2017-11-13 11:50:49 EST,https://www.columbusga.org/sheriff/InmateSearch.htm,,KING,ANTHONY,B,m,black,44,1974,,2017-11-02,,,,,TAMPERING WITH EVIDENCE,,,,,,,
Muscogee,2017-11-13 11:50:49 EST,https://www.columbusga.org/sheriff/InmateSearch.htm,,THORN,ANTOINE,,m,black,32,1986,,2017-11-02,,,,,"DRIVING WHILE LICENSE SUSPENDED OR REVOKED | VIO.OF PROB.ST.CT.(PRATHER) | GIVING FALSE NAME, ADDRESS OR DOB TO OFFICER",,,,,,,
Muscogee,2017-11-13 11:50:49 EST,https://www.columbusga.org/sheriff/InmateSearch.htm,,NIVENS,ASHLEY,,f,white,32,1986,,2017-11-02,,,,,CONTEMPT OF COURT | SIMPLE BATTERY INSULTING OR PROVOKING NATURE,,,,,,,
Muscogee,2017-11-13 11:50:49 EST,https://www.columbusga.org/sheriff/InmateSearch.htm,,BOOKER,ASHTON,,m,white,18,2000,,2017-11-02,,,,,CRIMINAL TRESPASS,,,,,,,
Muscogee,2017-11-13 11:50:49 EST,https://www.columbusga.org/sheriff/InmateSearch.htm,,JENNINGS,BRITTNEY,,f,black,31,1987,,2017-11-02,,,,,VIO.OF PROB.S.C.(SMITH),,,,,,,
Muscogee,2017-11-13 11:50:49 EST,https://www.columbusga.org/sheriff/InmateSearch.htm,,CARTER,CHAUNTALIA,M,f,black,24,1994,,2017-11-02,,,,,SIMPLE BATTERY,,,,,,,
Muscogee,2017-11-13 11:50:49 EST,https://www.columbusga.org/sheriff/InmateSearch.htm,,SPENCER,CHERIE,,f,white,42,1976,,2017-11-02,,,,,DRINKING IN PUBLIC,,,,,,,
Muscogee,2017-11-13 11:50:49 EST,https://www.columbusga.org/sheriff/InmateSearch.htm,,SHAW,CHRISTOPHER,R,m,white,31,1987,,2017-11-02,,,,,"POSSESSION OF MARIJUANA, LESS THAN ONE OUNCE | POSSESSION AND USE OF DRUG RELATED OBJECTS",,,,,,,
Muscogee,2017-11-13 11:50:49 EST,https://www.columbusga.org/sheriff/InmateSearch.htm,,MORRIS,DANNY,W,m,white,53,1965,,2017-11-02,,,,,FINANCIAL TRANSACTION CARD FRAUD,,,,,,,
Muscogee,2017-11-13 11:50:49 EST,https://www.columbusga.org/sheriff/InmateSearch.htm,,KILGORE,DEBRA,,f,white,58,1960,,2017-11-02,,,,,THEFT BY SHOPLIFTING,,,,,,,
Muscogee,2017-11-13 11:50:49 EST,https://www.columbusga.org/sheriff/InmateSearch.htm,,MATHIS,DEMARCO,D,m,black,40,1978,,2017-11-02,,,,,ESCAPE,,,,,,,
Muscogee,2017-11-13 11:50:49 EST,https://www.columbusga.org/sheriff/InmateSearch.htm,,JONES,DEWAYNE,M,m,black,37,1981,,2017-11-02,,,,,VIO.OF PROB.REC.CT.(CIELINSKI) | CRIMINAL TRESPASS DAMAGE TO PROPERTY,,,,,,,
Muscogee,2017-11-13 11:50:49 EST,https://www.columbusga.org/sheriff/InmateSearch.htm,,HUFF,DJUAMIEL,,m,black,26,1992,,2017-11-02,,,,,HOLD FOR CLAYTON COUNTY,,,,,,,
Muscogee,2017-11-13 11:50:49 EST,https://www.columbusga.org/sheriff/InmateSearch.htm,,JACKSON,DSHAWN,,m,black,28,1990,,2017-11-02,,,,,"FAILURE TO EQUIP.VEH.WITH REQ.LIGHTS | POSSESSION OF MARIJUANA, LESS THAN ONE OUNCE | IMPROPER TAIL LIGHTS",,,,,,,
Muscogee,2017-11-13 11:50:49 EST,https://www.columbusga.org/sheriff/InmateSearch.htm,,JONES,EDWARD,,m,white,52,1966,,2017-11-02,,,,,HOLD FOR CHATTAHOOCHEE COUNTY,,,,,,,
Muscogee,2017-11-13 11:50:49 EST,https://www.columbusga.org/sheriff/InmateSearch.htm,,SHORTER,ELIJAH,,m,black,52,1966,,2017-11-02,,,,,THEFT BY TAKING - MOTOR VEHICLE,,,,,,,
Muscogee,2017-11-13 11:50:49 EST,https://www.columbusga.org/sheriff/InmateSearch.htm,,PERSON,ERIC,,m,black,30,1988,,2017-11-02,,,,,"DUTY TO RPT ACC-INVOL DEATH, INJURY,PROP DAMAGE | FLEEING OR ATTEMPTING TO ELUDE POLICE OFFICER | NO STATE DRIVERS LICENSE | RECKLESS DRIVING | STALKING | THEFT BY TAKING - MOTOR VEHICLE | VIO.OF PROB.S.C.(RUMER) | LEAVING THE SCENE OF AN ACCIDENT",,,,,,,
Muscogee,2017-11-13 11:50:49 EST,https://www.columbusga.org/sheriff/InmateSearch.htm,,SMALLS,FELIX,,m,black,28,1990,,2017-11-02,,,,,"POSSESSION OF MARIJUANA, LESS THAN ONE OUNCE | THEFT BY RECEIVING STOLEN PROPERTY | INSURANCE PROOF",,,,,,,
Muscogee,2017-11-13 11:50:49 EST,https://www.columbusga.org/sheriff/InmateSearch.htm,,EDWARDS,HENRY,,m,black,36,1982,,2017-11-02,,,,,VIO.OF PROB.S.C.(SMITH) | VIO.OF PROB.ST.CT.(RICHARDSON),,,,,,,
Muscogee,2017-11-13 11:50:49 EST,https://www.columbusga.org/sheriff/InmateSearch.htm,,DENTON,JASON,Y,m,white,38,1980,,2017-11-02,,,,,NO PROOF OF INSURANCE | SPEEDING,,,,,,,
Muscogee,2017-11-13 11:50:49 EST,https://www.columbusga.org/sheriff/InmateSearch.htm,,WILLIAMS,JEFFERY,C,m,white,19,1999,,2017-11-02,,,,,THEFT BY TAKING - MOTOR VEHICLE,,,,,,,
Muscogee,2017-11-13 11:50:49 EST,https://www.columbusga.org/sheriff/InmateSearch.htm,,SCREWS,JEFFERY,,m,black,52,1966,,2017-11-02,,,,,VIO.OF PROB.REC.CT.(HUNTER) | DRINKING IN PUBLIC,,,,,,,
Muscogee,2017-11-13 11:50:49 EST,https://www.columbusga.org/sheriff/InmateSearch.htm,,SHELLEY,JEFFERY,D,m,black,37,1981,,2017-11-02,,,,,"NO PROOF OF INSURANCE | REGISTRATION,SUSPENDED, CANCELED, OR REVOKED. | IMPROPER HEADLIGHTS",,,,,,,
Muscogee,2017-11-13 11:50:49 EST,https://www.columbusga.org/sheriff/InmateSearch.htm,,GATES,JOHNNY,,m,black,63,1955,,2017-11-02,,,,,MURDER,,,,,,,
Muscogee,2017-11-13 11:50:49 EST,https://www.columbusga.org/sheriff/InmateSearch.htm,,GOODWIN,KEITHAN,L,m,black,21,1997,,2017-11-02,,,,,HOLD FOR COWETA COUNTY,,,,,,,
Muscogee,2017-11-13 11:50:49 EST,https://www.columbusga.org/sheriff/InmateSearch.htm,,GOINS,KELLY,A,m,white,65,1953,,2017-11-02,,,,,DISORDERLY CONDUCT | SIMPLE ASSAULT ATTEMPT TO COMMIT VIOLENT INJURY,,,,,,,
Muscogee,2017-11-13 11:50:49 EST,https://www.columbusga.org/sheriff/InmateSearch.htm,,JONES,KENDALE,M,m,black,29,1989,,2017-11-02,,,,,"POSSESSION OF MARIJUANA, LESS THAN ONE OUNCE | IMPROPER HEADLIGHTS",,,,,,,
Muscogee,2017-11-13 11:50:49 EST,https://www.columbusga.org/sheriff/InmateSearch.htm,,GATES,KENYA,,f,black,22,1996,,2017-11-02,,,,,"POSSESSION OF MARIJUANA, LESS THAN ONE OUNCE",,,,,,,
Muscogee,2017-11-13 11:50:49 EST,https://www.columbusga.org/sheriff/InmateSearch.htm,,STARR,KYLE,A,m,white,19,1999,,2017-11-02,,,,,RECKLESS CONDUCT CAUSING HARM/ENDANGERING SAFETY,,,,,,,
Muscogee,2017-11-13 11:50:49 EST,https://www.columbusga.org/sheriff/InmateSearch.htm,,TOLBERT,LADARRIN,J,m,black,27,1991,,2017-11-02,,,,,"NO PROOF OF INSURANCE | REGISTRATION,SUSPENDED, CANCELED, OR REVOKED. | SPEEDING",,,,,,,
Muscogee,2017-11-13 11:50:49 EST,https://www.columbusga.org/sheriff/InmateSearch.htm,,FULLER,LAMAR,,m,white,57,1961,,2017-11-02,,,,,VIO.OF PROB.S.C.(PETERS),,,,,,,
Muscogee,2017-11-13 11:50:49 EST,https://www.columbusga.org/sheriff/InmateSearch.htm,,JOHNSON,LESLIE,T,f,black,41,1977,,2017-11-02,,,,,DRIVING UNDER THE INFLUENCE,,,,,,,
Muscogee,2017-11-13 11:50:49 EST,https://www.columbusga.org/sheriff/InmateSearch.htm,,CARLISLE,MICHAEL,J,m,white,34,1984,,2017-11-02,,,,,VIO.OF PROB.S.C.(PETERS),,,,,,,
Muscogee,2017-11-13 11:50:49 EST,https://www.columbusga.org/sheriff/InmateSearch.htm,,JOHNSON,MISTY,,f,white,42,1976,,2017-11-02,,,,,THEFT BY SHOPLIFTING,,,,,,,
Muscogee,2017-11-13 11:50:49 EST,https://www.columbusga.org/sheriff/InmateSearch.htm,,COPELAND,NORTREZ,T,m,black,34,1984,,2017-11-02,,,,,STOP SIGN-YIELD SIGN VIOLATION | IMPROPER TAIL LIGHTS,,,,,,,
Muscogee,2017-11-13 11:50:49 EST,https://www.columbusga.org/sheriff/InmateSearch.htm,,STILL,RICKY,R,m,black,53,1965,,2017-11-02,,,,,"POSSESSION AND USE OF DRUG RELATED OBJECTS | POSSESSION OF MARIJUANA, LESS THAN ONE OUNCE | NO STATE TAG",,,,,,,
Muscogee,2017-11-13 11:50:49 EST,https://www.columbusga.org/sheriff/InmateSearch.htm,,BROOKS,RONNIE,,m,black,24,1994,,2017-11-02,,,,,POSSESSION AND USE OF DRUG RELATED OBJECTS | POSSESSION OF FIREARM BY CONVICTED FELON | THEFT BY RECEIVING STOLEN PROPERTY,,,,,,,
Muscogee,2017-11-13 11:50:49 EST,https://www.columbusga.org/sheriff/InmateSearch.htm,,FOSTER,SHINITA,A,f,black,46,1972,,2017-11-02,,,,,FALSE INFORMATION TO OFFICER CITY CODE | NO PROOF OF INSURANCE | NO STATE DRIVERS LICENSE | NO STATE TAG,,,,,,,
Muscogee,2017-11-13 11:50:49 EST,https://www.columbusga.org/sheriff/InmateSearch.htm,,PORTER,STEVIE,,m,black,46,1972,,2017-11-02,,,,,SEXUAL EXPLOITATION OF CHILDREN | ENTICING A CHILD FOR INDECENT PURPOSE,,,,,,,
Muscogee,2017-11-13 11:50:49 EST,https://www.columbusga.org/sheriff/InmateSearch.htm,,STEVENSON,TERELLE,L,m,black,35,1983,,2017-11-02,,,,,DRIVING WHILE LICENSE SUSPENDED OR REVOKED | NO STATE TAG,,,,,,,
Muscogee,2017-11-13 11:50:49 EST,https://www.columbusga.org/sheriff/InmateSearch.htm,,WHITING,TERRY,W,m,white,39,1979,,2017-11-02,,,,,THEFT BY SHOPLIFTING,,,,,,,
Muscogee,2017-11-13 11:50:49 EST,https://www.columbusga.org/sheriff/InmateSearch.htm,,RAY,TYLER,L,m,white,23,1995,,2017-11-02,,,,,LOITERING,,,,,,,
Muscogee,2017-11-13 11:50:49 EST,https://www.columbusga.org/sheriff/InmateSearch.htm,,JONES,AARON,,m,white,34,1984,,2017-11-01,,,,,VIO.OF PROB.S.C.(RUMER),,,,,,,
Muscogee,2017-11-13 11:50:49 EST,https://www.columbusga.org/sheriff/InmateSearch.htm,,,,,m,white,57,1961,,2017-11-01,,,,,CONTEMPT OF COURT | NO STATE TAG | POSSESSION AND USE OF DRUG RELATED OBJECTS | VIO.OF PROB.S.C.(GOTTFRIED) | THEFT BY TAKING,,,,,,,
Muscogee,2017-11-13 11:50:49 EST,https://www.columbusga.org/sheriff/InmateSearch.htm,,KING,ANTWUAN,,m,black,19,1999,,2017-11-01,,,,,FALSE STATEMENTS AND WRITINGS,,,,,,,
Muscogee,2017-11-13 11:50:49 EST,https://www.columbusga.org/sheriff/InmateSearch.htm,,BRYANT,APRIL,,f,white,39,1979,,2017-11-01,,,,,VIO.OF PROB.S.C.(JORDAN),,,,,,,
Muscogee,2017-11-13 11:50:49 EST,https://www.columbusga.org/sheriff/InmateSearch.htm,,HUNTER,CHRISTOPHER,E,m,black,25,1993,,2017-11-01,,,,,"GIVING FALSE NAME, ADDRESS OR DOB TO OFFICER",,,,,,,
Muscogee,2017-11-13 11:50:49 EST,https://www.columbusga.org/sheriff/InmateSearch.htm,,CULPEPPER,DAIJA,,f,black,23,1995,,2017-11-01,,,,,THEFT BY SHOPLIFTING,,,,,,,
Muscogee,2017-11-13 11:50:49 EST,https://www.columbusga.org/sheriff/InmateSearch.htm,,NALL,DAVID,L,m,black,54,1964,,2017-11-01,,,,,DISORDERLY CONDUCT,,,,,,,
Muscogee,2017-11-13 11:50:49 EST,https://www.columbusga.org/sheriff/InmateSearch.htm,,MCKEY,DESMONET,L,f,black,18,2000,,2017-11-01,,,,,"THEFT BY RECEIVING STOLEN PROPERTY | POSSESSION OF MARIJUANA, LESS THAN ONE OUNCE",,,,,,,
Muscogee,2017-11-13 11:50:49 EST,https://www.columbusga.org/sheriff/InmateSearch.htm,,HAWKINS,DESTINY,,f,black,21,1997,,2017-11-01,,,,,THEFT BY SHOPLIFTING,,,,,,,
Muscogee,2017-11-13 11:50:49 EST,https://www.columbusga.org/sheriff/InmateSearch.htm,,DAWSON,DEVALSTON,M,m,black,28,1990,,2017-11-01,,,,,VIO.OF PROB.REC.CT.(HUNTER),,,,,,,
Muscogee,2017-11-13 11:50:49 EST,https://www.columbusga.org/sheriff/InmateSearch.htm,,MCCRARY,DIANGLO,,m,black,37,1981,,2017-11-01,,,,,THEFT OF SERVICES,,,,,,,
Muscogee,2017-11-13 11:50:49 EST,https://www.columbusga.org/sheriff/InmateSearch.htm,,BROWN,FRANCIS,M,f,black,47,1971,,2017-11-01,,,,,ABC EMPLOYEE RESPONSIBILITY,,,,,,,
Muscogee,2017-11-13 11:50:49 EST,https://www.columbusga.org/sheriff/InmateSearch.htm,,BOUYER,FREDDIE,L,m,black,19,1999,,2017-11-01,,,,,"THEFT BY RECEIVING STOLEN PROPERTY | POSSESSION OF MARIJUANA, LESS THAN ONE OUNCE",,,,,,,
Muscogee,2017-11-13 11:50:49 EST,https://www.columbusga.org/sheriff/InmateSearch.htm,,SMITH,GREGORY,A,m,black,54,1964,,2017-11-01,,,,,VIO.OF PROB.S.C.(PETERS) | FAILURE TO REGISTER AS A STATE SEX OFFENDER,,,,,,,
Muscogee,2017-11-13 11:50:49 EST,https://www.columbusga.org/sheriff/InmateSearch.htm,,GRIFFIN,HENRY,L,m,black,57,1961,,2017-11-01,,,,,CRIMINAL TRESPASS,,,,,,,
Muscogee,2017-11-13 11:50:49 EST,https://www.columbusga.org/sheriff/InmateSearch.htm,,HICKS,JAKANDRA,A,f,black,24,1994,,2017-11-01,,,,,ABC EMPLOYEE RESPONSIBILITY,,,,,,,
Muscogee,2017-11-13 11:50:49 EST,https://www.columbusga.org/sheriff/InmateSearch.htm,,RILEY,JAMES,,m,black,19,1999,,2017-11-01,,,,,"POSSESSION OF MARIJUANA, LESS THAN ONE OUNCE",,,,,,,
Muscogee,2017-11-13 11:50:49 EST,https://www.columbusga.org/sheriff/InmateSearch.htm,,COLEMAN,JAVAUGHN,,m,black,32,1986,,2017-11-01,,,,,DRIVING WHILE LICENSE SUSPENDED OR REVOKED | NO STATE TAG,,,,,,,
Muscogee,2017-11-13 11:50:49 EST,https://www.columbusga.org/sheriff/InmateSearch.htm,,SAMPLES,JESSE,R,m,white,45,1973,,2017-11-01,,,,,"POSSESSION OF MARIJUANA, LESS THAN ONE OUNCE",,,,,,,
Muscogee,2017-11-13 11:50:49 EST,https://www.columbusga.org/sheriff/InmateSearch.htm,,MCMILLAN,JOHN,E,m,white,32,1986,,2017-11-01,,,,,DRIVING WHILE LICENSE SUSPENDED OR REVOKED | IMPROPER BRAKE LIGHTS,,,,,,,
Muscogee,2017-11-13 11:50:49 EST,https://www.columbusga.org/sheriff/InmateSearch.htm,,SLEDGE,KASSIE,M,f,white,28,1990,,2017-11-01,,,,,POSSESSION AND USE OF DRUG RELATED OBJECTS | SPEEDING,,,,,,,
Muscogee,2017-11-13 11:50:49 EST,https://www.columbusga.org/sheriff/InmateSearch.htm,,RHEA,MONICA,L,f,black,51,1967,,2017-11-01,,,,,POSSESSION AND USE OF DRUG RELATED OBJECTS | THEFT BY SHOPLIFTING | CRIMINAL TRESPASS,,,,,,,
Muscogee,2017-11-13 11:50:49 EST,https://www.columbusga.org/sheriff/InmateSearch.htm,,SHARPE,NIYAH,M,m,black,26,1992,,2017-11-01,,,,,THEFT BY SHOPLIFTING,,,,,,,
Muscogee,2017-11-13 11:50:49 EST,https://www.columbusga.org/sheriff/InmateSearch.htm,,SMITH,PAT,,m,black,60,1958,,2017-11-01,,,,,DISORDERLY WHILE INTOXICATED,,,,,,,
Muscogee,2017-11-13 11:50:49 EST,https://www.columbusga.org/sheriff/InmateSearch.htm,,TAYLOR,QUINTON,,m,black,24,1994,,2017-11-01,,,,,"DRIVING UNDER THE INFLUENCE | POSSESSION OF MARIJUANA, LESS THAN ONE OUNCE",,,,,,,
Muscogee,2017-11-13 11:50:49 EST,https://www.columbusga.org/sheriff/InmateSearch.htm,,MCCLAIN,RUBY,,f,black,28,1990,,2017-11-01,,,,,"FURNISHING TO, PURCHASE OF, OR POSSESSION BY",,,,,,,
Muscogee,2017-11-13 11:50:49 EST,https://www.columbusga.org/sheriff/InmateSearch.htm,,SCOTT,SHAMONTAE,D,m,black,24,1994,,2017-11-01,,,,,HOLD FOR BIBB COUNTY,,,,,,,
Muscogee,2017-11-13 11:50:49 EST,https://www.columbusga.org/sheriff/InmateSearch.htm,,BERRY,SHELBY,J,m,black,36,1982,,2017-11-01,,,,,ABC EMPLOYEE RESPONSIBILITY,,,,,,,
Muscogee,2017-11-13 11:50:49 EST,https://www.columbusga.org/sheriff/InmateSearch.htm,,BROWN,SITERIA,D,f,black,25,1993,,2017-11-01,,,,,SEXUAL BATTERY,,,,,,,
Muscogee,2017-11-13 11:50:49 EST,https://www.columbusga.org/sheriff/InmateSearch.htm,,COBBS,TIMIA,R,f,black,19,1999,,2017-11-01,,,,,"FURNISHING TO, PURCHASE OF, OR POSSESSION BY",,,,,,,
Muscogee,2017-11-13 11:50:49 EST,https://www.columbusga.org/sheriff/InmateSearch.htm,,CLARK,TONYA,,f,white,26,1992,,2017-11-01,,,,,VIO.OF PROB.S.C.(JORDAN),,,,,,,
Muscogee,2017-11-13 11:50:49 EST,https://www.columbusga.org/sheriff/InmateSearch.htm,,HICKS,TORREY,S,m,black,42,1976,,2017-11-01,,,,,HOLD FOR HOUSTON COUNTY,,,,,,,
Muscogee,2017-11-13 11:50:49 EST,https://www.columbusga.org/sheriff/InmateSearch.htm,,BROOKS,TRAVIS,,m,black,39,1979,,2017-11-01,,,,,SIMPLE BATTERY | THEFT BY RECEIVING STOLEN PROPERTY | CRUELTY TO CHILDREN 3RD DEG ALLOW CHILD TO WITNESS | VIOLATION OF PAROLE | CRIMINAL TRESPASS,,,,,,,
Muscogee,2017-11-13 11:50:49 EST,https://www.columbusga.org/sheriff/InmateSearch.htm,,TRAWICK,YANCEY,D,m,black,48,1970,,2017-11-01,,,,,DRIVING WHILE LICENSE SUSPENDED OR REVOKED | NO STATE TAG,,,,,,,
Muscogee,2017-11-13 11:50:49 EST,https://www.columbusga.org/sheriff/InmateSearch.htm,,PHILLIPS,ALEXANDER,,m,black,41,1977,,2017-10-31,,,,,"SELL,MANUFACTURE ANY CONTR.SUB W/INT TO DISTRIBUTE | POSSESSION AND USE OF DRUG RELATED OBJECTS",,,,,,,
Muscogee,2017-11-13 11:50:49 EST,https://www.columbusga.org/sheriff/InmateSearch.htm,,SIMMONS,ANDRIEA,L,f,black,41,1977,,2017-10-31,,,,,HOLD FOR RANDOLPH COUNTY,,,,,,,
Muscogee,2017-11-13 11:50:49 EST,https://www.columbusga.org/sheriff/InmateSearch.htm,,BELL,ANTONIO,,m,black,29,1989,,2017-10-31,,,,,"POSSESSION AND USE OF DRUG RELATED OBJECTS | POSSESSION OF MARIJUANA, LESS THAN ONE OUNCE | VIO.OF PROB.ST.CT.(PRATHER) | VIO.OF PROB.S.C.(SMITH) | FALSE INFORMATION TO OFFICER CITY CODE",,,,,,,
Muscogee,2017-11-13 11:50:49 EST,https://www.columbusga.org/sheriff/InmateSearch.htm,,ANDERSON,APRIL,D,f,white,46,1972,,2017-10-31,,,,,BATTERY WITH PHYSICAL VISIBLE HARM | CRIMINAL TRESPASS,,,,,,,
Muscogee,2017-11-13 11:50:49 EST,https://www.columbusga.org/sheriff/InmateSearch.htm,,MCBRIDE,BILLY,O,m,black,65,1953,,2017-10-31,,,,,FAMILY VIOLENCE ORDER VIOLATION,,,,,,,
Muscogee,2017-11-13 11:50:49 EST,https://www.columbusga.org/sheriff/InmateSearch.htm,,WATERS,BRANNON,R,m,white,37,1981,,2017-10-31,,,,,"POSSESSION OF MARIJUANA, LESS THAN ONE OUNCE | VIO.OF PROB.S.C.(GOTTFRIED) | FAILURE TO MAINTAIN LANE",,,,,,,
Muscogee,2017-11-13 11:50:49 EST,https://www.columbusga.org/sheriff/InmateSearch.htm,,STREET,CASEY,,m,black,51,1967,,2017-10-31,,,,,NO PROOF OF INSURANCE | NO STATE TAG,,,,,,,
Muscogee,2017-11-13 11:50:49 EST,https://www.columbusga.org/sheriff/InmateSearch.htm,,HARRIS,CECIL,J,m,black,64,1954,,2017-10-31,,,,,VIO.OF PROB.S.C.(SMITH),,,,,,,
Muscogee,2017-11-13 11:50:49 EST,https://www.columbusga.org/sheriff/InmateSearch.htm,,LOYKO,CHARLES,,m,white,57,1961,,2017-10-31,,,,,VIO.OF PROB.S.C.(RUMER) | ENTER AN UNOCCUPIED DWELLING,,,,,,,
Muscogee,2017-11-13 11:50:49 EST,https://www.columbusga.org/sheriff/InmateSearch.htm,,FICKLIN,CHRISTOPHER,J,m,black,23,1995,,2017-10-31,,,,,"DRIVING WHILE LICENSE SUSPENDED OR REVOKED | SELL,MANUFACTURE ANY CONTR.SUB W/INT TO DISTRIBUTE | POSSESSION OF FIREARM OR KNIFE DURING COMMISSION C | WINDSHIELD OBSTRUCTED",,,,,,,
Muscogee,2017-11-13 11:50:49 EST,https://www.columbusga.org/sheriff/InmateSearch.htm,,HENRY,CLIFFORD,L,m,black,54,1964,,2017-10-31,,,,,VIO.OF PROB.REC.CT.(CIELINSKI),,,,,,,
Muscogee,2017-11-13 11:50:49 EST,https://www.columbusga.org/sheriff/InmateSearch.htm,,SEWARD,CYNTHIA,A,f,white,56,1962,,2017-10-31,,,,,THEFT BY SHOPLIFTING,,,,,,,
Muscogee,2017-11-13 11:50:49 EST,https://www.columbusga.org/sheriff/InmateSearch.htm,,PARHAMS,DANIEL,T,m,black,35,1983,,2017-10-31,,,,,"SELL,MANUFACTURE ANY CONTR.SUB W/INT TO DISTRIBUTE | POSSESSION AND USE OF DRUG RELATED OBJECTS",,,,,,,
Muscogee,2017-11-13 11:50:49 EST,https://www.columbusga.org/sheriff/InmateSearch.htm,,HOLMES,DEIDRA,S,f,black,37,1981,,2017-10-31,,,,,IDENTITY FRAUD/ELEMENTS OF OFFENSE | THEFT BY DECEPTION | GEORGIA RICO ACT,,,,,,,
Muscogee,2017-11-13 11:50:49 EST,https://www.columbusga.org/sheriff/InmateSearch.htm,,STONE,HALEY,,f,white,27,1991,,2017-10-31,,,,,THEFT BY SHOPLIFTING,,,,,,,
Muscogee,2017-11-13 11:50:49 EST,https://www.columbusga.org/sheriff/InmateSearch.htm,,REDDING,JAMARKEE,,m,black,27,1991,,2017-10-31,,,,,VIO.OF PROB.ST.CT.(PRATHER),,,,,,,
Muscogee,2017-11-13 11:50:49 EST,https://www.columbusga.org/sheriff/InmateSearch.htm,,WARE,JEFFREY,A,m,black,38,1980,,2017-10-31,,,,,SIMPLE BATTERY,,,,,,,
Muscogee,2017-11-13 11:50:49 EST,https://www.columbusga.org/sheriff/InmateSearch.htm,,BOWDEN,JOEY,,m,white,56,1962,,2017-10-31,,,,,VIO.OF PROB.S.C.(GOTTFRIED) | FAILURE TO REGISTER AS A STATE SEX OFFENDER,,,,,,,
Muscogee,2017-11-13 11:50:49 EST,https://www.columbusga.org/sheriff/InmateSearch.htm,,HILL,JONATHAN,D,m,white,41,1977,,2017-10-31,,,,,VIO.OF PROB.S.C.(GOTTFRIED),,,,,,,
Muscogee,2017-11-13 11:50:49 EST,https://www.columbusga.org/sheriff/InmateSearch.htm,,VANDERHALL,JONATHAN,L,m,black,25,1993,,2017-10-31,,,,,"DRIVING WHILE LICENSE SUSPENDED OR REVOKED | POSSESSION OF FIREARM OR KNIFE DURING COMMISSION C | POSS, MANUFACTURE, DISTRIBUTION OF CONT. SUB | SPEEDING",,,,,,,
Muscogee,2017-11-13 11:50:49 EST,https://www.columbusga.org/sheriff/InmateSearch.htm,,PIETT,KARZARTA,M,m,black,37,1981,,2017-10-31,,,,,POSSESSION AND USE OF DRUG RELATED OBJECTS | VIO.OF PROB.S.C.(GOTTFRIED) | LOITERING OR PROWLING,,,,,,,
Muscogee,2017-11-13 11:50:49 EST,https://www.columbusga.org/sheriff/InmateSearch.htm,,DAVIS,KEVIN,B,m,white,35,1983,,2017-10-31,,,,,DEPOSIT ACCOUNT FRAUD,,,,,,,
Muscogee,2017-11-13 11:50:49 EST,https://www.columbusga.org/sheriff/InmateSearch.htm,,DAVIS,KIEDRA,,f,black,41,1977,,2017-10-31,,,,,DRIVING WHILE LICENSE SUSPENDED OR REVOKED | NO STATE TAG,,,,,,,
Muscogee,2017-11-13 11:50:49 EST,https://www.columbusga.org/sheriff/InmateSearch.htm,,HARPER,LEROYAL,,m,black,27,1991,,2017-10-31,,,,,VIO.OF PROB.S.C.(RUMER) | POSSESSION AND USE OF DRUG RELATED OBJECTS,,,,,,,
Muscogee,2017-11-13 11:50:49 EST,https://www.columbusga.org/sheriff/InmateSearch.htm,,WELLS,MARY,C,f,white,57,1961,,2017-10-31,,,,,POSSESSION AND USE OF DRUG RELATED OBJECTS | STOPPING IN STREET | ALCOHOLIC BEVERAGE OPEN CONTAINER,,,,,,,
Muscogee,2017-11-13 11:50:49 EST,https://www.columbusga.org/sheriff/InmateSearch.htm,,GREENE,ROY,M,m,white,62,1956,,2017-10-31,,,,,INSURANCE PROOF | IMPROPER WINDSHIELD AND WINDSHIELD WIPERS,,,,,,,
Muscogee,2017-11-13 11:50:49 EST,https://www.columbusga.org/sheriff/InmateSearch.htm,,MITCHELL,ROY,J,m,white,61,1957,,2017-10-31,,,,,CRIMINAL DAMAGE TO PROPERTY IN THE SECOND DEGREE | DISORDERLY CONDUCT,,,,,,,
Muscogee,2017-11-13 11:50:49 EST,https://www.columbusga.org/sheriff/InmateSearch.htm,,LAYTON,SEAN,,m,white,37,1981,,2017-10-31,,,,,"THEFT BY SHOPLIFTING | THEFT BY RECEIVING STOLEN PROPERTY | GIVING FALSE NAME, ADDRESS OR DOB TO OFFICER",,,,,,,
Muscogee,2017-11-13 11:50:49 EST,https://www.columbusga.org/sheriff/InmateSearch.htm,,EWING,SHANEQUA,,f,black,27,1991,,2017-10-31,,,,,VIO.OF PROB.ST.CT.(RICHARDSON),,,,,,,
Muscogee,2017-11-13 11:50:49 EST,https://www.columbusga.org/sheriff/InmateSearch.htm,,EASTER,STEVEN,O,m,white,41,1977,,2017-10-31,,,,,BATTERY WITH PHYSICAL VISIBLE HARM | DISORDERLY CONDUCT,,,,,,,
Muscogee,2017-11-13 11:50:49 EST,https://www.columbusga.org/sheriff/InmateSearch.htm,,CROWELL,TABITHA,A,f,black,32,1986,,2017-10-31,,,,,"POSSESSION AND USE OF DRUG RELATED OBJECTS | SELL,MANUFACTURE ANY CONTR.SUB W/INT TO DISTRIBUTE | NO PASSING",,,,,,,
Muscogee,2017-11-13 11:50:49 EST,https://www.columbusga.org/sheriff/InmateSearch.htm,,HOWARD,TERRELL,E,m,white,60,1958,,2017-10-31,,,,,"POSS, MANUFACTURE, DISTRIBUTION OF CONT. SUB",,,,,,,
Muscogee,2017-11-13 11:50:49 EST,https://www.columbusga.org/sheriff/InmateSearch.htm,,MULLINS,TOMMIE,,m,black,25,1993,,2017-10-31,,,,,VIO.OF PROB.ST.CT.(PRATHER),,,,,,,
Muscogee,2017-11-13 11:50:49 EST,https://www.columbusga.org/sheriff/InmateSearch.htm,,ROBERTSON,WILLIAM,J,m,white,48,1970,,2017-10-31,,,,,THEFT BY DECEPTION | EXPLOITATION OF DISABLED OR ELDER ADULT,,,,,,,
Muscogee,2017-11-13 11:50:49 EST,https://www.columbusga.org/sheriff/InmateSearch.htm,,MCLAUGHLIN,AMANDA,,f,white,31,1987,,2017-10-30,,,,,THEFT BY TAKING | EXPLOITATION OF DISABLED OR ELDER ADULT,,,,,,,
Muscogee,2017-11-13 11:50:49 EST,https://www.columbusga.org/sheriff/InmateSearch.htm,,DUBOSE,AMBER,C,f,black,37,1981,,2017-10-30,,,,,INJURY OTHER THAN A SERIOUS INJURY | FAILURE TO MAINTAIN LANE,,,,,,,
Muscogee,2017-11-13 11:50:49 EST,https://www.columbusga.org/sheriff/InmateSearch.htm,,SANKEY,ANDRE,,m,black,33,1985,,2017-10-30,,,,,THEFT BY SHOPLIFTING,,,,,,,
Muscogee,2017-11-13 11:50:49 EST,https://www.columbusga.org/sheriff/InmateSearch.htm,,CHESSER,CHANCE,,m,white,23,1995,,2017-10-30,,,,,"POSSESSION OF MARIJUANA, LESS THAN ONE OUNCE | FAILURE TO GIVE SIGNAL",,,,,,,
Muscogee,2017-11-13 11:50:49 EST,https://www.columbusga.org/sheriff/InmateSearch.htm,,WATSON,DARIUS,,m,black,33,1985,,2017-10-30,,,,,TAMPERING WITH EVIDENCE | FAILURE TO MAINTAIN LANE,,,,,,,
Muscogee,2017-11-13 11:50:49 EST,https://www.columbusga.org/sheriff/InmateSearch.htm,,DAVIS,DAVID,,m,black,64,1954,,2017-10-30,,,,,DISORDERLY WHILE INTOXICATED,,,,,,,
Muscogee,2017-11-13 11:50:49 EST,https://www.columbusga.org/sheriff/InmateSearch.htm,,HOLMES,GARY,W,m,black,52,1966,,2017-10-30,,,,,VIO.OF PROB.S.C.(GOTTFRIED),,,,,,,
Muscogee,2017-11-13 11:50:49 EST,https://www.columbusga.org/sheriff/InmateSearch.htm,,JONES,JAMES,,m,white,38,1980,,2017-10-30,,,,,DRIVING WHILE LICENSE SUSPENDED OR REVOKED | STOP SIGN,,,,,,,
Muscogee,2017-11-13 11:50:49 EST,https://www.columbusga.org/sheriff/InmateSearch.htm,,WILLIAMS,JEFFREY,L,m,black,52,1966,,2017-10-30,,,,,VIO.OF PROB.S.C.(RUMER),,,,,,,
Muscogee,2017-11-13 11:50:49 EST,https://www.columbusga.org/sheriff/InmateSearch.htm,,JONES,JOHNNY,,m,black,55,1963,,2017-10-30,,,,,ARMED ROBBERY | POSSESSION OF FIREARM OR KNIFE DURING COMMISSION C | CRIMINAL TRESPASS,,,,,,,
Muscogee,2017-11-13 11:50:49 EST,https://www.columbusga.org/sheriff/InmateSearch.htm,,TERRY,KENNETH,L,m,black,51,1967,,2017-10-30,,,,,SIMPLE BATTERY | SIMPLE ASSAULT ATTEMPT TO COMMIT VIOLENT INJURY,,,,,,,
Muscogee,2017-11-13 11:50:49 EST,https://www.columbusga.org/sheriff/InmateSearch.htm,,LINDSAY,LATRONIA,,f,black,33,1985,,2017-10-30,,,,,THEFT BY SHOPLIFTING,,,,,,,
Muscogee,2017-11-13 11:50:49 EST,https://www.columbusga.org/sheriff/InmateSearch.htm,,SMALLEY,LEMUEL,,m,black,21,1997,,2017-10-30,,,,,DISORDERLY CONDUCT | CRIMINAL DAMAGE TO PROPERTY IN THE SECOND DEGREE | FALSE INFORMATION TO OFFICER CITY CODE,,,,,,,
Muscogee,2017-11-13 11:50:49 EST,https://www.columbusga.org/sheriff/InmateSearch.htm,,JOHNSON,PORCHA'E,,f,black,28,1990,,2017-10-30,,,,,HOLD FOR RICHLAND PD,,,,,,,
Muscogee,2017-11-13 11:50:49 EST,https://www.columbusga.org/sheriff/InmateSearch.htm,,REMBERT,RAHIM,,m,black,27,1991,,2017-10-30,,,,,"POSSESSION OF MARIJUANA, LESS THAN ONE OUNCE | OPEN CONTAINER PASSENGER",,,,,,,
Muscogee,2017-11-13 11:50:49 EST,https://www.columbusga.org/sheriff/InmateSearch.htm,,FORSYTH,RANDY,,m,white,25,1993,,2017-10-30,,,,,FORGERY IN THE FOURTH DEGREE | BURGLARY 2ND DEGREE | IDENTITY FRAUD/ELEMENTS OF OFFENSE | CRIMINAL TRESPASS,,,,,,,
Muscogee,2017-11-13 11:50:49 EST,https://www.columbusga.org/sheriff/InmateSearch.htm,,POLLARD,SHAQUORIA,,f,black,24,1994,,2017-10-30,,,,,TOO FAST FOR CONDITIONS | FAILURE TO MAINTAIN LANE,,,,,,,
Muscogee,2017-11-13 11:50:49 EST,https://www.columbusga.org/sheriff/InmateSearch.htm,,MICHEL,TIMOTHY,B,m,white,43,1975,,2017-10-30,,,,,THEFT BY TAKING,,,,,,,
Muscogee,2017-11-13 11:50:49 EST,https://www.columbusga.org/sheriff/InmateSearch.htm,,CROWELL,TREYVIUS,,m,black,20,1998,,2017-10-30,,,,,DISORDERLY CONDUCT | CRIMINAL DAMAGE TO PROPERTY IN THE SECOND DEGREE | FALSE INFORMATION TO OFFICER CITY CODE,,,,,,,
Muscogee,2017-11-13 11:50:49 EST,https://www.columbusga.org/sheriff/InmateSearch.htm,,WRIGHT,VERONICA,,f,white,31,1987,,2017-10-30,,,,,THEFT BY TAKING - MOTOR VEHICLE,,,,,,,
Muscogee,2017-11-13 11:50:49 EST,https://www.columbusga.org/sheriff/InmateSearch.htm,,SHATTLES,WILLIAM,,m,white,27,1991,,2017-10-30,,,,,HOLD FOR PAULDING COUNTY,,,,,,,
