county_name,timestamp,url,inmate_id,inmate_lastname,inmate_firstname,inmate_middlename,inmate_sex,inmate_race,inmate_age,inmate_dob,inmate_address,booking_timestamp,release_timestamp,processing_numbers,agency,facility,charges,severity,bond_amount,current_status,court_dates,days_jailed,other,notes
Muscogee,2017-11-12 19:51:31 EST,https://www.columbusga.org/sheriff/InmateSearch.htm,,MCMICHAEL,ANDRE,,m,black,60,1958,,2017-11-10,2017-11-12,,,,VIO.OF PROB.S.C.(JORDAN-ADC),,,,,,,
Muscogee,2017-11-12 19:51:31 EST,https://www.columbusga.org/sheriff/InmateSearch.htm,,JOHNSON,CHAMENCEA,,f,black,24,1994,,2017-11-06,2017-11-12,,,,VIO.OF PROB.REC.CT.(BUCKNER),,,,,,,
Muscogee,2017-11-12 19:51:31 EST,https://www.columbusga.org/sheriff/InmateSearch.htm,,CENAC,CLAYTON,W,m,white,24,1994,,2017-11-10,2017-11-12,,,,FAILURE TO MAINTAIN LANE | OPEN CONTAINER ALCOHOLIC BEVERAGE OPERATING VEHICL | OBSTRUCTION OF A LAW ENFORCEMENT OFFICER | LIGHTS REQUIRED,,,,,,,
Muscogee,2017-11-12 19:51:31 EST,https://www.columbusga.org/sheriff/InmateSearch.htm,,WILCHER,COLUMBUS,,m,black,61,1957,,2016-11-12,2017-11-12,,,,POSSESSION OF TOOLS FOR THE COMMISSION OF CRIME | VIO.OF PROB.S.C.(MULLINS) | CRIMINAL TRESPASS,,,,,,,
Muscogee,2017-11-12 19:51:31 EST,https://www.columbusga.org/sheriff/InmateSearch.htm,,ALDRIDGE,DEQUAN,T,m,black,22,1996,,2017-11-12,2017-11-12,,,,OBSTRUCTION OF 911 CALL | SIMPLE BATTERY | SIMPLE ASSAULT ATTEMPT TO COMMIT VIOLENT INJURY | OBSTRUCTION OF A LAW ENFORCEMENT OFFICER,,,,,,,
Muscogee,2017-11-12 19:51:31 EST,https://www.columbusga.org/sheriff/InmateSearch.htm,,,,,m,white,38,1980,,2017-11-12,2017-11-12,,,,DRIVING UNDER THE INFLUENCE,,,,,,,
Muscogee,2017-11-12 19:51:31 EST,https://www.columbusga.org/sheriff/InmateSearch.htm,,GEIGER,LORI,R,f,white,56,1962,,2017-11-11,2017-11-12,,,,THEFT BY TAKING,,,,,,,
Muscogee,2017-11-12 19:51:31 EST,https://www.columbusga.org/sheriff/InmateSearch.htm,,SURRETT,TAYLOR,M,f,white,25,1993,,2017-11-12,2017-11-12,,,,"POSSESSION OF MARIJUANA, LESS THAN ONE OUNCE",,,,,,,
Muscogee,2017-11-12 19:51:31 EST,https://www.columbusga.org/sheriff/InmateSearch.htm,,HOWARD,WILLIAM,,m,white,45,1973,,2017-11-09,2017-11-12,,,,"POSSESSION OF MARIJUANA, LESS THAN ONE OUNCE | POSSESSION OF WEAPONS, INTOXICANTS, DRUGS,",,,,,,,
Muscogee,2017-11-12 19:51:31 EST,https://www.columbusga.org/sheriff/InmateSearch.htm,,ROJAS,ALVARO,,m,white,24,1994,,2017-11-11,2017-11-11,,,,DUI ALCOHOL LESS SAFE | SPEEDING,,,,,,,
Muscogee,2017-11-12 19:51:31 EST,https://www.columbusga.org/sheriff/InmateSearch.htm,,TRAMMELL,AMBER,,f,black,26,1992,,2017-11-11,2017-11-11,,,,DISORDERLY CONDUCT,,,,,,,
Muscogee,2017-11-12 19:51:31 EST,https://www.columbusga.org/sheriff/InmateSearch.htm,,JORDAN,ANITA,,f,black,52,1966,,2017-11-11,2017-11-11,,,,DRIVING UNDER THE INFLUENCE | STRIKING A FIXED OBJECT,,,,,,,
Muscogee,2017-11-12 19:51:31 EST,https://www.columbusga.org/sheriff/InmateSearch.htm,,WHITLEY,BRIAN,K,m,white,43,1975,,2017-11-10,2017-11-11,,,,DRIVING WHILE LICENSE SUSPENDED OR REVOKED | NO PROOF OF INSURANCE,,,,,,,
Muscogee,2017-11-12 19:51:31 EST,https://www.columbusga.org/sheriff/InmateSearch.htm,,HALL,BRYANT,L,m,black,42,1976,,2017-10-27,2017-11-11,,,,CRIMINAL TRESPASS,,,,,,,
Muscogee,2017-11-12 19:51:31 EST,https://www.columbusga.org/sheriff/InmateSearch.htm,,SALLEY,FERDINAND,,m,black,53,1965,,2017-11-11,2017-11-11,,,,DRUGS TO BE KEPT IN ORIGNAL CONTAINER | POSSESSION OF DANGEROUS DRUGS,,,,,,,
Muscogee,2017-11-12 19:51:31 EST,https://www.columbusga.org/sheriff/InmateSearch.htm,,ROGERS,GARY,A,m,black,48,1970,,2017-09-27,2017-11-11,,,,VIO.OF PROB.S.C.(JORDAN) | SIMPLE BATTERY,,,,,,,
Muscogee,2017-11-12 19:51:31 EST,https://www.columbusga.org/sheriff/InmateSearch.htm,,GREENE,GEORGIA,E,f,white,60,1958,,2017-11-10,2017-11-11,,,,FOLLOWING TOO CLOSE | LEAVING THE SCENE OF AN ACCIDENT,,,,,,,
Muscogee,2017-11-12 19:51:31 EST,https://www.columbusga.org/sheriff/InmateSearch.htm,,WALTON,HAKEEM,A,m,black,19,1999,,2017-11-11,2017-11-11,,,,LEAVING THE SCENE OF AN ACCIDENT | FAILURE TO MAINTAIN LANE,,,,,,,
Muscogee,2017-11-12 19:51:31 EST,https://www.columbusga.org/sheriff/InmateSearch.htm,,MARTIN,ILA,,f,white,35,1983,,2017-11-09,2017-11-11,,,,"POSSESSION AND USE OF DRUG RELATED OBJECTS | POSS, MANUFACTURE, DISTRIBUTION OF CONT. SUB | DRUGS TO BE KEPT IN ORIGNAL CONTAINER",,,,,,,
Muscogee,2017-11-12 19:51:31 EST,https://www.columbusga.org/sheriff/InmateSearch.htm,,ALEXANDER,JANESSA,L,f,black,28,1990,,2017-11-10,2017-11-11,,,,DISORDERLY CONDUCT,,,,,,,
Muscogee,2017-11-12 19:51:31 EST,https://www.columbusga.org/sheriff/InmateSearch.htm,,PICKREL,JOHNNA,L,f,white,38,1980,,2017-11-11,2017-11-11,,,,DRIVING UNDER THE INFLUENCE >.08 | FAILURE TO MAINTAIN LANE,,,,,,,
Muscogee,2017-11-12 19:51:31 EST,https://www.columbusga.org/sheriff/InmateSearch.htm,,KELLY,KATHERINE,,f,white,27,1991,,2017-11-10,2017-11-11,,,,"POSS, MANUFACTURE, DISTRIBUTION OF CONT. SUB | IMPROPER DISPLAY OF LICENSE PLATE",,,,,,,
Muscogee,2017-11-12 19:51:31 EST,https://www.columbusga.org/sheriff/InmateSearch.htm,,ALEXANDER,MARCUS,,m,black,50,1968,,2017-11-09,2017-11-11,,,,THEFT BY SHOPLIFTING,,,,,,,
Muscogee,2017-11-12 19:51:31 EST,https://www.columbusga.org/sheriff/InmateSearch.htm,,WILSON,MURSHID,,m,black,22,1996,,2017-11-08,2017-11-11,,,,"SELL,MANUFACTURE ANY CONTR.SUB W/INT TO DISTRIBUTE | POSSESSION AND USE OF DRUG RELATED OBJECTS",,,,,,,
Muscogee,2017-11-12 19:51:31 EST,https://www.columbusga.org/sheriff/InmateSearch.htm,,RABY,ORION,S,m,white,21,1997,,2017-11-10,2017-11-11,,,,"REGISTRATION,SUSPENDED, CANCELED, OR REVOKED. | SPEEDING",,,,,,,
Muscogee,2017-11-12 19:51:31 EST,https://www.columbusga.org/sheriff/InmateSearch.htm,,COBB,RONALD,L,m,black,18,2000,,2017-11-08,2017-11-11,,,,BURGLARY 1ST DEGREE,,,,,,,
Muscogee,2017-11-12 19:51:31 EST,https://www.columbusga.org/sheriff/InmateSearch.htm,,CHAMBERS,WINSTON,,m,black,33,1985,,2017-11-11,2017-11-11,,,,"POSSESSION OF MARIJUANA, LESS THAN ONE OUNCE | RECKLESS DRIVING | FAILURE TO MAINTAIN LANE",,,,,,,
Muscogee,2017-11-12 19:51:31 EST,https://www.columbusga.org/sheriff/InmateSearch.htm,,HUNTER,CHRISTOPHER,E,m,black,25,1993,,2017-11-01,2017-11-10,,,,"GIVING FALSE NAME, ADDRESS OR DOB TO OFFICER",,,,,,,
Muscogee,2017-11-12 19:51:31 EST,https://www.columbusga.org/sheriff/InmateSearch.htm,,HENRY,CLIFFORD,L,m,black,54,1964,,2017-10-31,2017-11-10,,,,VIO.OF PROB.REC.CT.(CIELINSKI),,,,,,,
Muscogee,2017-11-12 19:51:31 EST,https://www.columbusga.org/sheriff/InmateSearch.htm,,JONES,DEWAYNE,M,m,black,37,1981,,2017-11-02,2017-11-10,,,,VIO.OF PROB.REC.CT.(CIELINSKI) | CRIMINAL TRESPASS DAMAGE TO PROPERTY,,,,,,,
Muscogee,2017-11-12 19:51:31 EST,https://www.columbusga.org/sheriff/InmateSearch.htm,,THORNTON,EARL,,m,black,26,1992,,2017-11-09,2017-11-10,,,,LOITERING,,,,,,,
Muscogee,2017-11-12 19:51:31 EST,https://www.columbusga.org/sheriff/InmateSearch.htm,,DOWDELL,EFFIE,,f,black,66,1952,,2017-11-09,2017-11-10,,,,CONTEMPT OF PROBATE COURT (D'ANTONIO),,,,,,,
Muscogee,2017-11-12 19:51:31 EST,https://www.columbusga.org/sheriff/InmateSearch.htm,,GRIFFIN,ELVIN,,m,black,41,1977,,2017-11-10,2017-11-10,,,,DISORDERLY CONDUCT,,,,,,,
Muscogee,2017-11-12 19:51:31 EST,https://www.columbusga.org/sheriff/InmateSearch.htm,,FRAZIER,JAQUAY,,f,black,29,1989,,2017-11-09,2017-11-10,,,,BATTERY WITH PHYSICAL VISIBLE HARM,,,,,,,
Muscogee,2017-11-12 19:51:31 EST,https://www.columbusga.org/sheriff/InmateSearch.htm,,MANUEL,JUSTICE,T,m,black,20,1998,,2017-11-10,2017-11-10,,,,SIMPLE BATTERY | THEFT BY TAKING,,,,,,,
Muscogee,2017-11-12 19:51:31 EST,https://www.columbusga.org/sheriff/InmateSearch.htm,,REID,JUSTIN,M,m,black,28,1990,,2017-10-26,2017-11-10,,,,SIMPLE ASSAULT ATTEMPT TO COMMIT VIOLENT INJURY | OBSTRUCTION OF A LAW ENFORCEMENT OFFICER,,,,,,,
Muscogee,2017-11-12 19:51:31 EST,https://www.columbusga.org/sheriff/InmateSearch.htm,,HARRISON,JUSTIN,,m,black,32,1986,,2017-11-10,2017-11-10,,,,IMPROPER PARKING IN SPACE FOR PERSONS WITH DISABIL | DISORDERLY CONDUCT,,,,,,,
Muscogee,2017-11-12 19:51:31 EST,https://www.columbusga.org/sheriff/InmateSearch.htm,,LANIER,KDAIJAH,C,f,black,24,1994,,2017-11-07,2017-11-10,,,,THEFT OF SERVICES,,,,,,,
Muscogee,2017-11-12 19:51:31 EST,https://www.columbusga.org/sheriff/InmateSearch.htm,,COLLIER,KENNETH,T,m,black,43,1975,,2017-11-08,2017-11-10,,,,THEFT OF SERVICES,,,,,,,
Muscogee,2017-11-12 19:51:31 EST,https://www.columbusga.org/sheriff/InmateSearch.htm,,HUNTER,MYRA,G,f,white,61,1957,,2017-11-09,2017-11-10,,,,SIMPLE BATTERY,,,,,,,
Muscogee,2017-11-12 19:51:31 EST,https://www.columbusga.org/sheriff/InmateSearch.htm,,LAWSON,RE'U,,m,black,22,1996,,2017-11-09,2017-11-10,,,,LOITERING,,,,,,,
Muscogee,2017-11-12 19:51:31 EST,https://www.columbusga.org/sheriff/InmateSearch.htm,,SHERMAN,SCOTTY,,m,white,58,1960,,2017-11-09,2017-11-10,,,,NO STATE TAG | TOO FAST FOR CONDITIONS | RECKLESS DRIVING | FAILURE TO MAINTAIN LANE,,,,,,,
Muscogee,2017-11-12 19:51:31 EST,https://www.columbusga.org/sheriff/InmateSearch.htm,,JOHNSON,TAMMY,,f,white,40,1978,,2017-11-08,2017-11-10,,,,MAINTAINING DISORDERLY HOUSE | POSSESSION AND USE OF DRUG RELATED OBJECTS | OBSTRUCTION OF A LAW ENFORCEMENT OFFICER,,,,,,,
Muscogee,2017-11-12 19:51:31 EST,https://www.columbusga.org/sheriff/InmateSearch.htm,,ANTHONY,WENDY,J,f,white,39,1979,,2017-11-08,2017-11-10,,,,"DRUGS TO BE KEPT IN ORIGNAL CONTAINER | POSS, MANUFACTURE, DISTRIBUTION OF CONT. SUB | POSSESSION AND USE OF DRUG RELATED OBJECTS | STOP SIGN",,,,,,,
Muscogee,2017-11-12 19:51:31 EST,https://www.columbusga.org/sheriff/InmateSearch.htm,,LEWIS,ANTHONY,A,m,black,58,1960,,2017-09-08,2017-11-09,,,,"OBSTRUCTION OF A LAW ENFORCEMENT OFFICER | PEDESTRIANS SOLICTITING RIDES OR BUSINESS | POSSESSION AND USE OF DRUG RELATED OBJECTS | VIO.OF PROB.S.C.(GOTTFRIED) | GIVING FALSE NAME, ADDRESS OR DOB TO OFFICER",,,,,,,
Muscogee,2017-11-12 19:51:31 EST,https://www.columbusga.org/sheriff/InmateSearch.htm,,THORN,ANTOINE,,m,black,32,1986,,2017-11-02,2017-11-09,,,,"DRIVING WHILE LICENSE SUSPENDED OR REVOKED | VIO.OF PROB.ST.CT.(PRATHER) | GIVING FALSE NAME, ADDRESS OR DOB TO OFFICER",,,,,,,
Muscogee,2017-11-12 19:51:31 EST,https://www.columbusga.org/sheriff/InmateSearch.htm,,LEWIS,ANTWONE,,m,black,30,1988,,2017-10-08,2017-11-09,,,,VIO.OF PROB.S.C.(JORDAN),,,,,,,
Muscogee,2017-11-12 19:51:31 EST,https://www.columbusga.org/sheriff/InmateSearch.htm,,ANDERSON,APRIL,D,f,white,46,1972,,2017-10-31,2017-11-09,,,,BATTERY WITH PHYSICAL VISIBLE HARM | CRIMINAL TRESPASS,,,,,,,
Muscogee,2017-11-12 19:51:31 EST,https://www.columbusga.org/sheriff/InmateSearch.htm,,ALEXANDER,ARTHUR,L,m,black,57,1961,,2016-08-04,2017-11-09,,,,"SEXUAL BATTERY | ENTICING A CHILD FOR INDECENT PURPOSE | POSSESSION OF MARIJUANA, LESS THAN ONE OUNCE",,,,,,,
Muscogee,2017-11-12 19:51:31 EST,https://www.columbusga.org/sheriff/InmateSearch.htm,,RUCKER,ASHLEY,M,f,black,34,1984,,2017-11-09,2017-11-09,,,,CRIMINAL TRESPASS,,,,,,,
Muscogee,2017-11-12 19:51:31 EST,https://www.columbusga.org/sheriff/InmateSearch.htm,,REESE,BRANDON,,m,black,32,1986,,2017-11-08,2017-11-09,,,,EXCESSIVE TINT | SPEEDING | NOTICE OF CHANGE OF ADDRESS OR NAME,,,,,,,
Muscogee,2017-11-12 19:51:31 EST,https://www.columbusga.org/sheriff/InmateSearch.htm,,WILLIAMS,CARL,,m,black,41,1977,,2017-08-15,2017-11-09,,,,"POSSESSION OF WEAPONS, INTOXICANTS, DRUGS,",,,,,,,
Muscogee,2017-11-12 19:51:31 EST,https://www.columbusga.org/sheriff/InmateSearch.htm,,PARKER,CHANCE,A,m,white,27,1991,,2017-11-08,2017-11-09,,,,MENTAL HEALTH COURT SANCTION,,,,,,,
Muscogee,2017-11-12 19:51:31 EST,https://www.columbusga.org/sheriff/InmateSearch.htm,,OSBORNE,CHRISTOPHER,,m,black,29,1989,,2017-05-25,2017-11-09,,,,"POSSESSION AND USE OF DRUG RELATED OBJECTS | REGISTRATION,SUSPENDED, CANCELED, OR REVOKED. | THEFT BY RECEIVING STOLEN PROPERTY | SELL,MANUFACTURE ANY CONTR.SUB W/INT TO DISTRIBUTE | VIO.OF PROB.S.C.(MCBRIDE) | FAILURE TO MAINTAIN LANE",,,,,,,
Muscogee,2017-11-12 19:51:31 EST,https://www.columbusga.org/sheriff/InmateSearch.htm,,BRIDGES,CHRISTOPHER,,m,black,35,1983,,2017-10-29,2017-11-09,,,,OBSTRUCTION OF A LAW ENFORCEMENT OFFICER | THEFT OF SERVICES,,,,,,,
Muscogee,2017-11-12 19:51:31 EST,https://www.columbusga.org/sheriff/InmateSearch.htm,,COFFEY,CHRISTOPHER,,m,white,36,1982,,2017-10-26,2017-11-09,,,,CRIMINAL TRESPASS | ENTER AN UNOCCUPIED DWELLING,,,,,,,
Muscogee,2017-11-12 19:51:31 EST,https://www.columbusga.org/sheriff/InmateSearch.htm,,LONG,CHRISTOPHER,G,m,black,45,1973,,2017-10-28,2017-11-09,,,,OBSTRUCTION OF A LAW ENFORCEMENT OFFICER,,,,,,,
Muscogee,2017-11-12 19:51:31 EST,https://www.columbusga.org/sheriff/InmateSearch.htm,,MARION,COREY,A,m,white,34,1984,,2016-12-30,2017-11-09,,,,HOLD FOR CHATTAHOOCHEE COUNTY,,,,,,,
Muscogee,2017-11-12 19:51:31 EST,https://www.columbusga.org/sheriff/InmateSearch.htm,,DAVIS,CRYSTAL,L,f,black,33,1985,,2017-11-03,2017-11-09,,,,VIO.OF PROB.ST.CT.(RICHARDSON),,,,,,,
Muscogee,2017-11-12 19:51:31 EST,https://www.columbusga.org/sheriff/InmateSearch.htm,,MCNEAL,DADRIAN,L,m,black,20,1998,,2017-09-27,2017-11-09,,,,LOITERING OR PROWLING,,,,,,,
Muscogee,2017-11-12 19:51:31 EST,https://www.columbusga.org/sheriff/InmateSearch.htm,,SIMS,DANTRELL,,m,black,23,1995,,2016-01-13,2017-11-09,,,,CRIMINAL ATTEMPT - ARMED ROBBERY | VOLUNTARY MANSLAUGHTER | POSSESSION OF FIREARM OR KNIFE DURING COMMISSION C,,,,,,,
Muscogee,2017-11-12 19:51:31 EST,https://www.columbusga.org/sheriff/InmateSearch.htm,,PIETT,DARNEL,,m,black,24,1994,,2017-09-15,2017-11-09,,,,BURGLARY 1ST DEGREE | THEFT BY TAKING,,,,,,,
Muscogee,2017-11-12 19:51:31 EST,https://www.columbusga.org/sheriff/InmateSearch.htm,,BLACKMON,DARZELL,,m,black,34,1984,,2014-10-27,2017-11-09,,,,AGGRAVATED CHILD MOLESTATION | CHILD MOLESTATION,,,,,,,
Muscogee,2017-11-12 19:51:31 EST,https://www.columbusga.org/sheriff/InmateSearch.htm,,SMITH,DYISHIA,,f,black,18,2000,,2017-11-08,2017-11-09,,,,SIMPLE ASSAULT ATT TO COMMIT FV 16-5-20(A)(1)(D),,,,,,,
Muscogee,2017-11-12 19:51:31 EST,https://www.columbusga.org/sheriff/InmateSearch.htm,,INGRAM,EUGENE,,m,black,61,1957,,2017-10-29,2017-11-09,,,,POSSESSION AND USE OF DRUG RELATED OBJECTS,,,,,,,
Muscogee,2017-11-12 19:51:31 EST,https://www.columbusga.org/sheriff/InmateSearch.htm,,CAMPBELL,GREGORY,,m,white,43,1975,,2017-10-12,2017-11-09,,,,HOLD FOR CHATTAHOOCHEE COUNTY,,,,,,,
Muscogee,2017-11-12 19:51:31 EST,https://www.columbusga.org/sheriff/InmateSearch.htm,,GRACE,GREGORY,,m,black,59,1959,,2017-09-16,2017-11-09,,,,VIO.OF PROB.S.C.(MULLINS),,,,,,,
Muscogee,2017-11-12 19:51:31 EST,https://www.columbusga.org/sheriff/InmateSearch.htm,,TERRY,HAVIE,,m,black,26,1992,,2017-11-08,2017-11-09,,,,ROBBERY,,,,,,,
Muscogee,2017-11-12 19:51:31 EST,https://www.columbusga.org/sheriff/InmateSearch.htm,,BELLAMY,JAMES,,m,black,31,1987,,2017-03-24,2017-11-09,,,,"POSSESSION AND USE OF DRUG RELATED OBJECTS | POSS, MANUFACTURE, DISTRIBUTION OF CONT. SUB | SELL,MANUFACTURE ANY CONTR.SUB W/INT TO DISTRIBUTE | VIO.OF PROB.S.C.(MULLINS) | GIVING FALSE NAME, ADDRESS OR DOB TO OFFICER",,,,,,,
Muscogee,2017-11-12 19:51:31 EST,https://www.columbusga.org/sheriff/InmateSearch.htm,,BANKS,JANAYA,E,f,black,18,2000,,2017-11-08,2017-11-09,,,,SIMPLE BATTERY,,,,,,,
Muscogee,2017-11-12 19:51:31 EST,https://www.columbusga.org/sheriff/InmateSearch.htm,,KING,JASON,,m,white,22,1996,,2017-10-04,2017-11-09,,,,"FAILURE TO OBEY TRAFFIC-CONTROL DEVICE | NO PROOF OF INSURANCE | REGISTRATION,SUSPENDED, CANCELED, OR REVOKED. | NO STATE TAG | VIO.OF PROB.S.C.(SMITH) | SEAT BELT",,,,,,,
Muscogee,2017-11-12 19:51:31 EST,https://www.columbusga.org/sheriff/InmateSearch.htm,,BURTON,JAZMON,,m,black,27,1991,,2017-11-08,2017-11-09,,,,DRIVING WHILE LICENSE SUSPENDED OR REVOKED | IMPROPER TAIL LIGHTS,,,,,,,
Muscogee,2017-11-12 19:51:31 EST,https://www.columbusga.org/sheriff/InmateSearch.htm,,JAMES,JEANETTE,,f,black,56,1962,,2017-10-28,2017-11-09,,,,CRIMINAL TRESPASS | DISORDERLY WHILE INTOXICATED,,,,,,,
Muscogee,2017-11-12 19:51:31 EST,https://www.columbusga.org/sheriff/InmateSearch.htm,,SHELLEY,JEFFERY,D,m,black,37,1981,,2017-11-02,2017-11-09,,,,"NO PROOF OF INSURANCE | REGISTRATION,SUSPENDED, CANCELED, OR REVOKED. | IMPROPER HEADLIGHTS",,,,,,,
Muscogee,2017-11-12 19:51:31 EST,https://www.columbusga.org/sheriff/InmateSearch.htm,,JUKES,JEFFREY,,m,black,32,1986,,2016-02-28,2017-11-09,,,,SODOMY | RAPE,,,,,,,
Muscogee,2017-11-12 19:51:31 EST,https://www.columbusga.org/sheriff/InmateSearch.htm,,MURPHY,JOHN,R,m,white,33,1985,,2017-10-25,2017-11-09,,,,THEFT BY SHOPLIFTING | VIO.OF PROB.REC.CT.(HUNTER) | OBSTRUCTION OF A LAW ENFORCEMENT OFFICER,,,,,,,
Muscogee,2017-11-12 19:51:31 EST,https://www.columbusga.org/sheriff/InmateSearch.htm,,GATES,JOHNNY,,m,black,63,1955,,2017-11-02,2017-11-09,,,,MURDER,,,,,,,
Muscogee,2017-11-12 19:51:31 EST,https://www.columbusga.org/sheriff/InmateSearch.htm,,CHANDLER,JOSHUA,D,m,white,33,1985,,2017-05-18,2017-11-09,,,,VIO.OF PROB.S.C.(RUMER),,,,,,,
Muscogee,2017-11-12 19:51:31 EST,https://www.columbusga.org/sheriff/InmateSearch.htm,,MITCHELL,KENNY,L,m,black,33,1985,,2017-11-03,2017-11-09,,,,SIMPLE BATTERY PHYSICAL HARM FV 16-5-23 (A)(2)(F),,,,,,,
Muscogee,2017-11-12 19:51:31 EST,https://www.columbusga.org/sheriff/InmateSearch.htm,,CHAMNESS,LYLE,C,m,white,30,1988,,2017-11-07,2017-11-09,,,,OBSTRUCTION OF A LAW ENFORCEMENT OFFICER | DISORDERLY CONDUCT,,,,,,,
Muscogee,2017-11-12 19:51:31 EST,https://www.columbusga.org/sheriff/InmateSearch.htm,,COBB,MARGARET,,f,black,35,1983,,2017-11-09,2017-11-09,,,,SIMPLE BATTERY,,,,,,,
Muscogee,2017-11-12 19:51:31 EST,https://www.columbusga.org/sheriff/InmateSearch.htm,,GOINS,MARQUITA,,f,black,35,1983,,2017-11-04,2017-11-09,,,,DRIVING WHILE LICENSE SUSPENDED OR REVOKED,,,,,,,
Muscogee,2017-11-12 19:51:31 EST,https://www.columbusga.org/sheriff/InmateSearch.htm,,JONES,MATTHEW,,m,white,32,1986,,2017-10-23,2017-11-09,,,,HOLD FOR CHATTAHOOCHEE COUNTY,,,,,,,
Muscogee,2017-11-12 19:51:31 EST,https://www.columbusga.org/sheriff/InmateSearch.htm,,SHEATS,MATTHEW,W,m,white,28,1990,,2017-11-08,2017-11-09,,,,THEFT BY SHOPLIFTING,,,,,,,
Muscogee,2017-11-12 19:51:31 EST,https://www.columbusga.org/sheriff/InmateSearch.htm,,WILLIAMS,MONTRESE,D,m,black,18,2000,,2017-11-09,2017-11-09,,,,SIMPLE ASSAULT ATTEMPT TO COMMIT VIOLENT INJURY,,,,,,,
Muscogee,2017-11-12 19:51:31 EST,https://www.columbusga.org/sheriff/InmateSearch.htm,,PRATT,PAUL,,m,white,29,1989,,2017-10-20,2017-11-09,,,,VIO.OF PROB.S.C.(GOTTFRIED),,,,,,,
Muscogee,2017-11-12 19:51:31 EST,https://www.columbusga.org/sheriff/InmateSearch.htm,,BROWN,QUINCY,B,m,black,42,1976,,2017-11-08,2017-11-09,,,,THEFT BY SHOPLIFTING,,,,,,,
Muscogee,2017-11-12 19:51:31 EST,https://www.columbusga.org/sheriff/InmateSearch.htm,,MCCREE,ROBERT,,m,black,38,1980,,2017-11-08,2017-11-09,,,,CONTEMPT OF PROBATE COURT (D'ANTONIO),,,,,,,
Muscogee,2017-11-12 19:51:31 EST,https://www.columbusga.org/sheriff/InmateSearch.htm,,BARKSDALE,RONALD,,m,black,57,1961,,2017-10-28,2017-11-09,,,,CONTEMPT OF COURT | DRINKING IN PUBLIC | CRIMINAL TRESPASS,,,,,,,
Muscogee,2017-11-12 19:51:31 EST,https://www.columbusga.org/sheriff/InmateSearch.htm,,DAVIS,SANQUNETTE,,f,black,32,1986,,2017-11-08,2017-11-09,,,,"SELL,MANUFACTURE ANY CONTR.SUB W/INT TO DISTRIBUTE",,,,,,,
Muscogee,2017-11-12 19:51:31 EST,https://www.columbusga.org/sheriff/InmateSearch.htm,,THOMAN,SHAWN,M,m,white,29,1989,,2016-05-03,2017-11-09,,,,SIMPLE BATTERY | ROBBERY | POSSESSION OF FIREARM OR KNIFE DURING COMMISSION C | THEFT BY TAKING - MOTOR VEHICLE | VIO.OF PROB.S.C.(GOTTFRIED),,,,,,,
Muscogee,2017-11-12 19:51:31 EST,https://www.columbusga.org/sheriff/InmateSearch.htm,,BILLINGSLEY,SHAZMYN,,f,black,23,1995,,2017-09-16,2017-11-09,,,,IDENTITY FRAUD/ELEMENTS OF OFFENSE | THEFT OF SERVICES,,,,,,,
Muscogee,2017-11-12 19:51:31 EST,https://www.columbusga.org/sheriff/InmateSearch.htm,,HOLLOWAY,TERRENCE,,m,black,28,1990,,2016-03-07,2017-11-09,,,,RECKLESS DRIVING | STOP SIGN-YIELD SIGN VIOLATION | THEFT BY RECEIVING STOLEN PROPERTY | VIO.OF PROB.S.C.(RUMER) | FALSE REPORT OF A CRIME,,,,,,,
Muscogee,2017-11-12 19:51:31 EST,https://www.columbusga.org/sheriff/InmateSearch.htm,,PAINE,THOMAS,,m,white,26,1992,,2017-09-14,2017-11-09,,,,HOLD FOR CHATTAHOOCHEE COUNTY,,,,,,,
Muscogee,2017-11-12 19:51:31 EST,https://www.columbusga.org/sheriff/InmateSearch.htm,,CALDWELL,XAVIER,,m,black,28,1990,,2017-11-06,2017-11-09,,,,FALSE INFORMATION TO OFFICER CITY CODE,,,,,,,
Muscogee,2017-11-12 19:51:31 EST,https://www.columbusga.org/sheriff/InmateSearch.htm,,MCCONNELL,AARON,,m,white,30,1988,,2017-11-07,2017-11-08,,,,LOITERING OR PROWLING,,,,,,,
Muscogee,2017-11-12 19:51:31 EST,https://www.columbusga.org/sheriff/InmateSearch.htm,,MOORE,ALEXANDER,,m,black,26,1992,,2017-11-07,2017-11-08,,,,DRIVING WHILE LICENSE SUSPENDED OR REVOKED | OBSTRUCTION OF A LAW ENFORCEMENT OFFICER,,,,,,,
Muscogee,2017-11-12 19:51:31 EST,https://www.columbusga.org/sheriff/InmateSearch.htm,,DAVIS,ANTHONY,R,m,black,55,1963,,2017-08-10,2017-11-08,,,,VIO.OF PROB.S.C.(GOTTFRIED) | THEFT BY SHOPLIFTING,,,,,,,
Muscogee,2017-11-12 19:51:31 EST,https://www.columbusga.org/sheriff/InmateSearch.htm,,NIVENS,ASHLEY,,f,white,32,1986,,2017-11-02,2017-11-08,,,,CONTEMPT OF COURT | SIMPLE BATTERY INSULTING OR PROVOKING NATURE,,,,,,,
Muscogee,2017-11-12 19:51:31 EST,https://www.columbusga.org/sheriff/InmateSearch.htm,,WILLIAMS,BARBARA,A,f,black,45,1973,,2017-11-08,2017-11-08,,,,THEFT BY TAKING,,,,,,,
Muscogee,2017-11-12 19:51:31 EST,https://www.columbusga.org/sheriff/InmateSearch.htm,,ROGERS,BILLIE,J,f,white,24,1994,,2017-11-08,2017-11-08,,,,CHILD RESTRAINT | STOP SIGN | SEAT BELT,,,,,,,
Muscogee,2017-11-12 19:51:31 EST,https://www.columbusga.org/sheriff/InmateSearch.htm,,SPENCER,CHERIE,,f,white,42,1976,,2017-11-02,2017-11-08,,,,DRINKING IN PUBLIC,,,,,,,
Muscogee,2017-11-12 19:51:31 EST,https://www.columbusga.org/sheriff/InmateSearch.htm,,MAYHAND,DESIRAE,,f,white,31,1987,,2017-11-06,2017-11-08,,,,VIO.OF PROB.ST.CT.(RICHARDSON),,,,,,,
Muscogee,2017-11-12 19:51:31 EST,https://www.columbusga.org/sheriff/InmateSearch.htm,,ABEL,DONNA,,f,white,56,1962,,2017-11-06,2017-11-08,,,,THEFT BY SHOPLIFTING,,,,,,,
Muscogee,2017-11-12 19:51:31 EST,https://www.columbusga.org/sheriff/InmateSearch.htm,,ROBINSON,ERIC,J,m,black,36,1982,,2017-11-08,2017-11-08,,,,DRIVING UNDER THE INFLUENCE | IMPROPER BACKING,,,,,,,
Muscogee,2017-11-12 19:51:31 EST,https://www.columbusga.org/sheriff/InmateSearch.htm,,STREETER,ERIKA,,f,black,36,1982,,2017-09-15,2017-11-08,,,,FAMILY VIOLENCE ORDER VIOLATION,,,,,,,
Muscogee,2017-11-12 19:51:31 EST,https://www.columbusga.org/sheriff/InmateSearch.htm,,LIGON,EXAVIER,,m,black,36,1982,,2017-11-08,2017-11-08,,,,DRIVING UNDER THE INFLUENCE | IMPROPER TAIL LIGHTS,,,,,,,
Muscogee,2017-11-12 19:51:31 EST,https://www.columbusga.org/sheriff/InmateSearch.htm,,DENTON,JASON,Y,m,white,38,1980,,2017-11-02,2017-11-08,,,,NO PROOF OF INSURANCE | SPEEDING,,,,,,,
Muscogee,2017-11-12 19:51:31 EST,https://www.columbusga.org/sheriff/InmateSearch.htm,,JOHNSON,JOHN,H,m,black,39,1979,,2017-11-08,2017-11-08,,,,"PEDESTRIAN, DRIVER FAILURE TO EXERCISE DUE CARE | FOLLOWING TOO CLOSE",,,,,,,
Muscogee,2017-11-12 19:51:31 EST,https://www.columbusga.org/sheriff/InmateSearch.htm,,HUGHES,KAMERON,,m,black,26,1992,,2017-11-07,2017-11-08,,,,"POSSESSION OF MARIJUANA, LESS THAN ONE OUNCE | FAILURE TO OBEY TRAFFIC-CONTROL DEVICE",,,,,,,
Muscogee,2017-11-12 19:51:31 EST,https://www.columbusga.org/sheriff/InmateSearch.htm,,MORIKAWA,KAYLA,,f,white,28,1990,,2017-11-07,2017-11-08,,,,THEFT BY SHOPLIFTING,,,,,,,
Muscogee,2017-11-12 19:51:31 EST,https://www.columbusga.org/sheriff/InmateSearch.htm,,BATTLE,KENTTON,L,m,black,31,1987,,2017-11-07,2017-11-08,,,,REMANDED CUSTODY,,,,,,,
Muscogee,2017-11-12 19:51:31 EST,https://www.columbusga.org/sheriff/InmateSearch.htm,,ALLPORT,KRISTINA,,f,white,38,1980,,2017-09-24,2017-11-08,,,,"POSSESSION OF MARIJUANA, LESS THAN ONE OUNCE | VIO.OF PROB.REC.CT.(CIELINSKI)",,,,,,,
Muscogee,2017-11-12 19:51:31 EST,https://www.columbusga.org/sheriff/InmateSearch.htm,,DOWLING,LAMAR,S,m,white,45,1973,,2017-11-04,2017-11-08,,,,HOLD FOR CHATHAM COUNTY,,,,,,,
Muscogee,2017-11-12 19:51:31 EST,https://www.columbusga.org/sheriff/InmateSearch.htm,,MORELAND,LETRESHIE,L,f,black,39,1979,,2017-11-06,2017-11-08,,,,NO STATE DRIVERS LICENSE | IMPROPERLY TRANSFERRED LICENSE PLATE,,,,,,,
Muscogee,2017-11-12 19:51:31 EST,https://www.columbusga.org/sheriff/InmateSearch.htm,,GUTHRIE,LINDA,G,f,white,40,1978,,2017-09-26,2017-11-08,,,,"DRUGS TO BE KEPT IN ORIGNAL CONTAINER | POSS, MANUFACTURE, DISTRIBUTION OF CONT. SUB | THEFT BY SHOPLIFTING",,,,,,,
Muscogee,2017-11-12 19:51:31 EST,https://www.columbusga.org/sheriff/InmateSearch.htm,,GOLSON,MICHAEL,J,m,black,27,1991,,2017-09-25,2017-11-08,,,,CRIMINAL DAMAGE TO PROPERTY IN THE SECOND DEGREE | FALSE IMPRISONMENT | TERRORISTIC THREATS | BATTERY WITH PHYSICAL VISIBLE HARM,,,,,,,
Muscogee,2017-11-12 19:51:31 EST,https://www.columbusga.org/sheriff/InmateSearch.htm,,THROWER,MICHELLE,,f,white,46,1972,,2017-11-07,2017-11-08,,,,CRIMINAL TRESPASS | OBSTRUCTING AN OFFICER | DISORDERLY CONDUCT,,,,,,,
Muscogee,2017-11-12 19:51:31 EST,https://www.columbusga.org/sheriff/InmateSearch.htm,,THOMAS,NELSON,,m,black,29,1989,,2017-09-14,2017-11-08,,,,OBSTRUCTION OF A POLICE OFFICER (F) | SIMPLE BATTERY,,,,,,,
Muscogee,2017-11-12 19:51:31 EST,https://www.columbusga.org/sheriff/InmateSearch.htm,,CANTIDATE,QUENTIN,I,m,black,36,1982,,2017-11-08,2017-11-08,,,,"DRIVING WHILE LICENSE SUSPENDED OR REVOKED | POSSESSION OF FIREARM BY CONVICTED FELON | POSSESSION OF MARIJUANA, LESS THAN ONE OUNCE",,,,,,,
Muscogee,2017-11-12 19:51:31 EST,https://www.columbusga.org/sheriff/InmateSearch.htm,,DANIELS,RODRIQUEZ,,m,black,35,1983,,2017-10-18,2017-11-08,,,,BURGLARY 1ST DEGREE | VIO.OF PROB.S.C.(GOTTFRIED) | CRIMINAL TRESPASS,,,,,,,
Muscogee,2017-11-12 19:51:31 EST,https://www.columbusga.org/sheriff/InmateSearch.htm,,BEARDEN,SAMUEL,N,m,white,38,1980,,2017-08-22,2017-11-08,,,,"POSSESSION AND USE OF DRUG RELATED OBJECTS | POSS, MANUFACTURE, DISTRIBUTION OF CONT. SUB | POSSESSION OF MARIJUANA, LESS THAN ONE OUNCE",,,,,,,
Muscogee,2017-11-12 19:51:31 EST,https://www.columbusga.org/sheriff/InmateSearch.htm,,WHEELER,SCOTT,,m,white,45,1973,,2017-11-08,2017-11-08,,,,DRIVING WHILE LICENSE SUSPENDED OR REVOKED | IMPROPER BRAKE LIGHTS,,,,,,,
Muscogee,2017-11-12 19:51:31 EST,https://www.columbusga.org/sheriff/InmateSearch.htm,,FULLER,SEAN,,m,white,42,1976,,2017-10-06,2017-11-08,,,,VIO.OF PROB.S.C.(MCBRIDE),,,,,,,
Muscogee,2017-11-12 19:51:31 EST,https://www.columbusga.org/sheriff/InmateSearch.htm,,ETTER,SHIRLYNN,,f,white,36,1982,,2017-11-05,2017-11-08,,,,DRUGS TO BE KEPT IN ORIGNAL CONTAINER | ENTER AN UNOCCUPIED DWELLING,,,,,,,
Muscogee,2017-11-12 19:51:31 EST,https://www.columbusga.org/sheriff/InmateSearch.htm,,NICHOLS,TERRAN,,m,white,32,1986,,2017-11-08,2017-11-08,,,,THEFT BY SHOPLIFTING,,,,,,,
Muscogee,2017-11-12 19:51:31 EST,https://www.columbusga.org/sheriff/InmateSearch.htm,,GIBSON,TYQUIRIA,C,f,black,22,1996,,2017-11-04,2017-11-08,,,,"DUTY TO RPT ACC-INVOL DEATH, INJURY,PROP DAMAGE | RECKLESS DRIVING | RECKLESS CONDUCT CAUSING HARM/ENDANGERING SAFETY | FAILURE TO MAINTAIN LANE",,,,,,,
Muscogee,2017-11-12 19:51:31 EST,https://www.columbusga.org/sheriff/InmateSearch.htm,,STEWART,WALLACE,,m,black,22,1996,,2017-09-30,2017-11-08,,,,"SELL,MANUFACTURE ANY CONTR.SUB W/INT TO DISTRIBUTE | POSSESSION AND USE OF DRUG RELATED OBJECTS",,,,,,,
Muscogee,2017-11-12 19:51:31 EST,https://www.columbusga.org/sheriff/InmateSearch.htm,,DABNEY,WILLIAM,A,m,black,26,1992,,2017-09-18,2017-11-08,,,,CRIMINAL DAMAGE TO PROPERTY IN THE SECOND DEGREE | VIO.OF PROB.REC.CT.(BUCKNER) | VIO.OF PROB.S.C.(MCBRIDE) | OBSTRUCTION OF 911 CALL,,,,,,,
Muscogee,2017-11-12 19:51:31 EST,https://www.columbusga.org/sheriff/InmateSearch.htm,,BUBB,ANDEL,,m,black,19,1999,,2017-11-06,2017-11-07,,,,CONTRIBUTING TO THE DELINQUENCY OF A MINOR | CRIMINAL TRESPASS | POSSESSION OF TOOLS FOR THE COMMISSION OF CRIME,,,,,,,
Muscogee,2017-11-12 19:51:31 EST,https://www.columbusga.org/sheriff/InmateSearch.htm,,JAMES,ANDRE,A,m,black,30,1988,,2017-11-02,2017-11-07,,,,STOP SIGN | OBSTRUCTION OF A LAW ENFORCEMENT OFFICER | RECKLESS DRIVING | NO STATE TAG | NO PROOF OF INSURANCE | CROSSING CENTER LINE,,,,,,,
Muscogee,2017-11-12 19:51:31 EST,https://www.columbusga.org/sheriff/InmateSearch.htm,,BRYAN,ASHLEY,,f,white,30,1988,,2017-06-13,2017-11-07,,,,VIO.OF PROB.S.C.(JORDAN),,,,,,,
Muscogee,2017-11-12 19:51:31 EST,https://www.columbusga.org/sheriff/InmateSearch.htm,,SHELEY,BRANDON,K,m,white,35,1983,,2017-11-07,2017-11-07,,,,"NO PROOF OF INSURANCE | DRIVING WHILE LICENSE SUSPENDED OR REVOKED | PROHIBITED IN SPEC PLACES, STOP, PARK/RR CROSS | NO STATE TAG",,,,,,,
Muscogee,2017-11-12 19:51:31 EST,https://www.columbusga.org/sheriff/InmateSearch.htm,,WILLIAMS,CHRISTOPHER,,m,black,29,1989,,2017-10-25,2017-11-07,,,,VIO.OF PROB.S.C.(MCBRIDE),,,,,,,
Muscogee,2017-11-12 19:51:31 EST,https://www.columbusga.org/sheriff/InmateSearch.htm,,LOVE,DANNY,F,m,white,53,1965,,2017-06-09,2017-11-07,,,,BEING IN PARK AFTER HOURS | POSSESSION AND USE OF DRUG RELATED OBJECTS | THEFT BY TAKING | LOITERING,,,,,,,
Muscogee,2017-11-12 19:51:31 EST,https://www.columbusga.org/sheriff/InmateSearch.htm,,ERVIN,DARIUS,,m,black,26,1992,,2017-11-06,2017-11-07,,,,"POSSESSION AND USE OF DRUG RELATED OBJECTS | POSSESSION OF MARIJUANA, LESS THAN ONE OUNCE | UNSAFE OR IMPROPERLY EQUIPPED VEHICLE",,,,,,,
Muscogee,2017-11-12 19:51:31 EST,https://www.columbusga.org/sheriff/InmateSearch.htm,,ROBINSON,DOMINIQUE,,f,black,21,1997,,2017-11-07,2017-11-07,,,,"POSSESSION OF MARIJUANA, LESS THAN ONE OUNCE | NO STATE DRIVERS LICENSE | NO STATE TAG",,,,,,,
Muscogee,2017-11-12 19:51:31 EST,https://www.columbusga.org/sheriff/InmateSearch.htm,,ANDERSON,EDWARD,E,m,white,61,1957,,2017-11-03,2017-11-07,,,,911 CALL UNLAWFUL CONDUCT,,,,,,,
Muscogee,2017-11-12 19:51:31 EST,https://www.columbusga.org/sheriff/InmateSearch.htm,,SHORTER,ELIJAH,,m,black,52,1966,,2017-11-02,2017-11-07,,,,THEFT BY TAKING - MOTOR VEHICLE,,,,,,,
Muscogee,2017-11-12 19:51:31 EST,https://www.columbusga.org/sheriff/InmateSearch.htm,,DAVIS,GREGORY,L,m,black,41,1977,,2017-11-06,2017-11-07,,,,CRIMINAL TRESPASS,,,,,,,
Muscogee,2017-11-12 19:51:31 EST,https://www.columbusga.org/sheriff/InmateSearch.htm,,HARRISON,JAMES,A,m,white,31,1987,,2017-09-23,2017-11-07,,,,VIOLATION OF DOMESTIC VIOLENCE ORDER,,,,,,,
Muscogee,2017-11-12 19:51:31 EST,https://www.columbusga.org/sheriff/InmateSearch.htm,,MCGHEE,JAMES,W,m,black,47,1971,,2017-11-06,2017-11-07,,,,BATTERY WITH PHYSICAL VISIBLE HARM,,,,,,,
Muscogee,2017-11-12 19:51:31 EST,https://www.columbusga.org/sheriff/InmateSearch.htm,,BISHOP,JAMES,H,m,black,59,1959,,2017-11-07,2017-11-07,,,,CRIMINAL TRESPASS PRIOR NOTICE AGAINST ENTRY | CRIMINAL TRESPASS,,,,,,,
Muscogee,2017-11-12 19:51:31 EST,https://www.columbusga.org/sheriff/InmateSearch.htm,,KIMBLE,JOSEPH,,m,black,35,1983,,2015-08-18,2017-11-07,,,,POSSESSION OF FIREARM BY CONVICTED FELON | TAMPERING WITH EVIDENCE | RECKLESS CONDUCT CAUSING HARM/ENDANGERING SAFETY,,,,,,,
Muscogee,2017-11-12 19:51:31 EST,https://www.columbusga.org/sheriff/InmateSearch.htm,,HERNANDEZ-MORALES,KELLY,,f,white,24,1994,,2017-11-06,2017-11-07,,,,IMPROPER LEFT TURN | NO STATE DRIVERS LICENSE | DISORDERLY CONDUCT,,,,,,,
Muscogee,2017-11-12 19:51:31 EST,https://www.columbusga.org/sheriff/InmateSearch.htm,,JERNIGAN,KEVIN,,m,black,35,1983,,2017-11-03,2017-11-07,,,,"REGISTRATION,SUSPENDED, CANCELED, OR REVOKED. | NO STATE TAG | NOTICE OF CHANGE OF ADDRESS OR NAME | VEHICLE W/O REVALIDATION DECAL ON LIC.PLATE | NO PROOF OF INSURANCE",,,,,,,
Muscogee,2017-11-12 19:51:31 EST,https://www.columbusga.org/sheriff/InmateSearch.htm,,TEASLEY,MICHAEL,A,m,white,48,1970,,2017-02-12,2017-11-07,,,,"POSS, MANUFACTURE, DISTRIBUTION OF CONT. SUB | POSSESSION OF FIREARM OR KNIFE DURING COMMISSION C | POSSESSION OF FIREARM BY CONVICTED FELON",,,,,,,
Muscogee,2017-11-12 19:51:31 EST,https://www.columbusga.org/sheriff/InmateSearch.htm,,MILLER,NASHIRA,,f,black,20,1998,,2017-11-06,2017-11-07,,,,RECKLESS CONDUCT CAUSING HARM/ENDANGERING SAFETY,,,,,,,
Muscogee,2017-11-12 19:51:31 EST,https://www.columbusga.org/sheriff/InmateSearch.htm,,EDWARDS,PATRICK,,m,black,34,1984,,2017-11-07,2017-11-07,,,,DRIVING WHILE LICENSE SUSPENDED OR REVOKED | IMPROPER HEADLIGHTS,,,,,,,
Muscogee,2017-11-12 19:51:31 EST,https://www.columbusga.org/sheriff/InmateSearch.htm,,BALDWIN,QUENTIN,,m,black,41,1977,,2017-11-07,2017-11-07,,,,"SELL,MANUFACTURE ANY CONTR.SUB W/INT TO DISTRIBUTE",,,,,,,
Muscogee,2017-11-12 19:51:31 EST,https://www.columbusga.org/sheriff/InmateSearch.htm,,HUGULEY,RAFAEL,,m,black,36,1982,,2017-11-03,2017-11-07,,,,FUGITIVE FROM JUSTICE (MISSISSIPPI),,,,,,,
Muscogee,2017-11-12 19:51:31 EST,https://www.columbusga.org/sheriff/InmateSearch.htm,,AMARI,REBECCA,,f,white,40,1978,,2017-11-05,2017-11-07,,,,FUGITIVE FROM JUSTICE (ALABAMA),,,,,,,
Muscogee,2017-11-12 19:51:31 EST,https://www.columbusga.org/sheriff/InmateSearch.htm,,EARHART,ROBERT,A,m,white,34,1984,,2017-11-07,2017-11-07,,,,DRIVING UNDER THE INFLUENCE | IMPROPER HEADLIGHTS,,,,,,,
Muscogee,2017-11-12 19:51:31 EST,https://www.columbusga.org/sheriff/InmateSearch.htm,,ROSS,SELENA,A,f,black,36,1982,,2017-11-06,2017-11-07,,,,STOP SIGN | RECKLESS DRIVING | IMPROPER BRAKE LIGHTS,,,,,,,
Muscogee,2017-11-12 19:51:31 EST,https://www.columbusga.org/sheriff/InmateSearch.htm,,BANKS,AARON,,m,black,37,1981,,2017-11-06,2017-11-06,,,,CRIMINAL TRESPASS,,,,,,,
Muscogee,2017-11-12 19:51:31 EST,https://www.columbusga.org/sheriff/InmateSearch.htm,,CLARY,ADISON,,f,white,20,1998,,2017-11-05,2017-11-06,,,,VIO.OF PROB.ST.CT.(RICHARDSON),,,,,,,
Muscogee,2017-11-12 19:51:31 EST,https://www.columbusga.org/sheriff/InmateSearch.htm,,BATIZ,ANGELL,,m,white,42,1976,,2017-11-04,2017-11-06,,,,VIO.OF PROB.S.C.(JORDAN-ADC),,,,,,,
Muscogee,2017-11-12 19:51:31 EST,https://www.columbusga.org/sheriff/InmateSearch.htm,,LAMB,APRIL,,f,white,45,1973,,2017-11-03,2017-11-06,,,,HOLD FOR HARRIS COUNTY,,,,,,,
Muscogee,2017-11-12 19:51:31 EST,https://www.columbusga.org/sheriff/InmateSearch.htm,,HARRIS,BARON,,m,black,43,1975,,2017-11-06,2017-11-06,,,,OBSTRUCTION OF A LAW ENFORCEMENT OFFICER | DISORDERLY CONDUCT,,,,,,,
Muscogee,2017-11-12 19:51:31 EST,https://www.columbusga.org/sheriff/InmateSearch.htm,,MCBRIDE,BILLY,O,m,black,65,1953,,2017-10-31,2017-11-06,,,,FAMILY VIOLENCE ORDER VIOLATION,,,,,,,
Muscogee,2017-11-12 19:51:31 EST,https://www.columbusga.org/sheriff/InmateSearch.htm,,GRIMES,BRANDON,T,m,black,33,1985,,2017-11-06,2017-11-06,,,,NO PROOF OF INSURANCE | DRIVING WHILE LICENSE SUSPENDED OR REVOKED | NO STATE TAG,,,,,,,
Muscogee,2017-11-12 19:51:31 EST,https://www.columbusga.org/sheriff/InmateSearch.htm,,SHELEY,BRANDON,K,m,white,35,1983,,2017-11-06,2017-11-06,,,,NO PROOF OF INSURANCE | DRIVING WHILE LICENSE SUSPENDED OR REVOKED | NO STATE TAG,,,,,,,
Muscogee,2017-11-12 19:51:31 EST,https://www.columbusga.org/sheriff/InmateSearch.htm,,PORTER,CAROL,B,f,black,21,1997,,2017-11-06,2017-11-06,,,,DRIVING WHILE LICENSE SUSPENDED OR REVOKED | STOP SIGN,,,,,,,
Muscogee,2017-11-12 19:51:31 EST,https://www.columbusga.org/sheriff/InmateSearch.htm,,WIMBERLY,CHARLIE,L,m,black,33,1985,,2017-10-26,2017-11-06,,,,VIO.OF PROB.S.C.(MCBRIDE),,,,,,,
Muscogee,2017-11-12 19:51:31 EST,https://www.columbusga.org/sheriff/InmateSearch.htm,,LAWING,CLINT,,m,white,30,1988,,2017-11-03,2017-11-06,,,,"POSS, MANUFACTURE, DISTRIBUTION OF CONT. SUB | FAILURE TO GIVE SIGNAL",,,,,,,
Muscogee,2017-11-12 19:51:31 EST,https://www.columbusga.org/sheriff/InmateSearch.htm,,PERRY,CRAIG,,m,white,43,1975,,2017-10-27,2017-11-06,,,,CONTEMPT OF JUV.CT.(DODGEN),,,,,,,
Muscogee,2017-11-12 19:51:31 EST,https://www.columbusga.org/sheriff/InmateSearch.htm,,WILSON,DARIUS,M,m,black,27,1991,,2017-11-05,2017-11-06,,,,"POSSESSION OF MARIJUANA, LESS THAN ONE OUNCE",,,,,,,
Muscogee,2017-11-12 19:51:31 EST,https://www.columbusga.org/sheriff/InmateSearch.htm,,WASHINGTON,DEVETA,D,f,black,44,1974,,2017-11-06,2017-11-06,,,,DISORDERLY CONDUCT,,,,,,,
Muscogee,2017-11-12 19:51:31 EST,https://www.columbusga.org/sheriff/InmateSearch.htm,,MILLER,JAMIE,,f,white,33,1985,,2017-10-14,2017-11-06,,,,"POSS, MANUFACTURE, DISTRIBUTION OF CONT. SUB | POSSESSION AND USE OF DRUG RELATED OBJECTS",,,,,,,
Muscogee,2017-11-12 19:51:31 EST,https://www.columbusga.org/sheriff/InmateSearch.htm,,SCREWS,JEFFERY,,m,black,52,1966,,2017-11-02,2017-11-06,,,,VIO.OF PROB.REC.CT.(HUNTER) | DRINKING IN PUBLIC,,,,,,,
Muscogee,2017-11-12 19:51:31 EST,https://www.columbusga.org/sheriff/InmateSearch.htm,,FORD,JUSTIN,,m,black,32,1986,,2017-11-05,2017-11-06,,,,FUGITIVE FROM JUSTICE (ALABAMA),,,,,,,
Muscogee,2017-11-12 19:51:31 EST,https://www.columbusga.org/sheriff/InmateSearch.htm,,CALDWELL,KATRINA,,f,black,46,1972,,2017-11-06,2017-11-06,,,,"DRIVING WHILE LICENSE SUSPENDED OR REVOKED | PROHIBITED IN SPEC PLACES, STOP, PARK/RR CROSS",,,,,,,
Muscogee,2017-11-12 19:51:31 EST,https://www.columbusga.org/sheriff/InmateSearch.htm,,JERNIGAN,KEITH,T,m,black,35,1983,,2017-10-13,2017-11-06,,,,"PUBLIC INDECENCY | VIO.OF PROB.S.C.(JORDAN) | POSSESSION OF MARIJUANA, LESS THAN ONE OUNCE",,,,,,,
Muscogee,2017-11-12 19:51:31 EST,https://www.columbusga.org/sheriff/InmateSearch.htm,,LANE,KEVIN,D,m,black,30,1988,,2017-09-13,2017-11-06,,,,VIO.OF PROB.S.C.(MCBRIDE),,,,,,,
Muscogee,2017-11-12 19:51:31 EST,https://www.columbusga.org/sheriff/InmateSearch.htm,,PENNINGTON,LAWRENCE,,m,black,54,1964,,2017-09-22,2017-11-06,,,,BATTERY WITH PHYSICAL VISIBLE HARM | POSSESSION AND USE OF DRUG RELATED OBJECTS,,,,,,,
Muscogee,2017-11-12 19:51:31 EST,https://www.columbusga.org/sheriff/InmateSearch.htm,,JACKSON,MARKE,A,m,black,55,1963,,2017-11-04,2017-11-06,,,,HOLD FOR CHATTAHOOCHEE COUNTY,,,,,,,
Muscogee,2017-11-12 19:51:31 EST,https://www.columbusga.org/sheriff/InmateSearch.htm,,PACE,MONTE,C,m,black,46,1972,,2017-11-05,2017-11-06,,,,THEFT BY SHOPLIFTING,,,,,,,
Muscogee,2017-11-12 19:51:31 EST,https://www.columbusga.org/sheriff/InmateSearch.htm,,BERRY,PARRISH,C,m,black,52,1966,,2017-09-08,2017-11-06,,,,CRIMINAL TRESPASS | VIO.OF PROB.S.C.(JORDAN) | THEFT BY DECEPTION,,,,,,,
Muscogee,2017-11-12 19:51:31 EST,https://www.columbusga.org/sheriff/InmateSearch.htm,,MCCLOUD,PAUL,S,m,black,39,1979,,2017-11-05,2017-11-06,,,,DRIVING WHILE LICENSE SUSPENDED OR REVOKED | NO PROOF OF INSURANCE,,,,,,,
Muscogee,2017-11-12 19:51:31 EST,https://www.columbusga.org/sheriff/InmateSearch.htm,,BANKS,RANASHIA,S,f,black,19,1999,,2017-11-06,2017-11-06,,,,AFFRAY/FIGHTING PUBLIC PLACE,,,,,,,
Muscogee,2017-11-12 19:51:31 EST,https://www.columbusga.org/sheriff/InmateSearch.htm,,SMITH,SAMUAL,B,m,white,35,1983,,2017-09-15,2017-11-06,,,,VIO.OF PROB.S.C.(PETERS),,,,,,,
Muscogee,2017-11-12 19:51:31 EST,https://www.columbusga.org/sheriff/InmateSearch.htm,,BOWMAN,SHAWN,,m,white,24,1994,,2017-07-14,2017-11-06,,,,CRIMINAL TRESPASS,,,,,,,
Muscogee,2017-11-12 19:51:31 EST,https://www.columbusga.org/sheriff/InmateSearch.htm,,JACKSON,STEPHEN,P,m,black,20,1998,,2017-11-04,2017-11-06,,,,SIMPLE BATTERY,,,,,,,
Muscogee,2017-11-12 19:51:31 EST,https://www.columbusga.org/sheriff/InmateSearch.htm,,CARVER,STEVE,R,m,white,55,1963,,2017-11-03,2017-11-06,,,,VIO.OF PROB.S.C.(JORDAN-ADC),,,,,,,
Muscogee,2017-11-12 19:51:31 EST,https://www.columbusga.org/sheriff/InmateSearch.htm,,WILLIAMS,TAWANA,Z,f,black,19,1999,,2017-10-07,2017-11-06,,,,OBSTRUCTION OF A LAW ENFORCEMENT OFFICER | CRUELTY TO CHILDREN 3RD DEG ALLOW CHILD TO WITNESS | RECKLESS CONDUCT CAUSING HARM/ENDANGERING SAFETY | TERRORISTIC THREATS,,,,,,,
Muscogee,2017-11-12 19:51:31 EST,https://www.columbusga.org/sheriff/InmateSearch.htm,,SMITH,TERRANCE,M,m,black,37,1981,,2017-10-26,2017-11-06,,,,VIO.OF PROB.S.C.(SMITH),,,,,,,
Muscogee,2017-11-12 19:51:31 EST,https://www.columbusga.org/sheriff/InmateSearch.htm,,DANIELS,URIAH,S,m,black,24,1994,,2017-10-10,2017-11-06,,,,VIO.OF PROB.S.C.(JORDAN),,,,,,,
Muscogee,2017-11-12 19:51:31 EST,https://www.columbusga.org/sheriff/InmateSearch.htm,,FOSTER,ANGELICA,,f,black,25,1993,,2017-11-05,2017-11-05,,,,DISORDERLY CONDUCT,,,,,,,
Muscogee,2017-11-12 19:51:31 EST,https://www.columbusga.org/sheriff/InmateSearch.htm,,ADAMS,DECARUS,R,m,black,26,1992,,2017-11-05,2017-11-05,,,,CRIMINAL TRESPASS,,,,,,,
Muscogee,2017-11-12 19:51:31 EST,https://www.columbusga.org/sheriff/InmateSearch.htm,,WILLIS,DUDLEY,D,m,black,41,1977,,2017-10-21,2017-11-05,,,,SIMPLE BATTERY,,,,,,,
Muscogee,2017-11-12 19:51:31 EST,https://www.columbusga.org/sheriff/InmateSearch.htm,,PUGH,ERIC,,m,black,46,1972,,2017-11-04,2017-11-05,,,,DRIVING WHILE LICENSE SUSPENDED OR REVOKED | DUI ALCOHOL LESS SAFE,,,,,,,
Muscogee,2017-11-12 19:51:31 EST,https://www.columbusga.org/sheriff/InmateSearch.htm,,HILLIARD,GREGORY,,m,black,21,1997,,2017-11-05,2017-11-05,,,,"POSSESSION OF MARIJUANA, LESS THAN ONE OUNCE | FAILURE TO MAINTAIN LANE",,,,,,,
Muscogee,2017-11-12 19:51:31 EST,https://www.columbusga.org/sheriff/InmateSearch.htm,,ANDERSON,JACOB,,m,black,28,1990,,2016-05-05,2017-11-05,,,,PARTICIPATION IN CRIMINAL GANG ACTIVITY PROHIBITED | POSSESSION OF FIREARM BY 1ST OFFENDER PROBATIONER | VIO.OF PROB.S.C.(RUMER) | RECKLESS CONDUCT CAUSING HARM/ENDANGERING SAFETY,,,,,,,
Muscogee,2017-11-12 19:51:31 EST,https://www.columbusga.org/sheriff/InmateSearch.htm,,MARTINEZ-ESPINOZA,JOSE,,m,white,47,1971,,2017-11-05,2017-11-05,,,,DISORDERLY CONDUCT,,,,,,,
Muscogee,2017-11-12 19:51:31 EST,https://www.columbusga.org/sheriff/InmateSearch.htm,,MELTON,MICHAEL,,m,black,35,1983,,2017-11-05,2017-11-05,,,,DRIVING UNDER THE INFLUENCE | OPEN CONTAINER ALCOHOLIC BEVERAGE OPERATING VEHICL,,,,,,,
Muscogee,2017-11-12 19:51:31 EST,https://www.columbusga.org/sheriff/InmateSearch.htm,,RILEY,MICHAEL,,m,white,26,1992,,2017-11-05,2017-11-05,,,,POSSESSION AND USE OF DRUG RELATED OBJECTS,,,,,,,
Muscogee,2017-11-12 19:51:31 EST,https://www.columbusga.org/sheriff/InmateSearch.htm,,PATTERSON,MISTY,L,f,white,35,1983,,2017-05-01,2017-11-05,,,,VIO.OF PROB.S.C.(SMITH),,,,,,,
Muscogee,2017-11-12 19:51:31 EST,https://www.columbusga.org/sheriff/InmateSearch.htm,,WILLIAMS,TABATHA,,f,black,52,1966,,2017-11-05,2017-11-05,,,,BATTERY WITH PHYSICAL VISIBLE HARM | CRIMINAL TRESPASS,,,,,,,
Muscogee,2017-11-12 19:51:31 EST,https://www.columbusga.org/sheriff/InmateSearch.htm,,AUTRY,THOMAS,E,m,,33,1985,,2017-10-21,2017-11-05,,,,"POSS, MANUFACTURE, DISTRIBUTION OF CONT. SUB | THEFT BY SHOPLIFTING",,,,,,,
Muscogee,2017-11-12 19:51:31 EST,https://www.columbusga.org/sheriff/InmateSearch.htm,,BROWN,WATKINS,,m,black,25,1993,,2017-09-06,2017-11-05,,,,POSSESSION OF FIREARM BY CONVICTED FELON | THEFT BY RECEIVING STOLEN PROPERTY | VIO.OF PROB.S.C.(GOTTFRIED) | OBSTRUCTION OF A LAW ENFORCEMENT OFFICER,,,,,,,
Muscogee,2017-11-12 19:51:31 EST,https://www.columbusga.org/sheriff/InmateSearch.htm,,HARVEY,ANTHONY,T,m,black,37,1981,,2017-11-04,2017-11-04,,,,THEFT BY DECEPTION,,,,,,,
Muscogee,2017-11-12 19:51:31 EST,https://www.columbusga.org/sheriff/InmateSearch.htm,,MCCELOS,CAYLEY,,f,,24,1994,,2017-11-04,2017-11-04,,,,SIMPLE BATTERY,,,,,,,
Muscogee,2017-11-12 19:51:31 EST,https://www.columbusga.org/sheriff/InmateSearch.htm,,BOWENS,CHRISTOPHER,,m,,31,1987,,2017-11-04,2017-11-04,,,,"OPEN CONTAINER ALCOHOLIC BEVERAGE OPERATING VEHICL | POSSESSION OF MARIJUANA, LESS THAN ONE OUNCE | FAILURE TO MAINTAIN LANE",,,,,,,
Muscogee,2017-11-12 19:51:31 EST,https://www.columbusga.org/sheriff/InmateSearch.htm,,MCCOY,CRYSTAL,N,f,black,31,1987,,2017-11-04,2017-11-04,,,,OPEN CONTAINER ALCOHOLIC BEVERAGE OPERATING VEHICL | SPEEDING,,,,,,,
Muscogee,2017-11-12 19:51:31 EST,https://www.columbusga.org/sheriff/InmateSearch.htm,,LASSEN,DANIEL,,m,white,30,1988,,2017-10-25,2017-11-04,,,,"WINDSHIELD OBSTRUCTED | NO PROOF OF INSURANCE | POSSESSION, ETC DANGEROUS DRUGS | NO STATE TAG",,,,,,,
Muscogee,2017-11-12 19:51:31 EST,https://www.columbusga.org/sheriff/InmateSearch.htm,,MORRIS,DANNY,W,m,white,53,1965,,2017-11-02,2017-11-04,,,,FINANCIAL TRANSACTION CARD FRAUD,,,,,,,
Muscogee,2017-11-12 19:51:31 EST,https://www.columbusga.org/sheriff/InmateSearch.htm,,MAYE,DEANTHONY,,m,black,28,1990,,2017-11-03,2017-11-04,,,,HOLD FOR JACKSON COUNTY,,,,,,,
Muscogee,2017-11-12 19:51:31 EST,https://www.columbusga.org/sheriff/InmateSearch.htm,,MEADOWS,DEWAYNE,L,m,black,33,1985,,2017-11-04,2017-11-04,,,,CRUELTY TO CHILDREN 3RD DEG ALLOW CHILD TO WITNESS | SIMPLE BATTERY,,,,,,,
Muscogee,2017-11-12 19:51:31 EST,https://www.columbusga.org/sheriff/InmateSearch.htm,,WIRT,EDWARD,,m,black,47,1971,,2017-11-04,2017-11-04,,,,DISORDERLY CONDUCT,,,,,,,
Muscogee,2017-11-12 19:51:31 EST,https://www.columbusga.org/sheriff/InmateSearch.htm,,HURBAN,ERIC,,m,white,56,1962,,2017-11-03,2017-11-04,,,,IMPROPERLY TRANSFERRED LICENSE PLATE | SWITCHING OR REMOVING TAG | VEHICLE W/O REVALIDATION DECAL ON LIC.PLATE | NO PROOF OF INSURANCE | NO STATE TAG | CROSSING CENTER LINE,,,,,,,
Muscogee,2017-11-12 19:51:31 EST,https://www.columbusga.org/sheriff/InmateSearch.htm,,YARWAYE,FRANKLIN,,m,black,23,1995,,2017-11-03,2017-11-04,,,,BATTERY WITH PHYSICAL VISIBLE HARM,,,,,,,
Muscogee,2017-11-12 19:51:31 EST,https://www.columbusga.org/sheriff/InmateSearch.htm,,OSBORNE,HANNAH,,f,white,23,1995,,2017-11-04,2017-11-04,,,,DRIVING UNDER THE INFLUENCE >.08 | FAILURE TO MAINTAIN LANE,,,,,,,
Muscogee,2017-11-12 19:51:31 EST,https://www.columbusga.org/sheriff/InmateSearch.htm,,PURDY,JARETT,R,m,black,24,1994,,2017-11-04,2017-11-04,,,,DUI ALCOHOL LESS SAFE | LIGHTS REQUIRED,,,,,,,
Muscogee,2017-11-12 19:51:31 EST,https://www.columbusga.org/sheriff/InmateSearch.htm,,MCNEILL,JOHN,C,m,black,44,1974,,2017-11-04,2017-11-04,,,,DUI ALCOHOL LESS SAFE | FAILURE TO MAINTAIN LANE,,,,,,,
Muscogee,2017-11-12 19:51:31 EST,https://www.columbusga.org/sheriff/InmateSearch.htm,,GOINS,KELLY,A,m,white,65,1953,,2017-11-02,2017-11-04,,,,DISORDERLY CONDUCT | SIMPLE ASSAULT ATTEMPT TO COMMIT VIOLENT INJURY,,,,,,,
Muscogee,2017-11-12 19:51:31 EST,https://www.columbusga.org/sheriff/InmateSearch.htm,,WELLS,MARY,C,f,white,57,1961,,2017-10-31,2017-11-04,,,,POSSESSION AND USE OF DRUG RELATED OBJECTS | STOPPING IN STREET | ALCOHOLIC BEVERAGE OPEN CONTAINER,,,,,,,
Muscogee,2017-11-12 19:51:31 EST,https://www.columbusga.org/sheriff/InmateSearch.htm,,SHARPE,NIYAH,M,m,black,26,1992,,2017-11-01,2017-11-04,,,,THEFT BY SHOPLIFTING,,,,,,,
Muscogee,2017-11-12 19:51:31 EST,https://www.columbusga.org/sheriff/InmateSearch.htm,,JONES,SADARREN,,m,black,20,1998,,2017-11-04,2017-11-04,,,,NO PROOF OF INSURANCE | NO STATE TAG,,,,,,,
Muscogee,2017-11-12 19:51:31 EST,https://www.columbusga.org/sheriff/InmateSearch.htm,,DAVIS,TENISHA,,f,black,28,1990,,2017-11-04,2017-11-04,,,,DUI DRUGS LESS SAFE | SPEEDING,,,,,,,
Muscogee,2017-11-12 19:51:31 EST,https://www.columbusga.org/sheriff/InmateSearch.htm,,BOWENS,THOMAS,H,m,black,40,1978,,2017-11-04,2017-11-04,,,,ENTERING MOTOR VEHICLE W/INTENT TO COMMIT THEFT,,,,,,,
Muscogee,2017-11-12 19:51:31 EST,https://www.columbusga.org/sheriff/InmateSearch.htm,,KING,TIMOTHY,M,m,white,42,1976,,2017-11-04,2017-11-04,,,,ENTER AN UNOCCUPIED DWELLING,,,,,,,
Muscogee,2017-11-12 19:51:31 EST,https://www.columbusga.org/sheriff/InmateSearch.htm,,MILNER,WILLIAM,C,m,white,32,1986,,2017-11-04,2017-11-04,,,,BATTERY WITH PHYSICAL VISIBLE HARM,,,,,,,
Muscogee,2017-11-12 19:51:31 EST,https://www.columbusga.org/sheriff/InmateSearch.htm,,CARTER,ALPHONZO,D,m,black,36,1982,,2017-11-02,2017-11-03,,,,RABIES VACCINATION | PERMITS FOR DOGS AND CATS REQUIRED,,,,,,,
Muscogee,2017-11-12 19:51:31 EST,https://www.columbusga.org/sheriff/InmateSearch.htm,,KING,ANTHONY,B,m,black,44,1974,,2017-11-02,2017-11-03,,,,TAMPERING WITH EVIDENCE,,,,,,,
Muscogee,2017-11-12 19:51:31 EST,https://www.columbusga.org/sheriff/InmateSearch.htm,,GARNER,ANTONIO,A,m,black,27,1991,,2017-11-03,2017-11-03,,,,"CHILD RESTRAINT | NO PROOF OF INSURANCE | REGISTRATION,SUSPENDED, CANCELED, OR REVOKED.",,,,,,,
Muscogee,2017-11-12 19:51:31 EST,https://www.columbusga.org/sheriff/InmateSearch.htm,,BOOKER,ASHTON,,m,white,18,2000,,2017-11-02,2017-11-03,,,,CRIMINAL TRESPASS,,,,,,,
Muscogee,2017-11-12 19:51:31 EST,https://www.columbusga.org/sheriff/InmateSearch.htm,,FLOWERS,CARLETA,C,m,black,20,1998,,2017-10-12,2017-11-03,,,,"THEFT BY SHOPLIFTING | GIVING FALSE NAME, ADDRESS OR DOB TO OFFICER | OBSTRUCTION OF A LAW ENFORCEMENT OFFICER",,,,,,,
Muscogee,2017-11-12 19:51:31 EST,https://www.columbusga.org/sheriff/InmateSearch.htm,,DENT,CEDRICK,L,m,black,27,1991,,2017-11-03,2017-11-03,,,,CRIMINAL DAMAGE TO PROPERTY IN THE SECOND DEGREE | OBSTRUCTION OF A LAW ENFORCEMENT OFFICER,,,,,,,
Muscogee,2017-11-12 19:51:31 EST,https://www.columbusga.org/sheriff/InmateSearch.htm,,CARTER,CHAUNTALIA,M,f,black,24,1994,,2017-11-02,2017-11-03,,,,SIMPLE BATTERY,,,,,,,
Muscogee,2017-11-12 19:51:31 EST,https://www.columbusga.org/sheriff/InmateSearch.htm,,BROWN,CHAVEZ,,m,black,21,1997,,2017-10-24,2017-11-03,,,,SIMPLE BATTERY,,,,,,,
Muscogee,2017-11-12 19:51:31 EST,https://www.columbusga.org/sheriff/InmateSearch.htm,,SHAW,CHRISTOPHER,R,m,white,31,1987,,2017-11-02,2017-11-03,,,,"POSSESSION OF MARIJUANA, LESS THAN ONE OUNCE | POSSESSION AND USE OF DRUG RELATED OBJECTS",,,,,,,
Muscogee,2017-11-12 19:51:31 EST,https://www.columbusga.org/sheriff/InmateSearch.htm,,KILGORE,DEBRA,,f,white,58,1960,,2017-11-02,2017-11-03,,,,THEFT BY SHOPLIFTING,,,,,,,
Muscogee,2017-11-12 19:51:31 EST,https://www.columbusga.org/sheriff/InmateSearch.htm,,ROJAS,DENNIS,,m,black,36,1982,,2017-11-03,2017-11-03,,,,NO PROOF OF INSURANCE | NO STATE TAG,,,,,,,
Muscogee,2017-11-12 19:51:31 EST,https://www.columbusga.org/sheriff/InmateSearch.htm,,MCKEY,DESMONET,L,f,black,18,2000,,2017-11-01,2017-11-03,,,,"THEFT BY RECEIVING STOLEN PROPERTY | POSSESSION OF MARIJUANA, LESS THAN ONE OUNCE",,,,,,,
Muscogee,2017-11-12 19:51:31 EST,https://www.columbusga.org/sheriff/InmateSearch.htm,,HUFF,DJUAMIEL,,m,black,26,1992,,2017-11-02,2017-11-03,,,,HOLD FOR CLAYTON COUNTY,,,,,,,
Muscogee,2017-11-12 19:51:31 EST,https://www.columbusga.org/sheriff/InmateSearch.htm,,TURNER,DONTAVIUS,J,m,black,29,1989,,2017-11-03,2017-11-03,,,,FORGERY IN THE THIRD DEGREE,,,,,,,
Muscogee,2017-11-12 19:51:31 EST,https://www.columbusga.org/sheriff/InmateSearch.htm,,BREWER,EBONY,D,f,black,30,1988,,2017-11-03,2017-11-03,,,,"POSSESSION OF MARIJUANA, LESS THAN ONE OUNCE",,,,,,,
Muscogee,2017-11-12 19:51:31 EST,https://www.columbusga.org/sheriff/InmateSearch.htm,,SWANN,ELLEN,A,f,white,57,1961,,2017-11-03,2017-11-03,,,,DRIVING UNDER THE INFLUENCE | ENTERING ROADWAY FROM OTHER THAN ANOTHER ROADWAY,,,,,,,
Muscogee,2017-11-12 19:51:31 EST,https://www.columbusga.org/sheriff/InmateSearch.htm,,BOUYER,FREDDIE,L,m,black,19,1999,,2017-11-01,2017-11-03,,,,"THEFT BY RECEIVING STOLEN PROPERTY | POSSESSION OF MARIJUANA, LESS THAN ONE OUNCE",,,,,,,
Muscogee,2017-11-12 19:51:31 EST,https://www.columbusga.org/sheriff/InmateSearch.htm,,ROBINSON,HANNAH,E,f,black,21,1997,,2017-09-01,2017-11-03,,,,"DUTY TO RPT ACC-INVOL DEATH, INJURY,PROP DAMAGE | LEAVING THE SCENE OF AN ACCIDENT | MOTOR VEHICLE INSURANCE REQUIRMENT | RECKLESS CONDUCT CAUSING HARM/ENDANGERING SAFETY | THEFT BY TAKING | FOLLOWING TOO CLOSE",,,,,,,
Muscogee,2017-11-12 19:51:31 EST,https://www.columbusga.org/sheriff/InmateSearch.htm,,WIGGINS,IESHA,B,f,black,27,1991,,2017-10-11,2017-11-03,,,,RECKLESS CONDUCT CAUSING HARM/ENDANGERING SAFETY,,,,,,,
Muscogee,2017-11-12 19:51:31 EST,https://www.columbusga.org/sheriff/InmateSearch.htm,,WILLIAMS,JEFFERY,C,m,white,19,1999,,2017-11-02,2017-11-03,,,,THEFT BY TAKING - MOTOR VEHICLE,,,,,,,
Muscogee,2017-11-12 19:51:31 EST,https://www.columbusga.org/sheriff/InmateSearch.htm,,SULLIVAN,JEREMY,D,m,white,35,1983,,2017-11-03,2017-11-03,,,,DRIVING UNDER THE INFLUENCE | FAILURE TO MAINTAIN LANE,,,,,,,
Muscogee,2017-11-12 19:51:31 EST,https://www.columbusga.org/sheriff/InmateSearch.htm,,STEWARD,JERRICK,,m,black,29,1989,,2017-11-03,2017-11-03,,,,FORGERY IN THE FIRST DEGREE,,,,,,,
Muscogee,2017-11-12 19:51:31 EST,https://www.columbusga.org/sheriff/InmateSearch.htm,,BOSWELL,JOEY,E,m,white,43,1975,,2017-08-28,2017-11-03,,,,HOLD FOR CHATTAHOOCHEE COUNTY,,,,,,,
Muscogee,2017-11-12 19:51:31 EST,https://www.columbusga.org/sheriff/InmateSearch.htm,,VANDERHALL,JONATHAN,L,m,black,25,1993,,2017-10-31,2017-11-03,,,,"DRIVING WHILE LICENSE SUSPENDED OR REVOKED | POSSESSION OF FIREARM OR KNIFE DURING COMMISSION C | POSS, MANUFACTURE, DISTRIBUTION OF CONT. SUB | SPEEDING",,,,,,,
Muscogee,2017-11-12 19:51:31 EST,https://www.columbusga.org/sheriff/InmateSearch.htm,,DURDEN,KANDYCE,,f,white,34,1984,,2017-11-03,2017-11-03,,,,THEFT BY SHOPLIFTING,,,,,,,
Muscogee,2017-11-12 19:51:31 EST,https://www.columbusga.org/sheriff/InmateSearch.htm,,GOODWIN,KEITHAN,L,m,black,21,1997,,2017-11-02,2017-11-03,,,,HOLD FOR COWETA COUNTY,,,,,,,
Muscogee,2017-11-12 19:51:31 EST,https://www.columbusga.org/sheriff/InmateSearch.htm,,JONES,KENDALE,M,m,black,29,1989,,2017-11-02,2017-11-03,,,,"POSSESSION OF MARIJUANA, LESS THAN ONE OUNCE | IMPROPER HEADLIGHTS",,,,,,,
Muscogee,2017-11-12 19:51:31 EST,https://www.columbusga.org/sheriff/InmateSearch.htm,,BRATCHER,KENDALL,,m,white,34,1984,,2017-11-03,2017-11-03,,,,911 CALL UNLAWFUL CONDUCT | FALSE INFORMATION TO OFFICER CITY CODE,,,,,,,
Muscogee,2017-11-12 19:51:31 EST,https://www.columbusga.org/sheriff/InmateSearch.htm,,KORNEGAY,KODEL,,m,black,28,1990,,2017-09-15,2017-11-03,,,,LOITERING | CRIMINAL TRESPASS,,,,,,,
Muscogee,2017-11-12 19:51:31 EST,https://www.columbusga.org/sheriff/InmateSearch.htm,,HOWARD,LOUSIE,,f,white,64,1954,,2017-10-12,2017-11-03,,,,"POSS, MANUFACTURE, DISTRIBUTION OF CONT. SUB",,,,,,,
Muscogee,2017-11-12 19:51:31 EST,https://www.columbusga.org/sheriff/InmateSearch.htm,,WILLIAMS,MARQUELIS,,m,black,18,2000,,2017-10-28,2017-11-03,,,,THEFT BY TAKING | CRIMINAL TRESPASS DAMAGE TO PROPERTY,,,,,,,
Muscogee,2017-11-12 19:51:31 EST,https://www.columbusga.org/sheriff/InmateSearch.htm,,JOHNSON,MAURICE,E,m,black,47,1971,,2017-11-03,2017-11-03,,,,POSSESSION AND USE OF DRUG RELATED OBJECTS,,,,,,,
Muscogee,2017-11-12 19:51:31 EST,https://www.columbusga.org/sheriff/InmateSearch.htm,,COPELAND,NORTREZ,T,m,black,34,1984,,2017-11-02,2017-11-03,,,,STOP SIGN-YIELD SIGN VIOLATION | IMPROPER TAIL LIGHTS,,,,,,,
Muscogee,2017-11-12 19:51:31 EST,https://www.columbusga.org/sheriff/InmateSearch.htm,,WADE,RYAN,M,m,black,30,1988,,2017-11-03,2017-11-03,,,,"POSSESSION OF MARIJUANA, LESS THAN ONE OUNCE",,,,,,,
Muscogee,2017-11-12 19:51:31 EST,https://www.columbusga.org/sheriff/InmateSearch.htm,,JACKSON,TATEVIA,,f,black,19,1999,,2017-11-03,2017-11-03,,,,"POSSESSION OF MARIJUANA, LESS THAN ONE OUNCE",,,,,,,
Muscogee,2017-11-12 19:51:31 EST,https://www.columbusga.org/sheriff/InmateSearch.htm,,DOBBS,TYLER,N,m,white,23,1995,,2017-11-03,2017-11-03,,,,DUI DRUGS LESS SAFE | FAILURE TO MAINTAIN LANE,,,,,,,
Muscogee,2017-11-12 19:51:31 EST,https://www.columbusga.org/sheriff/InmateSearch.htm,,OGDEN,WILLIAM,C,m,white,32,1986,,2017-11-03,2017-11-03,,,,DUI ALCOHOL LESS SAFE | SPEEDING,,,,,,,
Muscogee,2017-11-12 19:51:31 EST,https://www.columbusga.org/sheriff/InmateSearch.htm,,STREATER,ALEX,D,m,black,36,1982,,2017-07-15,2017-11-02,,,,VIO.OF PROB.S.C.(MULLINS),,,,,,,
Muscogee,2017-11-12 19:51:31 EST,https://www.columbusga.org/sheriff/InmateSearch.htm,,MONTGOMERY,ANET,B,f,black,31,1987,,2017-11-02,2017-11-02,,,,HOLD FOR CRAWFORD COUNTY,,,,,,,
Muscogee,2017-11-12 19:51:31 EST,https://www.columbusga.org/sheriff/InmateSearch.htm,,CAGE,ANTHONY,M,m,black,28,1990,,2017-08-07,2017-11-02,,,,"POSS, MANUFACTURE, DISTRIBUTION OF CONT. SUB | VIO.OF PROB.S.C.(RUMER) | SELL,MANUFACTURE ANY CONTR.SUB W/INT TO DISTRIBUTE",,,,,,,
Muscogee,2017-11-12 19:51:31 EST,https://www.columbusga.org/sheriff/InmateSearch.htm,,KING,ANTWUAN,,m,black,19,1999,,2017-11-01,2017-11-02,,,,FALSE STATEMENTS AND WRITINGS,,,,,,,
Muscogee,2017-11-12 19:51:31 EST,https://www.columbusga.org/sheriff/InmateSearch.htm,,TATUM,CARON,,m,black,43,1975,,2017-09-24,2017-11-02,,,,"VIO.OF PROB.S.C.(GOTTFRIED) | GIVING FALSE NAME, ADDRESS OR DOB TO OFFICER",,,,,,,
Muscogee,2017-11-12 19:51:31 EST,https://www.columbusga.org/sheriff/InmateSearch.htm,,JENNINGS,CHRISTOPER,,m,black,19,1999,,2017-10-21,2017-11-02,,,,LOITERING OR PROWLING | OBSTRUCTION OF A LAW ENFORCEMENT OFFICER,,,,,,,
Muscogee,2017-11-12 19:51:31 EST,https://www.columbusga.org/sheriff/InmateSearch.htm,,CONRAD,CLINTON,L,m,white,39,1979,,2017-10-24,2017-11-02,,,,VIO.OF PROB.ST.CT.(RICHARDSON),,,,,,,
Muscogee,2017-11-12 19:51:31 EST,https://www.columbusga.org/sheriff/InmateSearch.htm,,ARVIE,CRAIG,,m,black,42,1976,,2017-10-23,2017-11-02,,,,LOITERING OR PROWLING,,,,,,,
Muscogee,2017-11-12 19:51:31 EST,https://www.columbusga.org/sheriff/InmateSearch.htm,,ABERNATHY,CRYSTAL,,f,white,39,1979,,2017-10-02,2017-11-02,,,,VIO.OF PROB.S.C.(JORDAN),,,,,,,
Muscogee,2017-11-12 19:51:31 EST,https://www.columbusga.org/sheriff/InmateSearch.htm,,NALL,DAVID,L,m,black,54,1964,,2017-11-01,2017-11-02,,,,DISORDERLY CONDUCT,,,,,,,
Muscogee,2017-11-12 19:51:31 EST,https://www.columbusga.org/sheriff/InmateSearch.htm,,HAWKINS,DESTINY,,f,black,21,1997,,2017-11-01,2017-11-02,,,,THEFT BY SHOPLIFTING,,,,,,,
Muscogee,2017-11-12 19:51:31 EST,https://www.columbusga.org/sheriff/InmateSearch.htm,,DAWSON,DEVALSTON,M,m,black,28,1990,,2017-11-01,2017-11-02,,,,VIO.OF PROB.REC.CT.(HUNTER),,,,,,,
Muscogee,2017-11-12 19:51:31 EST,https://www.columbusga.org/sheriff/InmateSearch.htm,,MEADOWS,DEWAYNE,,m,black,25,1993,,2017-10-13,2017-11-02,,,,THEFT BY SHOPLIFTING,,,,,,,
Muscogee,2017-11-12 19:51:31 EST,https://www.columbusga.org/sheriff/InmateSearch.htm,,MCCRARY,DIANGLO,,m,black,37,1981,,2017-11-01,2017-11-02,,,,THEFT OF SERVICES,,,,,,,
Muscogee,2017-11-12 19:51:31 EST,https://www.columbusga.org/sheriff/InmateSearch.htm,,JACKSON,DSHAWN,,m,black,28,1990,,2017-11-02,2017-11-02,,,,"FAILURE TO EQUIP.VEH.WITH REQ.LIGHTS | POSSESSION OF MARIJUANA, LESS THAN ONE OUNCE | IMPROPER TAIL LIGHTS",,,,,,,
Muscogee,2017-11-12 19:51:31 EST,https://www.columbusga.org/sheriff/InmateSearch.htm,,SPENCER,ERIC,,m,black,29,1989,,2017-10-29,2017-11-02,,,,"POSSESSION AND USE OF DRUG RELATED OBJECTS | POSSESSION OF MARIJUANA, LESS THAN ONE OUNCE | VIO.OF PROB.ST.CT.(PRATHER) | GIVING FALSE NAME, ADDRESS OR DOB TO OFFICER",,,,,,,
Muscogee,2017-11-12 19:51:31 EST,https://www.columbusga.org/sheriff/InmateSearch.htm,,SMALLS,FELIX,,m,black,28,1990,,2017-11-02,2017-11-02,,,,"POSSESSION OF MARIJUANA, LESS THAN ONE OUNCE | THEFT BY RECEIVING STOLEN PROPERTY | INSURANCE PROOF",,,,,,,
Muscogee,2017-11-12 19:51:31 EST,https://www.columbusga.org/sheriff/InmateSearch.htm,,BROWN,FRANCIS,M,f,black,47,1971,,2017-11-01,2017-11-02,,,,ABC EMPLOYEE RESPONSIBILITY,,,,,,,
Muscogee,2017-11-12 19:51:31 EST,https://www.columbusga.org/sheriff/InmateSearch.htm,,GODWIN,IGNATIUS,,m,black,50,1968,,2017-10-23,2017-11-02,,,,"REGISTRATION,SUSPENDED, CANCELED, OR REVOKED. | NO PROOF OF INSURANCE | OBSTRUCTION OF A LAW ENFORCEMENT OFFICER",,,,,,,
Muscogee,2017-11-12 19:51:31 EST,https://www.columbusga.org/sheriff/InmateSearch.htm,,GARY,JACORION,T,m,black,22,1996,,2016-01-09,2017-11-02,,,,VOLUNTARY MANSLAUGHTER | AGGRAVATED ASSAULT,,,,,,,
Muscogee,2017-11-12 19:51:31 EST,https://www.columbusga.org/sheriff/InmateSearch.htm,,HICKS,JAKANDRA,A,f,black,24,1994,,2017-11-01,2017-11-02,,,,ABC EMPLOYEE RESPONSIBILITY,,,,,,,
Muscogee,2017-11-12 19:51:31 EST,https://www.columbusga.org/sheriff/InmateSearch.htm,,FLOWERS,JASON,D,m,black,37,1981,,2017-10-18,2017-11-02,,,,SIMPLE BATTERY | CRIMINAL TRESPASS,,,,,,,
Muscogee,2017-11-12 19:51:31 EST,https://www.columbusga.org/sheriff/InmateSearch.htm,,COLEMAN,JAVAUGHN,,m,black,32,1986,,2017-11-01,2017-11-02,,,,DRIVING WHILE LICENSE SUSPENDED OR REVOKED | NO STATE TAG,,,,,,,
Muscogee,2017-11-12 19:51:31 EST,https://www.columbusga.org/sheriff/InmateSearch.htm,,PADEN,JAVONTA,,m,black,18,2000,,2017-09-20,2017-11-02,,,,LEAVING THE SCENE OF AN ACCIDENT | RECKLESS DRIVING | THEFT BY TAKING | OBSTRUCTION OF A LAW ENFORCEMENT OFFICER,,,,,,,
Muscogee,2017-11-12 19:51:31 EST,https://www.columbusga.org/sheriff/InmateSearch.htm,,SAMPLES,JESSE,R,m,white,45,1973,,2017-11-01,2017-11-02,,,,"POSSESSION OF MARIJUANA, LESS THAN ONE OUNCE",,,,,,,
Muscogee,2017-11-12 19:51:31 EST,https://www.columbusga.org/sheriff/InmateSearch.htm,,DAVIS,JOHN,,m,white,47,1971,,2016-12-30,2017-11-02,,,,FINANCIAL TRANSACTION CARD FRAUD,,,,,,,
Muscogee,2017-11-12 19:51:31 EST,https://www.columbusga.org/sheriff/InmateSearch.htm,,VINING,JOHN,D,m,white,25,1993,,2017-10-22,2017-11-02,,,,SIMPLE ASSAULT ATTEMPT TO COMMIT VIOLENT INJURY,,,,,,,
Muscogee,2017-11-12 19:51:31 EST,https://www.columbusga.org/sheriff/InmateSearch.htm,,MERRITT,KADACIA,,f,black,24,1994,,2017-10-20,2017-11-02,,,,FAILURE TO EXHIBIT LICENSE | SPEEDING | NO STATE DRIVERS LICENSE | FALSE INFORMATION TO OFFICER CITY CODE | RECKLESS CONDUCT CAUSING HARM/ENDANGERING SAFETY | VIO.OF PROB.REC.CT.(JOYNER) | USE OF SEAT BELT (PASSENGER) | IMPROPER TAIL LIGHTS,,,,,,,
Muscogee,2017-11-12 19:51:31 EST,https://www.columbusga.org/sheriff/InmateSearch.htm,,BARRON,KALIEB,M,m,black,21,1997,,2017-10-04,2017-11-02,,,,FORGERY IN THE SECOND DEGREE | THEFT BY DECEPTION,,,,,,,
Muscogee,2017-11-12 19:51:31 EST,https://www.columbusga.org/sheriff/InmateSearch.htm,,GATES,KENYA,,f,black,22,1996,,2017-11-02,2017-11-02,,,,"POSSESSION OF MARIJUANA, LESS THAN ONE OUNCE",,,,,,,
Muscogee,2017-11-12 19:51:31 EST,https://www.columbusga.org/sheriff/InmateSearch.htm,,STARR,KYLE,A,m,white,19,1999,,2017-11-02,2017-11-02,,,,RECKLESS CONDUCT CAUSING HARM/ENDANGERING SAFETY,,,,,,,
Muscogee,2017-11-12 19:51:31 EST,https://www.columbusga.org/sheriff/InmateSearch.htm,,TOLBERT,LADARRIN,J,m,black,27,1991,,2017-11-02,2017-11-02,,,,"NO PROOF OF INSURANCE | REGISTRATION,SUSPENDED, CANCELED, OR REVOKED. | SPEEDING",,,,,,,
Muscogee,2017-11-12 19:51:31 EST,https://www.columbusga.org/sheriff/InmateSearch.htm,,JOHNSON,LESLIE,T,f,black,41,1977,,2017-11-02,2017-11-02,,,,DRIVING UNDER THE INFLUENCE,,,,,,,
Muscogee,2017-11-12 19:51:31 EST,https://www.columbusga.org/sheriff/InmateSearch.htm,,WATSON,MICHAEL,T,m,white,30,1988,,2017-09-26,2017-11-02,,,,SEXUAL EXPLOITATION OF CHILDREN,,,,,,,
Muscogee,2017-11-12 19:51:31 EST,https://www.columbusga.org/sheriff/InmateSearch.htm,,JOHNSON,MISTY,,f,white,42,1976,,2017-11-02,2017-11-02,,,,THEFT BY SHOPLIFTING,,,,,,,
Muscogee,2017-11-12 19:51:31 EST,https://www.columbusga.org/sheriff/InmateSearch.htm,,SMITH,PAT,,m,black,60,1958,,2017-11-01,2017-11-02,,,,DISORDERLY WHILE INTOXICATED,,,,,,,
Muscogee,2017-11-12 19:51:31 EST,https://www.columbusga.org/sheriff/InmateSearch.htm,,JACKSON,ROBERT,,m,black,26,1992,,2017-10-21,2017-11-02,,,,CRIMINAL TRESPASS,,,,,,,
Muscogee,2017-11-12 19:51:31 EST,https://www.columbusga.org/sheriff/InmateSearch.htm,,MCCLAIN,RUBY,,f,black,28,1990,,2017-11-01,2017-11-02,,,,"FURNISHING TO, PURCHASE OF, OR POSSESSION BY",,,,,,,
Muscogee,2017-11-12 19:51:31 EST,https://www.columbusga.org/sheriff/InmateSearch.htm,,FERRELL,SAMUEL,E,m,white,30,1988,,2017-02-15,2017-11-02,,,,"THEFT BY SHOPLIFTING | POSS, MANUFACTURE, DISTRIBUTION OF CONT. SUB",,,,,,,
Muscogee,2017-11-12 19:51:31 EST,https://www.columbusga.org/sheriff/InmateSearch.htm,,SCOTT,SHAMONTAE,D,m,black,24,1994,,2017-11-01,2017-11-02,,,,HOLD FOR BIBB COUNTY,,,,,,,
Muscogee,2017-11-12 19:51:31 EST,https://www.columbusga.org/sheriff/InmateSearch.htm,,STOKES,SHAY,M,m,white,44,1974,,2017-10-29,2017-11-02,,,,"POSS, MANUFACTURE, DISTRIBUTION OF CONT. SUB | POSSESSION OF MARIJUANA, LESS THAN ONE OUNCE",,,,,,,
Muscogee,2017-11-12 19:51:31 EST,https://www.columbusga.org/sheriff/InmateSearch.htm,,BERRY,SHELBY,J,m,black,36,1982,,2017-11-01,2017-11-02,,,,ABC EMPLOYEE RESPONSIBILITY,,,,,,,
Muscogee,2017-11-12 19:51:31 EST,https://www.columbusga.org/sheriff/InmateSearch.htm,,FOSTER,SHINITA,A,f,black,46,1972,,2017-11-02,2017-11-02,,,,FALSE INFORMATION TO OFFICER CITY CODE | NO PROOF OF INSURANCE | NO STATE DRIVERS LICENSE | NO STATE TAG,,,,,,,
Muscogee,2017-11-12 19:51:31 EST,https://www.columbusga.org/sheriff/InmateSearch.htm,,STEVENSON,TERELLE,L,m,black,35,1983,,2017-11-02,2017-11-02,,,,DRIVING WHILE LICENSE SUSPENDED OR REVOKED | NO STATE TAG,,,,,,,
Muscogee,2017-11-12 19:51:31 EST,https://www.columbusga.org/sheriff/InmateSearch.htm,,MULLINS,TOMMIE,,m,black,25,1993,,2017-10-31,2017-11-02,,,,VIO.OF PROB.ST.CT.(PRATHER),,,,,,,
Muscogee,2017-11-12 19:51:31 EST,https://www.columbusga.org/sheriff/InmateSearch.htm,,HICKS,TORREY,S,m,black,42,1976,,2017-11-01,2017-11-02,,,,HOLD FOR HOUSTON COUNTY,,,,,,,
Muscogee,2017-11-12 19:51:31 EST,https://www.columbusga.org/sheriff/InmateSearch.htm,,CROWELL,TREYVIUS,,m,black,20,1998,,2017-10-30,2017-11-02,,,,DISORDERLY CONDUCT | CRIMINAL DAMAGE TO PROPERTY IN THE SECOND DEGREE | FALSE INFORMATION TO OFFICER CITY CODE,,,,,,,
Muscogee,2017-11-12 19:51:31 EST,https://www.columbusga.org/sheriff/InmateSearch.htm,,RAY,TYLER,L,m,white,23,1995,,2017-11-02,2017-11-02,,,,LOITERING,,,,,,,
Muscogee,2017-11-12 19:51:31 EST,https://www.columbusga.org/sheriff/InmateSearch.htm,,GAMBLE,VERNON,M,m,black,28,1990,,2017-08-02,2017-11-02,,,,VIO.OF PROB.S.C.(GOTTFRIED),,,,,,,
Muscogee,2017-11-12 19:51:31 EST,https://www.columbusga.org/sheriff/InmateSearch.htm,,PHILLIPS,ALEXANDER,,m,black,41,1977,,2017-10-31,2017-11-01,,,,"SELL,MANUFACTURE ANY CONTR.SUB W/INT TO DISTRIBUTE | POSSESSION AND USE OF DRUG RELATED OBJECTS",,,,,,,
Muscogee,2017-11-12 19:51:31 EST,https://www.columbusga.org/sheriff/InmateSearch.htm,,SIMMONS,ANDRIEA,L,f,black,41,1977,,2017-10-31,2017-11-01,,,,HOLD FOR RANDOLPH COUNTY,,,,,,,
Muscogee,2017-11-12 19:51:31 EST,https://www.columbusga.org/sheriff/InmateSearch.htm,,TATUM,ANGELA,,f,black,56,1962,,2017-09-25,2017-11-01,,,,VIO.OF PROB.S.C.(MCBRIDE),,,,,,,
Muscogee,2017-11-12 19:51:31 EST,https://www.columbusga.org/sheriff/InmateSearch.htm,,WRIGHT,BILLY,W,m,white,54,1964,,2017-10-25,2017-11-01,,,,"SWITCHING OR REMOVING TAG | POSS, MANUFACTURE, DISTRIBUTION OF CONT. SUB | POSSESSION OF MARIJUANA, LESS THAN ONE OUNCE | NO STATE TAG",,,,,,,
Muscogee,2017-11-12 19:51:31 EST,https://www.columbusga.org/sheriff/InmateSearch.htm,,CHAMBERS,CAREY,B,f,white,39,1979,,2017-10-25,2017-11-01,,,,POSSESSION AND USE OF DRUG RELATED OBJECTS | FAILURE TO GIVE SIGNAL,,,,,,,
Muscogee,2017-11-12 19:51:31 EST,https://www.columbusga.org/sheriff/InmateSearch.htm,,CROOK,CHRISTOPHER,W,m,white,43,1975,,2017-09-14,2017-11-01,,,,POSSESSION AND USE OF DRUG RELATED OBJECTS | NO STATE TAG | THEFT BY SHOPLIFTING | VIO.OF PROB.S.C.(JORDAN) | FORGERY IN THE FIRST DEGREE,,,,,,,
Muscogee,2017-11-12 19:51:31 EST,https://www.columbusga.org/sheriff/InmateSearch.htm,,FICKLIN,CHRISTOPHER,J,m,black,23,1995,,2017-10-31,2017-11-01,,,,"DRIVING WHILE LICENSE SUSPENDED OR REVOKED | SELL,MANUFACTURE ANY CONTR.SUB W/INT TO DISTRIBUTE | POSSESSION OF FIREARM OR KNIFE DURING COMMISSION C | WINDSHIELD OBSTRUCTED",,,,,,,
Muscogee,2017-11-12 19:51:31 EST,https://www.columbusga.org/sheriff/InmateSearch.htm,,GIBSON,DARREN,L,m,black,29,1989,,2017-10-27,2017-11-01,,,,CRIMINAL TRESPASS,,,,,,,
Muscogee,2017-11-12 19:51:31 EST,https://www.columbusga.org/sheriff/InmateSearch.htm,,HOLMES,DEIDRA,S,f,black,37,1981,,2017-10-31,2017-11-01,,,,IDENTITY FRAUD/ELEMENTS OF OFFENSE | THEFT BY DECEPTION | GEORGIA RICO ACT,,,,,,,
Muscogee,2017-11-12 19:51:31 EST,https://www.columbusga.org/sheriff/InmateSearch.htm,,DRAKE,EDWARD,,m,black,30,1988,,2017-10-13,2017-11-01,,,,ENTERING MOTOR VEHICLE W/INTENT TO COMMIT THEFT | VIO.OF PROB.ST.CT.(PRATHER),,,,,,,
Muscogee,2017-11-12 19:51:31 EST,https://www.columbusga.org/sheriff/InmateSearch.htm,,RILEY,JAMES,,m,black,19,1999,,2017-11-01,2017-11-01,,,,"POSSESSION OF MARIJUANA, LESS THAN ONE OUNCE",,,,,,,
Muscogee,2017-11-12 19:51:31 EST,https://www.columbusga.org/sheriff/InmateSearch.htm,,WHITE,JAMICA,D,f,black,22,1996,,2017-10-24,2017-11-01,,,,"POSS, MANUFACTURE, DISTRIBUTION OF CONT. SUB | SELL,MANUFACTURE ANY CONTR.SUB W/INT TO DISTRIBUTE | ABANDONMENT OF CONTROLLED SUBSTANCE",,,,,,,
Muscogee,2017-11-12 19:51:31 EST,https://www.columbusga.org/sheriff/InmateSearch.htm,,WILLIAMS,JANSAN,J,m,black,19,1999,,2017-10-21,2017-11-01,,,,DISORDERLY CONDUCT,,,,,,,
Muscogee,2017-11-12 19:51:31 EST,https://www.columbusga.org/sheriff/InmateSearch.htm,,MCMILLAN,JOHN,E,m,white,32,1986,,2017-11-01,2017-11-01,,,,DRIVING WHILE LICENSE SUSPENDED OR REVOKED | IMPROPER BRAKE LIGHTS,,,,,,,
Muscogee,2017-11-12 19:51:31 EST,https://www.columbusga.org/sheriff/InmateSearch.htm,,SLEDGE,KASSIE,M,f,white,28,1990,,2017-11-01,2017-11-01,,,,POSSESSION AND USE OF DRUG RELATED OBJECTS | SPEEDING,,,,,,,
Muscogee,2017-11-12 19:51:31 EST,https://www.columbusga.org/sheriff/InmateSearch.htm,,DAVIS,KEIONTA,,m,black,18,2000,,2017-09-27,2017-11-01,,,,POSSESSION OF FIREARM OR KNIFE DURING COMMISSION | POSS OF PISTOL OR REVOLVER BY PERSON UNDER 18,,,,,,,
Muscogee,2017-11-12 19:51:31 EST,https://www.columbusga.org/sheriff/InmateSearch.htm,,DAVIS,KIEDRA,,f,black,41,1977,,2017-10-31,2017-11-01,,,,DRIVING WHILE LICENSE SUSPENDED OR REVOKED | NO STATE TAG,,,,,,,
Muscogee,2017-11-12 19:51:31 EST,https://www.columbusga.org/sheriff/InmateSearch.htm,,WORTHEY,LATOYA,,f,black,31,1987,,2017-09-14,2017-11-01,,,,VIO.OF PROB.S.C.(PETERS),,,,,,,
Muscogee,2017-11-12 19:51:31 EST,https://www.columbusga.org/sheriff/InmateSearch.htm,,SPENCER,LEON,,m,black,27,1991,,2017-10-27,2017-11-01,,,,VIO.OF PROB.REC.CT.(HUNTER),,,,,,,
Muscogee,2017-11-12 19:51:31 EST,https://www.columbusga.org/sheriff/InmateSearch.htm,,COLLIER,MICHELLE,L,f,black,49,1969,,2017-06-20,2017-11-01,,,,IDENTITY FRAUD/ELEMENTS OF OFFENSE,,,,,,,
Muscogee,2017-11-12 19:51:31 EST,https://www.columbusga.org/sheriff/InmateSearch.htm,,TAYLOR,QUINTON,,m,black,24,1994,,2017-11-01,2017-11-01,,,,"DRIVING UNDER THE INFLUENCE | POSSESSION OF MARIJUANA, LESS THAN ONE OUNCE",,,,,,,
Muscogee,2017-11-12 19:51:31 EST,https://www.columbusga.org/sheriff/InmateSearch.htm,,FOSTER,RAYMOND,,m,black,26,1992,,2017-10-29,2017-11-01,,,,RECKLESS CONDUCT CAUSING HARM/ENDANGERING SAFETY | DISCHARGE OF A GUN OR PISTOL NEAR PUBLIC HIGHWAY,,,,,,,
Muscogee,2017-11-12 19:51:31 EST,https://www.columbusga.org/sheriff/InmateSearch.htm,,MCCORMICK,RONNIE,W,m,white,61,1957,,2017-08-30,2017-11-01,,,,THEFT BY TAKING,,,,,,,
Muscogee,2017-11-12 19:51:31 EST,https://www.columbusga.org/sheriff/InmateSearch.htm,,PRITCHETT,ROSHAUN,,f,black,48,1970,,2017-08-17,2017-11-01,,,,VIO.OF PROB.S.C.(RUMER),,,,,,,
Muscogee,2017-11-12 19:51:31 EST,https://www.columbusga.org/sheriff/InmateSearch.htm,,EWING,SHANEQUA,,f,black,27,1991,,2017-10-31,2017-11-01,,,,VIO.OF PROB.ST.CT.(RICHARDSON),,,,,,,
Muscogee,2017-11-12 19:51:31 EST,https://www.columbusga.org/sheriff/InmateSearch.htm,,VAJAS,SHEA,,m,white,24,1994,,2017-09-26,2017-11-01,,,,OBSTRUCTION OF A POLICE OFFICER (F) | SIMPLE BATTERY,,,,,,,
Muscogee,2017-11-12 19:51:31 EST,https://www.columbusga.org/sheriff/InmateSearch.htm,,UVERZAGT,SIDNEE,L,f,white,30,1988,,2017-09-02,2017-11-01,,,,THEFT BY TAKING | VIO.OF PROB.S.C.(PETERS),,,,,,,
Muscogee,2017-11-12 19:51:31 EST,https://www.columbusga.org/sheriff/InmateSearch.htm,,BROWN,SITERIA,D,f,black,25,1993,,2017-11-01,2017-11-01,,,,SEXUAL BATTERY,,,,,,,
Muscogee,2017-11-12 19:51:31 EST,https://www.columbusga.org/sheriff/InmateSearch.htm,,PERSON,STANLEY,,m,black,44,1974,,2017-10-27,2017-11-01,,,,VIO.OF PROB.REC.CT.(HUNTER),,,,,,,
Muscogee,2017-11-12 19:51:31 EST,https://www.columbusga.org/sheriff/InmateSearch.htm,,EASTER,STEVEN,O,m,white,41,1977,,2017-10-31,2017-11-01,,,,BATTERY WITH PHYSICAL VISIBLE HARM | DISORDERLY CONDUCT,,,,,,,
Muscogee,2017-11-12 19:51:31 EST,https://www.columbusga.org/sheriff/InmateSearch.htm,,WALKER,TED,,m,black,51,1967,,2017-10-01,2017-11-01,,,,SIMPLE BATTERY,,,,,,,
Muscogee,2017-11-12 19:51:31 EST,https://www.columbusga.org/sheriff/InmateSearch.htm,,COBBS,TIMIA,R,f,black,19,1999,,2017-11-01,2017-11-01,,,,"FURNISHING TO, PURCHASE OF, OR POSSESSION BY",,,,,,,
Muscogee,2017-11-12 19:51:31 EST,https://www.columbusga.org/sheriff/InmateSearch.htm,,PHILLIPS,WALTER,,m,black,61,1957,,2017-10-29,2017-11-01,,,,SIMPLE BATTERY | FALSE INFORMATION TO OFFICER CITY CODE,,,,,,,
Muscogee,2017-11-12 19:51:31 EST,https://www.columbusga.org/sheriff/InmateSearch.htm,,JOHNSON,WENDELL,,m,black,60,1958,,2017-10-24,2017-11-01,,,,VIO.OF PROB.S.C.(MCBRIDE),,,,,,,
Muscogee,2017-11-12 19:51:31 EST,https://www.columbusga.org/sheriff/InmateSearch.htm,,ROBERTSON,WILLIAM,J,m,white,48,1970,,2017-10-31,2017-11-01,,,,THEFT BY DECEPTION | EXPLOITATION OF DISABLED OR ELDER ADULT,,,,,,,
Muscogee,2017-11-12 19:51:31 EST,https://www.columbusga.org/sheriff/InmateSearch.htm,,SHATTLES,WILLIAM,,m,white,27,1991,,2017-10-30,2017-11-01,,,,HOLD FOR PAULDING COUNTY,,,,,,,
Muscogee,2017-11-12 19:51:31 EST,https://www.columbusga.org/sheriff/InmateSearch.htm,,TRAWICK,YANCEY,D,m,black,48,1970,,2017-11-01,2017-11-01,,,,DRIVING WHILE LICENSE SUSPENDED OR REVOKED | NO STATE TAG,,,,,,,
Muscogee,2017-11-12 19:51:31 EST,https://www.columbusga.org/sheriff/InmateSearch.htm,,WARRIOR,AMANDA,M,f,white,32,1986,,2017-10-24,2017-10-31,,,,"POSSESSION AND USE OF DRUG RELATED OBJECTS | SELL,MANUFACTURE ANY CONTR.SUB W/INT TO DISTRIBUTE | IMPROPER TAIL LIGHTS",,,,,,,
Muscogee,2017-11-12 19:51:31 EST,https://www.columbusga.org/sheriff/InmateSearch.htm,,DUBOSE,AMBER,C,f,black,37,1981,,2017-10-30,2017-10-31,,,,INJURY OTHER THAN A SERIOUS INJURY | FAILURE TO MAINTAIN LANE,,,,,,,
Muscogee,2017-11-12 19:51:31 EST,https://www.columbusga.org/sheriff/InmateSearch.htm,,SIMON,AMY,E,f,white,27,1991,,2017-10-25,2017-10-31,,,,"TAMPERING WITH EVIDENCE | SELL,MANUFACTURE ANY CONTR.SUB W/INT TO DISTRIBUTE | POSS, MANUFACTURE, DISTRIBUTION OF CONT. SUB | POSSESSION AND USE OF DRUG RELATED OBJECTS",,,,,,,
Muscogee,2017-11-12 19:51:31 EST,https://www.columbusga.org/sheriff/InmateSearch.htm,,LEGGETT,ANNE,C,f,white,30,1988,,2017-09-21,2017-10-31,,,,"DRUGS TO BE KEPT IN ORIGNAL CONTAINER | POSS, MANUFACTURE, DISTRIBUTION OF CONT. SUB | POSSESSION AND USE OF DRUG RELATED OBJECTS | SELL,MANUFACTURE ANY CONTR.SUB W/INT TO DISTRIBUTE",,,,,,,
Muscogee,2017-11-12 19:51:31 EST,https://www.columbusga.org/sheriff/InmateSearch.htm,,COLLINS,BILLY,B,m,white,33,1985,,2017-10-24,2017-10-31,,,,"POSSESSION AND USE OF DRUG RELATED OBJECTS | NO STATE DRIVERS LICENSE | THEFT BY RECEIVING STOLEN PROPERTY | GIVING FALSE NAME, ADDRESS OR DOB TO OFFICER",,,,,,,
Muscogee,2017-11-12 19:51:31 EST,https://www.columbusga.org/sheriff/InmateSearch.htm,,MATTHEWS,BREONNA,,f,black,26,1992,,2017-10-21,2017-10-31,,,,VIO.OF PROB.REC.CT.(CIELINSKI),,,,,,,
Muscogee,2017-11-12 19:51:31 EST,https://www.columbusga.org/sheriff/InmateSearch.htm,,STREET,CASEY,,m,black,51,1967,,2017-10-31,2017-10-31,,,,NO PROOF OF INSURANCE | NO STATE TAG,,,,,,,
Muscogee,2017-11-12 19:51:31 EST,https://www.columbusga.org/sheriff/InmateSearch.htm,,HARRIS,CORNELIUS,,m,black,29,1989,,2017-09-21,2017-10-31,,,,VIO.OF PROB.S.C.(RUMER),,,,,,,
Muscogee,2017-11-12 19:51:31 EST,https://www.columbusga.org/sheriff/InmateSearch.htm,,SEWARD,CYNTHIA,A,f,white,56,1962,,2017-10-31,2017-10-31,,,,THEFT BY SHOPLIFTING,,,,,,,
Muscogee,2017-11-12 19:51:31 EST,https://www.columbusga.org/sheriff/InmateSearch.htm,,MERRITT,DARECCO,,m,black,28,1990,,2017-10-25,2017-10-31,,,,"POSSESSION OF MARIJUANA, LESS THAN ONE OUNCE | POSSESSION AND USE OF DRUG RELATED OBJECTS | RECKLESS DRIVING | SELL,MANUFACTURE ANY CONTR.SUB W/INT TO DISTRIBUTE | VIO.OF PROB.REC.CT.(HUNTER)",,,,,,,
Muscogee,2017-11-12 19:51:31 EST,https://www.columbusga.org/sheriff/InmateSearch.htm,,THOMAS,DARNELLE,,m,black,36,1982,,2017-10-01,2017-10-31,,,,THEFT BY SHOPLIFTING | PUBLIC INDECENCY,,,,,,,
Muscogee,2017-11-12 19:51:31 EST,https://www.columbusga.org/sheriff/InmateSearch.htm,,DAVIS,DAVID,,m,black,64,1954,,2017-10-30,2017-10-31,,,,DISORDERLY WHILE INTOXICATED,,,,,,,
Muscogee,2017-11-12 19:51:31 EST,https://www.columbusga.org/sheriff/InmateSearch.htm,,LUMPKIN,ERVIN,J,m,black,53,1965,,2017-10-28,2017-10-31,,,,ENTER AN UNOCCUPIED DWELLING,,,,,,,
Muscogee,2017-11-12 19:51:31 EST,https://www.columbusga.org/sheriff/InmateSearch.htm,,GRIFFIN,HENRY,L,m,black,57,1961,,2017-10-26,2017-10-31,,,,CRIMINAL TRESPASS,,,,,,,
Muscogee,2017-11-12 19:51:31 EST,https://www.columbusga.org/sheriff/InmateSearch.htm,,REDDING,JAMARKEE,,m,black,27,1991,,2017-10-31,2017-10-31,,,,VIO.OF PROB.ST.CT.(PRATHER),,,,,,,
Muscogee,2017-11-12 19:51:31 EST,https://www.columbusga.org/sheriff/InmateSearch.htm,,WARE,JEFFREY,A,m,black,38,1980,,2017-10-31,2017-10-31,,,,SIMPLE BATTERY,,,,,,,
Muscogee,2017-11-12 19:51:31 EST,https://www.columbusga.org/sheriff/InmateSearch.htm,,BURKETT,KENNETH,E,m,white,64,1954,,2017-09-15,2017-10-31,,,,VIOLATION OF PAROLE | CRIMINAL TRESPASS,,,,,,,
Muscogee,2017-11-12 19:51:31 EST,https://www.columbusga.org/sheriff/InmateSearch.htm,,BROWN,KEVIN,,m,black,53,1965,,2017-07-25,2017-10-31,,,,"POSS, MANUFACTURE, DISTRIBUTION OF CONT. SUB | POSSESSION AND USE OF DRUG RELATED OBJECTS",,,,,,,
Muscogee,2017-11-12 19:51:31 EST,https://www.columbusga.org/sheriff/InmateSearch.htm,,LINDSAY,LATRONIA,,f,black,33,1985,,2017-10-30,2017-10-31,,,,THEFT BY SHOPLIFTING,,,,,,,
Muscogee,2017-11-12 19:51:31 EST,https://www.columbusga.org/sheriff/InmateSearch.htm,,SMALLEY,LEMUEL,,m,black,21,1997,,2017-10-30,2017-10-31,,,,DISORDERLY CONDUCT | CRIMINAL DAMAGE TO PROPERTY IN THE SECOND DEGREE | FALSE INFORMATION TO OFFICER CITY CODE,,,,,,,
Muscogee,2017-11-12 19:51:31 EST,https://www.columbusga.org/sheriff/InmateSearch.htm,,HOPKINS,MICHAEL,C,m,black,40,1978,,2017-10-25,2017-10-31,,,,BATTERY WITH PHYSICAL VISIBLE HARM,,,,,,,
Muscogee,2017-11-12 19:51:31 EST,https://www.columbusga.org/sheriff/InmateSearch.htm,,SLOCUMB,MICHEAL,E,m,black,55,1963,,2017-10-28,2017-10-31,,,,LOITERING,,,,,,,
Muscogee,2017-11-12 19:51:31 EST,https://www.columbusga.org/sheriff/InmateSearch.htm,,JOHNSON,ROBERT,S,m,white,42,1976,,2017-10-25,2017-10-31,,,,DRIVING UNDER THE INFLUENCE | SEAT BELT,,,,,,,
Muscogee,2017-11-12 19:51:31 EST,https://www.columbusga.org/sheriff/InmateSearch.htm,,RHODES,ROCKNEY,,m,white,41,1977,,2017-10-21,2017-10-31,,,,RAPE,,,,,,,
Muscogee,2017-11-12 19:51:31 EST,https://www.columbusga.org/sheriff/InmateSearch.htm,,GREENE,ROY,M,m,white,62,1956,,2017-10-31,2017-10-31,,,,INSURANCE PROOF | IMPROPER WINDSHIELD AND WINDSHIELD WIPERS,,,,,,,
Muscogee,2017-11-12 19:51:31 EST,https://www.columbusga.org/sheriff/InmateSearch.htm,,SMITH,RUSSELL,A,m,white,27,1991,,2017-10-26,2017-10-31,,,,SOLICITATION FOR CHARITY,,,,,,,
Muscogee,2017-11-12 19:51:31 EST,https://www.columbusga.org/sheriff/InmateSearch.htm,,WILSON,SAMANTHA,,f,white,30,1988,,2017-10-25,2017-10-31,,,,CRIMINAL TRESPASS,,,,,,,
Muscogee,2017-11-12 19:51:31 EST,https://www.columbusga.org/sheriff/InmateSearch.htm,,MAYNARD,SHARON,R,f,white,30,1988,,2017-10-19,2017-10-31,,,,THEFT BY TAKING,,,,,,,
Muscogee,2017-11-12 19:51:31 EST,https://www.columbusga.org/sheriff/InmateSearch.htm,,GARNER,SHELLY,D,f,white,51,1967,,2017-10-27,2017-10-31,,,,FAMILY VIOLENCE ORDER VIOLATION,,,,,,,
Muscogee,2017-11-12 19:51:31 EST,https://www.columbusga.org/sheriff/InmateSearch.htm,,MARRERO,SONIA,,f,white,52,1966,,2017-10-06,2017-10-31,,,,VIO.OF PROB.S.C.(ALLEN),,,,,,,
Muscogee,2017-11-12 19:51:31 EST,https://www.columbusga.org/sheriff/InmateSearch.htm,,WRIGHT,STEVEN,J,m,black,40,1978,,2017-08-15,2017-10-31,,,,VIOLATION OF PAROLE | VIO.OF PROB.S.C.(PETERS),,,,,,,
Muscogee,2017-11-12 19:51:31 EST,https://www.columbusga.org/sheriff/InmateSearch.htm,,HARRIS,SUSAN,,f,white,66,1952,,2017-10-29,2017-10-31,,,,CRIMINAL TRESPASS,,,,,,,
Muscogee,2017-11-12 19:51:31 EST,https://www.columbusga.org/sheriff/InmateSearch.htm,,DAVIS,TOMMY,,m,white,40,1978,,2017-08-06,2017-10-31,,,,DISORDERLY CONDUCT | SIMPLE BATTERY | OBSTRUCTION OF A LAW ENFORCEMENT OFFICER,,,,,,,
Muscogee,2017-11-12 19:51:31 EST,https://www.columbusga.org/sheriff/InmateSearch.htm,,JONES,TOMMY,L,m,black,61,1957,,2017-08-09,2017-10-31,,,,"SELL,MANUFACTURE ANY CONTR.SUB W/INT TO DISTRIBUTE",,,,,,,
Muscogee,2017-11-12 19:51:31 EST,https://www.columbusga.org/sheriff/InmateSearch.htm,,HIXSON,TYRA,B,f,black,20,1998,,2017-10-27,2017-10-31,,,,CONTEMPT OF COURT | DISORDERLY CONDUCT,,,,,,,
Muscogee,2017-11-12 19:51:31 EST,https://www.columbusga.org/sheriff/InmateSearch.htm,,COFFEY,VIRGINIA,J,f,white,62,1956,,2017-10-26,2017-10-31,,,,CRIMINAL TRESPASS | ENTER AN UNOCCUPIED DWELLING,,,,,,,
Muscogee,2017-11-12 19:51:31 EST,https://www.columbusga.org/sheriff/InmateSearch.htm,,EVANS,AMANDA,,f,white,32,1986,,2017-10-29,2017-10-30,,,,SIMPLE BATTERY,,,,,,,
Muscogee,2017-11-12 19:51:31 EST,https://www.columbusga.org/sheriff/InmateSearch.htm,,CHESSER,CHANCE,,m,white,23,1995,,2017-10-30,2017-10-30,,,,"POSSESSION OF MARIJUANA, LESS THAN ONE OUNCE | FAILURE TO GIVE SIGNAL",,,,,,,
Muscogee,2017-11-12 19:51:31 EST,https://www.columbusga.org/sheriff/InmateSearch.htm,,LEWIS,CHARLES,D,m,black,39,1979,,2017-10-27,2017-10-30,,,,VIO.OF PROB.S.C.(MCBRIDE),,,,,,,
Muscogee,2017-11-12 19:51:31 EST,https://www.columbusga.org/sheriff/InmateSearch.htm,,ROANOKES,COREY,M,m,black,39,1979,,2017-10-16,2017-10-30,,,,CRIMINAL TRESPASS | VIO.OF PROB.S.C.(MCBRIDE) | DISORDERLY CONDUCT,,,,,,,
Muscogee,2017-11-12 19:51:31 EST,https://www.columbusga.org/sheriff/InmateSearch.htm,,MITCHELL,DANIEL,M,m,white,34,1984,,2017-10-29,2017-10-30,,,,POSSESSION AND USE OF DRUG RELATED OBJECTS | DRUGS TO BE KEPT IN ORIGNAL CONTAINER | DUTY UPON STRIKING FIXTURE,,,,,,,
Muscogee,2017-11-12 19:51:31 EST,https://www.columbusga.org/sheriff/InmateSearch.htm,,WATSON,DARIUS,,m,black,33,1985,,2017-10-30,2017-10-30,,,,TAMPERING WITH EVIDENCE | FAILURE TO MAINTAIN LANE,,,,,,,
Muscogee,2017-11-12 19:51:31 EST,https://www.columbusga.org/sheriff/InmateSearch.htm,,AUSTIN,DEJA,,f,black,23,1995,,2017-10-29,2017-10-30,,,,"POSSESSION OF MARIJUANA, LESS THAN ONE OUNCE",,,,,,,
Muscogee,2017-11-12 19:51:31 EST,https://www.columbusga.org/sheriff/InmateSearch.htm,,MILLER,HOWARD,K,m,white,42,1976,,2017-08-29,2017-10-30,,,,VIO.OF PROB.S.C.(GOTTFRIED),,,,,,,
Muscogee,2017-11-12 19:51:31 EST,https://www.columbusga.org/sheriff/InmateSearch.htm,,JONES,JAMES,,m,white,38,1980,,2017-10-30,2017-10-30,,,,DRIVING WHILE LICENSE SUSPENDED OR REVOKED | STOP SIGN,,,,,,,
Muscogee,2017-11-12 19:51:31 EST,https://www.columbusga.org/sheriff/InmateSearch.htm,,SONNENSCHEIN,JEREMY,A,m,white,25,1993,,2017-08-10,2017-10-30,,,,VIO. OF PROB.S.C.,,,,,,,
Muscogee,2017-11-12 19:51:31 EST,https://www.columbusga.org/sheriff/InmateSearch.htm,,HARRIS,KATHRYN,,f,black,21,1997,,2017-10-25,2017-10-30,,,,"GIVING FALSE NAME, ADDRESS OR DOB TO OFFICER | VIO.OF PROB.REC.CT.(HUNTER) | STOP SIGN",,,,,,,
Muscogee,2017-11-12 19:51:31 EST,https://www.columbusga.org/sheriff/InmateSearch.htm,,RATCLIFF,LEAH,,f,black,30,1988,,2017-10-29,2017-10-30,,,,OBSTRUCTION OF A LAW ENFORCEMENT OFFICER | VEHICLE W/O REVALIDATION DECAL ON LIC.PLATE,,,,,,,
Muscogee,2017-11-12 19:51:31 EST,https://www.columbusga.org/sheriff/InmateSearch.htm,,MCCRARY,LEON,,m,black,54,1964,,2017-10-29,2017-10-30,,,,POSSESSION AND USE OF DRUG RELATED OBJECTS,,,,,,,
Muscogee,2017-11-12 19:51:31 EST,https://www.columbusga.org/sheriff/InmateSearch.htm,,STANFORD,LORENZO,,m,black,58,1960,,2017-09-05,2017-10-30,,,,THEFT BY SHOPLIFTING,,,,,,,
Muscogee,2017-11-12 19:51:31 EST,https://www.columbusga.org/sheriff/InmateSearch.htm,,MCALLISTER,NAKYLIA,,f,black,31,1987,,2017-10-07,2017-10-30,,,,CHILD RESTRAINT | NO STATE TAG | TOO FAST FOR CONDITIONS | NO PROOF OF INSURANCE | FAILURE TO MAINTAIN LANE,,,,,,,
Muscogee,2017-11-12 19:51:31 EST,https://www.columbusga.org/sheriff/InmateSearch.htm,,ALLEN,NIKITA,D,m,black,31,1987,,2017-10-29,2017-10-30,,,,OBSTRUCTION OF A LAW ENFORCEMENT OFFICER | DISORDERLY CONDUCT,,,,,,,
Muscogee,2017-11-12 19:51:31 EST,https://www.columbusga.org/sheriff/InmateSearch.htm,,JOHNSON,PORCHA'E,,f,black,28,1990,,2017-10-30,2017-10-30,,,,HOLD FOR RICHLAND PD,,,,,,,
Muscogee,2017-11-12 19:51:31 EST,https://www.columbusga.org/sheriff/InmateSearch.htm,,REMBERT,RAHIM,,m,black,27,1991,,2017-10-30,2017-10-30,,,,"POSSESSION OF MARIJUANA, LESS THAN ONE OUNCE | OPEN CONTAINER PASSENGER",,,,,,,
Muscogee,2017-11-12 19:51:31 EST,https://www.columbusga.org/sheriff/InmateSearch.htm,,HALL,RAYMOND,,m,black,36,1982,,2017-10-26,2017-10-30,,,,FUGITIVE FROM JUSTICE (ALABAMA),,,,,,,
Muscogee,2017-11-12 19:51:31 EST,https://www.columbusga.org/sheriff/InmateSearch.htm,,HICKS,RODGERICK,,m,black,24,1994,,2016-10-28,2017-10-30,,,,"POSSESSION OF MARIJUANA, LESS THAN ONE OUNCE | SELL,MANUFACTURE ANY CONTR.SUB W/INT TO DISTRIBUTE | VIO.OF PROB.S.C.(MULLINS) | POSSESSION AND USE OF DRUG RELATED OBJECTS",,,,,,,
Muscogee,2017-11-12 19:51:31 EST,https://www.columbusga.org/sheriff/InmateSearch.htm,,MOZEE,ROSALIND,,f,black,37,1981,,2017-09-14,2017-10-30,,,,CRIMINAL TRESPASS | VIO.OF PROB.S.C.(PETERS) | POSSESSION AND USE OF DRUG RELATED OBJECTS,,,,,,,
Muscogee,2017-11-12 19:51:31 EST,https://www.columbusga.org/sheriff/InmateSearch.htm,,DEAN,SHANTAL,L,f,black,27,1991,,2017-10-28,2017-10-30,,,,"POSSESSION OF MARIJUANA, LESS THAN ONE OUNCE | VIO.OF PROB.REC.CT.(JOYNER) | LIGHTS REQUIRED",,,,,,,
Muscogee,2017-11-12 19:51:31 EST,https://www.columbusga.org/sheriff/InmateSearch.htm,,POLLARD,SHAQUORIA,,f,black,24,1994,,2017-10-30,2017-10-30,,,,TOO FAST FOR CONDITIONS | FAILURE TO MAINTAIN LANE,,,,,,,
Muscogee,2017-11-12 19:51:31 EST,https://www.columbusga.org/sheriff/InmateSearch.htm,,LAMB,TERRY,,m,black,36,1982,,2017-09-26,2017-10-30,,,,FAILURE TO REGISTER AS A STATE SEX OFFENDER,,,,,,,
Muscogee,2017-11-12 19:51:31 EST,https://www.columbusga.org/sheriff/InmateSearch.htm,,MICHEL,TIMOTHY,B,m,white,43,1975,,2017-10-30,2017-10-30,,,,THEFT BY TAKING,,,,,,,
Muscogee,2017-11-12 19:51:31 EST,https://www.columbusga.org/sheriff/InmateSearch.htm,,WHITEHEAD,TOMMY,,m,white,52,1966,,2017-10-29,2017-10-30,,,,DRIVING WHILE LICENSE SUSPENDED OR REVOKED | NO STATE TAG,,,,,,,
Muscogee,2017-11-12 19:51:31 EST,https://www.columbusga.org/sheriff/InmateSearch.htm,,TEAL,TYLER,,m,black,19,1999,,2017-08-25,2017-10-30,,,,AGGRAVATED ASSAULT | MURDER,,,,,,,
Muscogee,2017-11-12 19:51:31 EST,https://www.columbusga.org/sheriff/InmateSearch.htm,,RICCI,ALFRED,,m,white,29,1989,,2017-10-29,2017-10-29,,,,DUI ALCOHOL LESS SAFE | FAILURE TO MAINTAIN LANE,,,,,,,
Muscogee,2017-11-12 19:51:31 EST,https://www.columbusga.org/sheriff/InmateSearch.htm,,DAVIS,ANDRA,,m,black,20,1998,,2017-10-28,2017-10-29,,,,DISORDERLY CONDUCT,,,,,,,
Muscogee,2017-11-12 19:51:31 EST,https://www.columbusga.org/sheriff/InmateSearch.htm,,TERRY,ARKEE,,m,black,34,1984,,2017-10-29,2017-10-29,,,,"POSSESSION OF MARIJUANA, LESS THAN ONE OUNCE",,,,,,,
Muscogee,2017-11-12 19:51:31 EST,https://www.columbusga.org/sheriff/InmateSearch.htm,,TERRY,CHARLES,,m,black,34,1984,,2017-10-29,2017-10-29,,,,OPEN CONTAINER ALCOHOLIC BEVERAGE OPERATING VEHICL | POSSESSION OF FIREARM BY CONVICTED FELON | THEFT BY RECEIVING STOLEN PROPERTY | EXCESSIVE TINT,,,,,,,
Muscogee,2017-11-12 19:51:31 EST,https://www.columbusga.org/sheriff/InmateSearch.htm,,BENOIT,CHRISTA,D,f,white,25,1993,,2017-10-29,2017-10-29,,,,DRIVING UNDER THE INFLUENCE | FAILURE TO MAINTAIN LANE,,,,,,,
Muscogee,2017-11-12 19:51:31 EST,https://www.columbusga.org/sheriff/InmateSearch.htm,,JONES,DERRICK,,m,black,35,1983,,2017-10-29,2017-10-29,,,,DISORDERLY CONDUCT,,,,,,,
Muscogee,2017-11-12 19:51:31 EST,https://www.columbusga.org/sheriff/InmateSearch.htm,,CHALKLEY,DON,A,m,white,32,1986,,2017-10-29,2017-10-29,,,,LIGHTS REQUIRED | SPEEDING | FAILURE TO MAINTAIN LANE,,,,,,,
Muscogee,2017-11-12 19:51:31 EST,https://www.columbusga.org/sheriff/InmateSearch.htm,,JOHNSON,GERYL,C,m,black,33,1985,,2017-10-29,2017-10-29,,,,DUI ALCOHOL LESS SAFE | FAILURE TO MAINTAIN LANE,,,,,,,
Muscogee,2017-11-12 19:51:31 EST,https://www.columbusga.org/sheriff/InmateSearch.htm,,BATES,JAQUINTON,R,m,black,19,1999,,2017-10-29,2017-10-29,,,,"IMPROPER BRAKE LIGHTS | POSSESSION OF MARIJUANA, LESS THAN ONE OUNCE | FAILURE TO MAINTAIN LANE",,,,,,,
Muscogee,2017-11-12 19:51:31 EST,https://www.columbusga.org/sheriff/InmateSearch.htm,,JUSTICE,JASMINE,L,f,black,29,1989,,2017-10-29,2017-10-29,,,,DUI ALCOHOL LESS SAFE | FAILURE TO MAINTAIN LANE,,,,,,,
Muscogee,2017-11-12 19:51:31 EST,https://www.columbusga.org/sheriff/InmateSearch.htm,,BELLO,KILVER,,m,white,31,1987,,2017-10-29,2017-10-29,,,,OPEN CONTAINER ALCOHOLIC BEVERAGE OPERATING VEHICL | NO STATE DRIVERS LICENSE | IMPROPER TAIL LIGHTS,,,,,,,
Muscogee,2017-11-12 19:51:31 EST,https://www.columbusga.org/sheriff/InmateSearch.htm,,SMITH,LANORRIS,D,m,black,21,1997,,2017-09-29,2017-10-29,,,,"PEDESTRIAN, DRIVER FAILURE TO EXERCISE DUE CARE | TOO FAST FOR CONDITIONS | RECKLESS DRIVING | STRIKING A FIXED OBJECT | FAILURE TO MAINTAIN LANE",,,,,,,
Muscogee,2017-11-12 19:51:31 EST,https://www.columbusga.org/sheriff/InmateSearch.htm,,GAULTNEY,LESLEY,,f,white,35,1983,,2017-10-29,2017-10-29,,,,SIMPLE BATTERY,,,,,,,
Muscogee,2017-11-12 19:51:31 EST,https://www.columbusga.org/sheriff/InmateSearch.htm,,MICKLES,MARQUEZ,D,m,black,20,1998,,2016-10-29,2017-10-29,,,,THEFT BY RECEIVING STOLEN PROPERTY | POSSESSION OF FIREARM OR KNIFE DURING COMMISSION C | OBSTRUCTION OF A LAW ENFORCEMENT OFFICER,,,,,,,
Muscogee,2017-11-12 19:51:31 EST,https://www.columbusga.org/sheriff/InmateSearch.htm,,BUTTLE,MICHAEL,R,m,white,37,1981,,2017-10-29,2017-10-29,,,,"POSSESSION OF MARIJUANA, LESS THAN ONE OUNCE",,,,,,,
Muscogee,2017-11-12 19:51:31 EST,https://www.columbusga.org/sheriff/InmateSearch.htm,,MCLENDON,RICHARD,,m,black,53,1965,,2017-10-29,2017-10-29,,,,DRIVING WHILE LICENSE SUSPENDED OR REVOKED | FAILURE TO HAVE TAG ILLUMINATED,,,,,,,
Muscogee,2017-11-12 19:51:31 EST,https://www.columbusga.org/sheriff/InmateSearch.htm,,JOHNSON,SHEVERONIQU,,f,black,25,1993,,2017-10-29,2017-10-29,,,,"POSSESSION AND USE OF DRUG RELATED OBJECTS | POSSESSION OF MARIJUANA, LESS THAN ONE OUNCE",,,,,,,
Muscogee,2017-11-12 19:51:31 EST,https://www.columbusga.org/sheriff/InmateSearch.htm,,HIXSON,TRAVIS,,m,black,34,1984,,2017-10-29,2017-10-29,,,,THEFT BY RECEIVING STOLEN PROPERTY | POSSESSION OF FIREARM BY CONVICTED FELON,,,,,,,
Muscogee,2017-11-12 19:51:31 EST,https://www.columbusga.org/sheriff/InmateSearch.htm,,DEPEW,WADE,T,m,white,20,1998,,2017-10-29,2017-10-29,,,,MINOR IN POSSESSION OF ALCOHOL | PERSON UNDER AGE OF 21 DUI | FAILURE TO MAINTAIN LANE,,,,,,,
